2016-02-13,10:55:55.205,22.43682684
2016-02-13,10:56:25.722,22.43655369
2016-02-13,10:56:26.722,22.43653418
2016-02-13,10:56:27.723,22.43652954
2016-02-13,10:56:28.723,22.43652654
2016-02-13,10:56:29.723,22.43652243
2016-02-13,10:56:30.721,22.4365009
2016-02-13,10:56:31.724,22.43649841
2016-02-13,10:56:32.722,22.43647573
2016-02-13,10:56:33.722,22.43648208
2016-02-13,10:56:34.723,22.43647349
2016-02-13,10:56:35.724,22.43646997
2016-02-13,10:56:36.723,22.4364631
2016-02-13,10:56:37.722,22.43645579
2016-02-13,10:56:38.721,22.4364499
2016-02-13,10:56:39.721,22.43644877
2016-02-13,10:56:40.722,22.4364442
2016-02-13,10:56:41.722,22.43644367
2016-02-13,10:56:42.722,22.43644152
2016-02-13,10:56:43.724,22.43643281
2016-02-13,10:56:44.723,22.43642708
2016-02-13,10:56:45.723,22.43642319
2016-02-13,10:56:46.723,22.4364157
2016-02-13,10:56:47.723,22.43640611
2016-02-13,10:56:48.723,22.43639647
2016-02-13,10:56:49.723,22.4363882
2016-02-13,10:56:50.723,22.4363805
2016-02-13,10:56:51.723,22.43636978
2016-02-13,10:56:52.724,22.43636185
2016-02-13,10:56:53.724,22.43635248
2016-02-13,10:56:54.722,22.43634336
2016-02-13,10:56:55.724,22.43633324
2016-02-13,10:56:56.722,22.43631933
2016-02-13,10:56:57.722,22.43630756
2016-02-13,10:56:58.725,22.43629961
2016-02-13,10:56:59.724,22.43629131
2016-02-13,10:57:00.723,22.43628303
2016-02-13,10:57:01.723,22.43627605
2016-02-13,10:57:02.721,22.43626816
2016-02-13,10:57:03.722,22.43625996
2016-02-13,10:57:04.722,22.43625157
2016-02-13,10:57:05.722,22.43624375
2016-02-13,10:57:06.723,22.43623749
2016-02-13,10:57:07.723,22.43623049
2016-02-13,10:57:08.723,22.43622384
2016-02-13,10:57:09.722,22.43621579
2016-02-13,10:57:10.722,22.4362118
2016-02-13,10:57:11.724,22.43621038
2016-02-13,10:57:12.722,22.43620952
2016-02-13,10:57:13.723,22.43620892
2016-02-13,10:57:14.724,22.43621008
2016-02-13,10:57:15.723,22.43621482
2016-02-13,10:57:16.724,22.43622213
2016-02-13,10:57:17.723,22.43622935
2016-02-13,10:57:18.723,22.43623715
2016-02-13,10:57:19.722,22.43624396
2016-02-13,10:57:20.722,22.43625162
2016-02-13,10:57:21.725,22.43625712
2016-02-13,10:57:22.723,22.43625978
2016-02-13,10:57:23.725,22.43626591
2016-02-13,10:57:24.723,22.43627284
2016-02-13,10:57:25.723,22.43627979
2016-02-13,10:57:26.724,22.43628711
2016-02-13,10:57:27.724,22.4362941
2016-02-13,10:57:28.721,22.43630159
2016-02-13,10:57:29.723,22.43630657
2016-02-13,10:57:30.722,22.43631168
2016-02-13,10:57:31.722,22.43631541
2016-02-13,10:57:32.725,22.43631956
2016-02-13,10:57:33.723,22.43632373
2016-02-13,10:57:34.723,22.43632434
2016-02-13,10:57:35.724,22.43632332
2016-02-13,10:57:36.724,22.43632516
2016-02-13,10:57:37.723,22.43632969
2016-02-13,10:57:38.723,22.43633255
2016-02-13,10:57:39.722,22.43633655
2016-02-13,10:57:40.769,22.43634125
2016-02-13,10:57:41.723,22.43634415
2016-02-13,10:57:42.724,22.43634734
2016-02-13,10:57:43.724,22.4363502
2016-02-13,10:57:44.723,22.4363558
2016-02-13,10:57:45.723,22.43636336
2016-02-13,10:57:46.726,22.43637038
2016-02-13,10:57:47.723,22.43637816
2016-02-13,10:57:48.723,22.43637907
2016-02-13,10:57:49.724,22.43637942
2016-02-13,10:57:50.723,22.43638127
2016-02-13,10:57:51.723,22.43638391
2016-02-13,10:57:52.721,22.43638742
2016-02-13,10:57:53.723,22.43638934
2016-02-13,10:57:54.723,22.43639239
2016-02-13,10:57:55.723,22.43639368
2016-02-13,10:57:56.724,22.4363946
2016-02-13,10:57:57.722,22.43639398
2016-02-13,10:57:58.722,22.43639231
2016-02-13,10:57:59.724,22.43639388
2016-02-13,10:58:00.723,22.43639941
2016-02-13,10:58:01.723,22.43640368
2016-02-13,10:58:02.723,22.43640764
2016-02-13,10:58:03.725,22.43641122
2016-02-13,10:58:04.724,22.43641444
2016-02-13,10:58:05.726,22.43641729
2016-02-13,10:58:06.724,22.43642096
2016-02-13,10:58:07.723,22.43642438
2016-02-13,10:58:08.723,22.43643241
2016-02-13,10:58:09.723,22.43644181
2016-02-13,10:58:10.725,22.43645184
2016-02-13,10:58:11.724,22.43645914
2016-02-13,10:58:12.723,22.43646628
2016-02-13,10:58:13.724,22.4364741
2016-02-13,10:58:14.725,22.43648425
2016-02-13,10:58:15.724,22.43649007
2016-02-13,10:58:16.724,22.43649355
2016-02-13,10:58:17.724,22.43649422
2016-02-13,10:58:18.723,22.43649251
2016-02-13,10:58:19.723,22.43649211
2016-02-13,10:58:20.722,22.43649062
2016-02-13,10:58:21.724,22.43649118
2016-02-13,10:58:22.725,22.436487
2016-02-13,10:58:23.726,22.43648509
2016-02-13,10:58:24.724,22.4364836
2016-02-13,10:58:25.725,22.43648459
2016-02-13,10:58:26.725,22.43648636
2016-02-13,10:58:27.724,22.43649303
2016-02-13,10:58:28.726,22.43649595
2016-02-13,10:58:29.723,22.43649989
2016-02-13,10:58:30.723,22.43650499
2016-02-13,10:58:31.724,22.43651189
2016-02-13,10:58:32.724,22.43651779
2016-02-13,10:58:33.725,22.43652329
2016-02-13,10:58:34.726,22.43652824
2016-02-13,10:58:35.726,22.43653424
2016-02-13,10:58:36.726,22.43653755
2016-02-13,10:58:37.722,22.43653831
2016-02-13,10:58:38.726,22.43653755
2016-02-13,10:58:39.722,22.4365331
2016-02-13,10:58:40.757,22.43652712
2016-02-13,10:58:41.728,22.436518
2016-02-13,10:58:42.727,22.43650506
2016-02-13,10:58:43.730,22.43648778
2016-02-13,10:58:44.724,22.43646448
2016-02-13,10:58:45.725,22.43643891
2016-02-13,10:58:46.722,22.43641168
2016-02-13,10:58:47.759,22.43638721
2016-02-13,10:58:49.141,22.43635884
2016-02-13,10:58:50.769,22.43630773
2016-02-13,10:58:51.723,22.43627973
2016-02-13,10:58:52.725,22.43625383
2016-02-13,10:58:53.723,22.43623103
2016-02-13,10:58:54.724,22.4362067
2016-02-13,10:58:55.723,22.43618632
2016-02-13,10:58:56.730,22.43616421
2016-02-13,10:58:57.727,22.43614306
2016-02-13,10:58:58.722,22.43612255
2016-02-13,10:58:59.723,22.43609956
2016-02-13,10:59:00.730,22.43608244
2016-02-13,10:59:01.732,22.43606158
2016-02-13,10:59:02.731,22.43604289
2016-02-13,10:59:03.726,22.43602113
2016-02-13,10:59:04.730,22.43600457
2016-02-13,10:59:05.724,22.43598123
2016-02-13,10:59:06.725,22.43596509
2016-02-13,10:59:07.730,22.43594466
2016-02-13,10:59:08.725,22.43592154
2016-02-13,10:59:09.730,22.43590872
2016-02-13,10:59:10.723,22.43588834
2016-02-13,10:59:11.724,22.43586816
2016-02-13,10:59:12.730,22.43584445
2016-02-13,10:59:13.721,22.43582173
2016-02-13,10:59:14.729,22.43579975
2016-02-13,10:59:15.723,22.43577487
2016-02-13,10:59:16.723,22.43575128
2016-02-13,10:59:17.721,22.43572817
2016-02-13,10:59:18.730,22.43570395
2016-02-13,10:59:19.733,22.43568113
2016-02-13,10:59:20.731,22.43565721
2016-02-13,10:59:21.723,22.43563568
2016-02-13,10:59:22.730,22.43561386
2016-02-13,10:59:23.725,22.43559095
2016-02-13,10:59:24.722,22.43556915
2016-02-13,10:59:25.728,22.43554835
2016-02-13,10:59:26.730,22.43552709
2016-02-13,10:59:27.721,22.43550614
2016-02-13,10:59:28.731,22.43548741
2016-02-13,10:59:29.724,22.43546598
2016-02-13,10:59:30.723,22.43544517
2016-02-13,10:59:31.721,22.43542243
2016-02-13,10:59:32.740,22.43539978
2016-02-13,10:59:33.821,22.4353768
2016-02-13,10:59:34.809,22.43535953
2016-02-13,10:59:35.812,22.43533797
2016-02-13,10:59:36.731,22.43532112
2016-02-13,10:59:37.726,22.43529916
2016-02-13,10:59:38.722,22.43527776
2016-02-13,10:59:39.726,22.43525839
2016-02-13,10:59:40.721,22.43523581
2016-02-13,10:59:41.729,22.4352182
2016-02-13,10:59:42.730,22.43519567
2016-02-13,10:59:43.731,22.43517675
2016-02-13,10:59:44.732,22.43515426
2016-02-13,10:59:45.724,22.43513314
2016-02-13,10:59:46.723,22.43511482
2016-02-13,10:59:47.731,22.43509533
2016-02-13,10:59:48.731,22.43507394
2016-02-13,10:59:49.731,22.43505343
2016-02-13,10:59:50.732,22.43503531
2016-02-13,10:59:51.729,22.43501413
2016-02-13,10:59:52.729,22.434999
2016-02-13,10:59:53.722,22.43498065
2016-02-13,10:59:54.729,22.43496487
2016-02-13,10:59:55.732,22.4349457
2016-02-13,10:59:56.726,22.43492801
2016-02-13,10:59:57.723,22.43490746
2016-02-13,10:59:58.730,22.43489065
2016-02-13,10:59:59.723,22.43487213
2016-02-13,11:00:00.724,22.43485089
2016-02-13,11:00:01.763,22.43483332
2016-02-13,11:00:04.898,22.43479154
2016-02-13,11:00:06.734,22.43476045
2016-02-13,11:00:07.732,22.4347476
2016-02-13,11:00:08.732,22.43473293
2016-02-13,11:00:09.724,22.43471839
2016-02-13,11:00:10.729,22.43470487
2016-02-13,11:00:11.732,22.4346873
2016-02-13,11:00:12.732,22.43467047
2016-02-13,11:00:14.773,22.43463355
2016-02-13,11:00:15.722,22.43461139
2016-02-13,11:00:16.729,22.43458842
2016-02-13,11:00:17.724,22.43456933
2016-02-13,11:00:18.721,22.43454117
2016-02-13,11:00:19.724,22.43451935
2016-02-13,11:00:20.732,22.43450022
2016-02-13,11:00:21.726,22.43448171
2016-02-13,11:00:22.730,22.43446286
2016-02-13,11:00:23.723,22.43444429
2016-02-13,11:00:24.731,22.43442045
2016-02-13,11:00:25.725,22.43440021
2016-02-13,11:00:26.723,22.43438142
2016-02-13,11:00:27.726,22.43436259
2016-02-13,11:00:28.732,22.43434121
2016-02-13,11:00:29.732,22.43431945
2016-02-13,11:00:30.732,22.43429511
2016-02-13,11:00:31.732,22.43427239
2016-02-13,11:00:32.758,22.43424886
2016-02-13,11:00:33.727,22.43422354
2016-02-13,11:00:34.729,22.43419834
2016-02-13,11:00:35.732,22.43417297
2016-02-13,11:00:36.734,22.43414768
2016-02-13,11:00:37.727,22.43412695
2016-02-13,11:00:39.676,22.43409664
2016-02-13,11:00:39.812,22.43407547
2016-02-13,11:00:40.721,22.43405589
2016-02-13,11:00:41.725,22.43403196
2016-02-13,11:00:42.724,22.43401122
2016-02-13,11:00:43.724,22.43398651
2016-02-13,11:00:44.724,22.43396679
2016-02-13,11:00:45.756,22.43394271
2016-02-13,11:00:46.731,22.43392267
2016-02-13,11:00:47.735,22.43390307
2016-02-13,11:00:48.724,22.43388313
2016-02-13,11:00:49.726,22.43385777
2016-02-13,11:00:50.725,22.43383588
2016-02-13,11:00:51.730,22.43381314
2016-02-13,11:00:52.733,22.43379304
2016-02-13,11:01:24.726,22.43336902
2016-02-13,11:01:25.724,22.43333948
2016-02-13,11:01:26.731,22.43331053
2016-02-13,11:01:27.732,22.4332909
2016-02-13,11:01:28.725,22.4332717
2016-02-13,11:01:29.724,22.43325382
2016-02-13,11:01:30.726,22.43323737
2016-02-13,11:01:31.727,22.43322107
2016-02-13,11:01:32.725,22.43320412
2016-02-13,11:01:33.723,22.4331856
2016-02-13,11:01:34.724,22.43316782
2016-02-13,11:01:35.726,22.4331506
2016-02-13,11:01:36.725,22.43313206
2016-02-13,11:01:37.724,22.43311246
2016-02-13,11:01:38.725,22.43309615
2016-02-13,11:01:39.725,22.43307975
2016-02-13,11:01:40.724,22.43306423
2016-02-13,11:01:41.722,22.4330468
2016-02-13,11:01:42.723,22.43303151
2016-02-13,11:01:43.729,22.43301786
2016-02-13,11:01:44.724,22.43300386
2016-02-13,11:01:45.753,22.43299526
2016-02-13,11:01:46.724,22.43298172
2016-02-13,11:01:47.722,22.43296588
2016-02-13,11:01:48.723,22.43295208
2016-02-13,11:01:49.721,22.43293956
2016-02-13,11:01:50.729,22.43292382
2016-02-13,11:01:51.724,22.43290837
2016-02-13,11:01:53.240,22.4328939
2016-02-13,11:01:54.726,22.43286688
2016-02-13,11:01:55.733,22.43285284
2016-02-13,11:01:56.725,22.43284169
2016-02-13,11:01:57.752,22.43282828
2016-02-13,11:01:58.731,22.43281044
2016-02-13,11:01:59.730,22.43279203
2016-02-13,11:02:00.722,22.43277633
2016-02-13,11:02:01.728,22.43275278
2016-02-13,11:02:02.726,22.4327347
2016-02-13,11:02:03.731,22.43271415
2016-02-13,11:02:04.723,22.43269296
2016-02-13,11:02:05.731,22.43267353
2016-02-13,11:02:06.730,22.4326556
2016-02-13,11:02:07.731,22.43263893
2016-02-13,11:02:08.728,22.43262425
2016-02-13,11:02:09.723,22.43260782
2016-02-13,11:02:10.724,22.43259341
2016-02-13,11:02:11.723,22.43257539
2016-02-13,11:02:12.725,22.43256327
2016-02-13,11:02:13.731,22.4325483
2016-02-13,11:02:14.724,22.43253185
2016-02-13,11:02:15.732,22.4325161
2016-02-13,11:02:16.732,22.43249827
2016-02-13,11:02:17.732,22.43248132
2016-02-13,11:02:18.726,22.43246646
2016-02-13,11:02:19.756,22.4324494
2016-02-13,11:02:20.733,22.43243548
2016-02-13,11:02:21.732,22.43242303
2016-02-13,11:02:22.732,22.43241131
2016-02-13,11:02:23.732,22.43239771
2016-02-13,11:02:24.723,22.43238037
2016-02-13,11:02:25.723,22.43236502
2016-02-13,11:02:26.723,22.43234003
2016-02-13,11:02:27.812,22.43232033
2016-02-13,11:02:28.730,22.43230342
2016-02-13,11:02:29.733,22.43228447
2016-02-13,11:02:30.729,22.43226714
2016-02-13,11:02:31.731,22.43225299
2016-02-13,11:02:32.775,22.43223525
2016-02-13,11:02:33.749,22.43222112
2016-02-13,11:02:34.726,22.43220958
2016-02-13,11:02:35.730,22.43219388
2016-02-13,11:02:36.726,22.43217599
2016-02-13,11:02:37.731,22.43216037
2016-02-13,11:02:38.736,22.43214524
2016-02-13,11:02:39.726,22.43212788
2016-02-13,11:02:40.724,22.43211638
2016-02-13,11:02:41.726,22.43210593
2016-02-13,11:02:42.727,22.43209401
2016-02-13,11:02:43.725,22.43208275
2016-02-13,11:02:44.726,22.43206843
2016-02-13,11:02:45.724,22.43205394
2016-02-13,11:02:46.725,22.43203691
2016-02-13,11:02:47.724,22.43202044
2016-02-13,11:02:48.725,22.43200345
2016-02-13,11:02:49.727,22.43198524
2016-02-13,11:02:51.025,22.43197014
2016-02-13,11:02:52.688,22.43195427
2016-02-13,11:02:52.724,22.43193622
2016-02-13,11:02:55.063,22.43192027
2016-02-13,11:02:55.098,22.43190112
2016-02-13,11:02:55.722,22.43188208
2016-02-13,11:02:58.009,22.43186173
2016-02-13,11:02:58.116,22.4318418
2016-02-13,11:02:58.722,22.43182434
2016-02-13,11:02:59.948,22.43180705
2016-02-13,11:03:01.579,22.43178955
2016-02-13,11:03:03.398,22.43177256
2016-02-13,11:03:03.407,22.43175544
2016-02-13,11:03:03.732,22.43173883
2016-02-13,11:03:04.723,22.43172141
2016-02-13,11:03:05.734,22.43170522
2016-02-13,11:03:06.723,22.43169156
2016-02-13,11:03:07.723,22.43167236
2016-02-13,11:03:08.734,22.43165823
2016-02-13,11:03:09.728,22.43164029
2016-02-13,11:03:10.733,22.43162392
2016-02-13,11:03:11.731,22.43160953
2016-02-13,11:03:12.748,22.43159217
2016-02-13,11:03:13.746,22.43157425
2016-02-13,11:03:14.749,22.43155703
2016-02-13,11:03:15.757,22.43154072
2016-02-13,11:03:16.746,22.43152248
2016-02-13,11:03:17.742,22.43150674
2016-02-13,11:03:18.730,22.43149023
2016-02-13,11:03:19.758,22.43147517
2016-02-13,11:03:20.775,22.43145881
2016-02-13,11:03:22.018,22.43144352
2016-02-13,11:03:22.753,22.43142745
2016-02-13,11:03:23.738,22.43141126
2016-02-13,11:03:24.744,22.43139881
2016-02-13,11:03:25.759,22.43138502
2016-02-13,11:03:26.739,22.43136986
2016-02-13,11:03:27.739,22.43135386
2016-02-13,11:03:28.755,22.43133556
2016-02-13,11:03:29.750,22.43131653
2016-02-13,11:03:30.732,22.4312983
2016-02-13,11:03:31.747,22.43128009
2016-02-13,11:03:32.753,22.4312615
2016-02-13,11:03:33.756,22.43124335
2016-02-13,11:03:34.745,22.43122864
2016-02-13,11:03:35.763,22.43121163
2016-02-13,11:03:36.752,22.43119023
2016-02-13,11:03:37.743,22.43117441
2016-02-13,11:03:38.750,22.43115505
2016-02-13,11:03:39.750,22.43113631
2016-02-13,11:03:40.755,22.4311184
2016-02-13,11:03:41.731,22.43110404
2016-02-13,11:03:42.767,22.43108707
2016-02-13,11:03:43.780,22.43107204
2016-02-13,11:03:44.737,22.4310567
2016-02-13,11:03:45.758,22.43104229
2016-02-13,11:03:46.749,22.43102819
2016-02-13,11:03:47.744,22.43100825
2016-02-13,11:03:48.745,22.4309929
2016-02-13,11:03:49.759,22.43097536
2016-02-13,11:03:50.747,22.43096145
2016-02-13,11:03:51.750,22.4309472
2016-02-13,11:03:52.756,22.4309345
2016-02-13,11:03:53.771,22.43092066
2016-02-13,11:03:54.738,22.43090684
2016-02-13,11:03:55.738,22.43089286
2016-02-13,11:03:56.750,22.43087553
2016-02-13,11:03:57.736,22.43086117
2016-02-13,11:03:58.782,22.43084743
2016-02-13,11:03:59.732,22.43083619
2016-02-13,11:04:00.752,22.43082619
2016-02-13,11:04:01.746,22.43081646
2016-02-13,11:04:02.750,22.43080693
2016-02-13,11:04:03.751,22.43079828
2016-02-13,11:04:04.756,22.43079096
2016-02-13,11:04:05.754,22.43078273
2016-02-13,11:04:06.756,22.43077457
2016-02-13,11:04:07.764,22.43076505
2016-02-13,11:04:08.763,22.4307541
2016-02-13,11:04:09.751,22.43073781
2016-02-13,11:04:10.781,22.4307266
2016-02-13,11:04:11.754,22.43071344
2016-02-13,11:04:12.763,22.43070322
2016-02-13,11:04:13.768,22.43069474
2016-02-13,11:04:14.756,22.43068487
2016-02-13,11:04:15.753,22.43067614
2016-02-13,11:04:16.774,22.43066529
2016-02-13,11:04:17.748,22.43065469
2016-02-13,11:04:18.760,22.43064662
2016-02-13,11:04:19.742,22.43063839
2016-02-13,11:04:20.761,22.43063158
2016-02-13,11:04:21.749,22.43062444
2016-02-13,11:04:22.749,22.4306151
2016-02-13,11:04:23.788,22.43061486
2016-02-13,11:04:24.774,22.43060907
2016-02-13,11:04:25.775,22.43059803
2016-02-13,11:04:26.749,22.43058628
2016-02-13,11:04:27.730,22.43057224
2016-02-13,11:04:28.775,22.43055983
2016-02-13,11:04:29.741,22.43054922
2016-02-13,11:04:30.770,22.43053774
2016-02-13,11:04:31.784,22.43052752
2016-02-13,11:04:32.756,22.43051347
2016-02-13,11:04:33.754,22.4304994
2016-02-13,11:04:34.731,22.43048788
2016-02-13,11:04:35.760,22.43047002
2016-02-13,11:04:36.767,22.4304584
2016-02-13,11:04:37.731,22.43044583
2016-02-13,11:04:38.730,22.43043545
2016-02-13,11:04:39.735,22.43042197
2016-02-13,11:04:40.745,22.43041332
2016-02-13,11:04:41.766,22.43039783
2016-02-13,11:04:42.756,22.43038547
2016-02-13,11:04:43.749,22.43037313
2016-02-13,11:04:44.734,22.43036071
2016-02-13,11:04:45.765,22.43034665
2016-02-13,11:04:46.757,22.43033058
2016-02-13,11:04:47.747,22.43031478
2016-02-13,11:04:48.750,22.43029722
2016-02-13,11:04:49.751,22.43027974
2016-02-13,11:04:50.766,22.43026639
2016-02-13,11:04:51.727,22.43024875
2016-02-13,11:04:52.765,22.43023665
2016-02-13,11:04:53.778,22.43022324
2016-02-13,11:04:54.738,22.43021184
2016-02-13,11:04:55.759,22.43019646
2016-02-13,11:04:56.755,22.43018378
2016-02-13,11:04:57.845,22.43017132
2016-02-13,11:04:58.733,22.43015537
2016-02-13,11:04:59.763,22.43013693
2016-02-13,11:05:00.730,22.43012308
2016-02-13,11:05:01.729,22.43010708
2016-02-13,11:05:02.742,22.43009146
2016-02-13,11:05:03.761,22.43007565
2016-02-13,11:05:04.754,22.43005626
2016-02-13,11:05:05.774,22.43003156
2016-02-13,11:05:06.765,22.43001216
2016-02-13,11:05:07.760,22.42999023
2016-02-13,11:05:08.787,22.42997226
2016-02-13,11:05:09.762,22.42995259
2016-02-13,11:05:10.755,22.42993244
2016-02-13,11:05:11.763,22.42991522
2016-02-13,11:05:12.741,22.42989452
2016-02-13,11:05:13.773,22.42987395
2016-02-13,11:05:14.752,22.42986089
2016-02-13,11:05:15.754,22.42984199
2016-02-13,11:05:16.749,22.42982371
2016-02-13,11:05:17.726,22.429808
2016-02-13,11:05:18.750,22.4297905
2016-02-13,11:05:19.743,22.42977285
2016-02-13,11:05:20.777,22.42975196
2016-02-13,11:05:21.742,22.42972949
2016-02-13,11:05:22.745,22.42970951
2016-02-13,11:05:23.766,22.42968869
2016-02-13,11:05:24.752,22.42967037
2016-02-13,11:05:25.750,22.42965303
2016-02-13,11:05:26.729,22.42963448
2016-02-13,11:05:27.741,22.42961557
2016-02-13,11:05:28.749,22.42959921
2016-02-13,11:05:29.754,22.42958083
2016-02-13,11:05:30.780,22.42956286
2016-02-13,11:05:31.724,22.42954141
2016-02-13,11:05:32.752,22.42952143
2016-02-13,11:05:33.733,22.42950247
2016-02-13,11:05:34.805,22.42948243
2016-02-13,11:05:35.779,22.4294646
2016-02-13,11:05:37.797,22.42944376
2016-02-13,11:05:38.895,22.42940666
2016-02-13,11:05:39.783,22.42939421
2016-02-13,11:05:40.726,22.42938532
2016-02-13,11:05:41.766,22.42937856
2016-02-13,11:05:42.746,22.42937379
2016-02-13,11:05:43.806,22.42937097
2016-02-13,11:05:44.781,22.42937246
2016-02-13,11:05:45.774,22.42937273
2016-02-13,11:05:46.763,22.42937165
2016-02-13,11:05:47.772,22.42937366
2016-02-13,11:05:48.784,22.42937892
2016-02-13,11:05:49.748,22.42939057
2016-02-13,11:05:50.777,22.42940655
2016-02-13,11:05:51.749,22.42942265
2016-02-13,11:05:52.749,22.42944073
2016-02-13,11:06:24.750,22.42970745
2016-02-13,11:06:25.793,22.42973321
2016-02-13,11:06:26.727,22.42972183
2016-02-13,11:06:27.753,22.42971939
2016-02-13,11:06:28.757,22.42971709
2016-02-13,11:06:29.765,22.4297156
2016-02-13,11:06:30.750,22.42970854
2016-02-13,11:06:31.728,22.42970537
2016-02-13,11:06:32.779,22.42970646
2016-02-13,11:06:33.773,22.42971224
2016-02-13,11:06:34.737,22.42972004
2016-02-13,11:06:35.743,22.42972803
2016-02-13,11:06:36.775,22.42973433
2016-02-13,11:06:37.743,22.42974102
2016-02-13,11:06:38.748,22.4297457
2016-02-13,11:06:39.805,22.42975034
2016-02-13,11:06:40.762,22.42975355
2016-02-13,11:06:41.726,22.42975678
2016-02-13,11:06:42.750,22.42975841
2016-02-13,11:06:43.765,22.42976123
2016-02-13,11:06:44.741,22.42976161
2016-02-13,11:06:45.757,22.42976109
2016-02-13,11:06:46.786,22.42975967
2016-02-13,11:06:47.753,22.42976018
2016-02-13,11:06:48.775,22.42975836
2016-02-13,11:06:49.740,22.4297565
2016-02-13,11:06:50.766,22.42975337
2016-02-13,11:06:51.746,22.42975249
2016-02-13,11:06:52.744,22.42975306
2016-02-13,11:06:53.780,22.42975557
2016-02-13,11:06:54.755,22.42976004
2016-02-13,11:06:55.760,22.42976162
2016-02-13,11:06:56.740,22.42976131
2016-02-13,11:06:57.769,22.4297583
2016-02-13,11:06:58.741,22.42975663
2016-02-13,11:06:59.745,22.42975345
2016-02-13,11:07:00.830,22.42975115
2016-02-13,11:07:01.775,22.42974825
2016-02-13,11:07:02.743,22.42974558
2016-02-13,11:07:03.749,22.42974491
2016-02-13,11:07:04.739,22.42974306
2016-02-13,11:07:05.768,22.42973783
2016-02-13,11:07:06.748,22.42973429
2016-02-13,11:07:07.845,22.42973181
2016-02-13,11:07:08.780,22.42972798
2016-02-13,11:07:09.743,22.42971953
2016-02-13,11:07:10.747,22.42970261
2016-02-13,11:07:11.750,22.42968707
2016-02-13,11:07:12.756,22.42966743
2016-02-13,11:07:13.752,22.42964895
2016-02-13,11:07:14.773,22.42963176
2016-02-13,11:07:15.740,22.42961151
2016-02-13,11:07:16.748,22.4295946
2016-02-13,11:07:17.735,22.42958471
2016-02-13,11:07:18.760,22.42958698
2016-02-13,11:07:19.747,22.42959547
2016-02-13,11:07:20.745,22.42960623
2016-02-13,11:07:21.797,22.42961629
2016-02-13,11:07:22.762,22.42962555
2016-02-13,11:07:23.741,22.42963252
2016-02-13,11:07:24.740,22.42963995
2016-02-13,11:07:25.734,22.429645
2016-02-13,11:07:26.754,22.42964799
2016-02-13,11:07:27.743,22.429648
2016-02-13,11:07:28.802,22.42965066
2016-02-13,11:07:29.762,22.42964905
2016-02-13,11:07:30.760,22.42965142
2016-02-13,11:07:31.734,22.42965687
2016-02-13,11:07:32.747,22.42965619
2016-02-13,11:07:33.759,22.429662
2016-02-13,11:07:34.741,22.42965533
2016-02-13,11:07:35.789,22.42965672
2016-02-13,11:07:36.753,22.42966258
2016-02-13,11:07:37.763,22.42966604
2016-02-13,11:07:38.744,22.42967241
2016-02-13,11:07:39.745,22.42967688
2016-02-13,11:07:40.757,22.42968061
2016-02-13,11:07:41.751,22.42967602
2016-02-13,11:07:42.793,22.42967564
2016-02-13,11:07:43.760,22.42967434
2016-02-13,11:07:44.768,22.42967472
2016-02-13,11:07:45.734,22.42967787
2016-02-13,11:07:46.736,22.42967996
2016-02-13,11:07:47.740,22.42968265
2016-02-13,11:07:48.746,22.42968678
2016-02-13,11:07:49.791,22.42968906
2016-02-13,11:07:50.755,22.42969363
2016-02-13,11:07:51.768,22.42969535
2016-02-13,11:07:52.744,22.42969872
2016-02-13,11:07:53.777,22.42970163
2016-02-13,11:07:54.752,22.42970168
2016-02-13,11:07:55.799,22.42970306
2016-02-13,11:07:56.806,22.42970479
2016-02-13,11:07:57.759,22.42970784
2016-02-13,11:07:58.748,22.42971444
2016-02-13,11:07:59.743,22.42971901
2016-02-13,11:08:00.739,22.42973019
2016-02-13,11:08:01.749,22.42974066
2016-02-13,11:08:02.734,22.42974909
2016-02-13,11:08:03.824,22.42975996
2016-02-13,11:08:04.758,22.42976693
2016-02-13,11:08:05.762,22.42977763
2016-02-13,11:08:06.759,22.42978954
2016-02-13,11:08:07.766,22.42980165
2016-02-13,11:08:08.760,22.42981373
2016-02-13,11:08:09.753,22.42982438
2016-02-13,11:08:10.849,22.42983923
2016-02-13,11:08:11.752,22.42985064
2016-02-13,11:08:12.746,22.42986119
2016-02-13,11:08:13.744,22.42987069
2016-02-13,11:08:14.761,22.42987964
2016-02-13,11:08:15.753,22.42988681
2016-02-13,11:08:16.771,22.42989188
2016-02-13,11:08:17.799,22.42989995
2016-02-13,11:08:18.755,22.42990471
2016-02-13,11:08:19.753,22.42991464
2016-02-13,11:08:20.771,22.42992066
2016-02-13,11:08:21.732,22.42992728
2016-02-13,11:08:22.762,22.42993891
2016-02-13,11:08:23.744,22.42994176
2016-02-13,11:08:24.815,22.42995079
2016-02-13,11:08:25.757,22.42995882
2016-02-13,11:08:26.750,22.42996747
2016-02-13,11:08:27.761,22.42997685
2016-02-13,11:08:28.735,22.42998684
2016-02-13,11:08:29.763,22.42999603
2016-02-13,11:08:30.736,22.43000707
2016-02-13,11:08:31.800,22.43001824
2016-02-13,11:08:32.783,22.43002872
2016-02-13,11:08:33.777,22.43004045
2016-02-13,11:08:34.821,22.43004937
2016-02-13,11:08:35.806,22.43006384
2016-02-13,11:08:36.739,22.43007734
2016-02-13,11:08:37.755,22.43009617
2016-02-13,11:08:38.759,22.43010947
2016-02-13,11:08:39.772,22.43012289
2016-02-13,11:08:40.856,22.43013521
2016-02-13,11:08:41.739,22.43016174
2016-02-13,11:08:42.759,22.43018097
2016-02-13,11:08:43.729,22.43019574
2016-02-13,11:08:44.754,22.43021594
2016-02-13,11:08:45.754,22.4302317
2016-02-13,11:08:46.750,22.43024488
2016-02-13,11:08:47.826,22.43025561
2016-02-13,11:08:48.755,22.43026979
2016-02-13,11:08:49.769,22.43028661
2016-02-13,11:08:50.768,22.43030279
2016-02-13,11:08:51.751,22.43031984
2016-02-13,11:08:52.761,22.43033821
2016-02-13,11:08:53.729,22.43035646
2016-02-13,11:08:54.836,22.43037401
2016-02-13,11:08:55.750,22.43038869
2016-02-13,11:08:56.759,22.43040652
2016-02-13,11:08:57.749,22.43042385
2016-02-13,11:08:58.802,22.43043902
2016-02-13,11:08:59.745,22.43045277
2016-02-13,11:09:00.765,22.43046992
2016-02-13,11:09:01.851,22.43048346
2016-02-13,11:09:02.758,22.43050163
2016-02-13,11:09:03.768,22.43051728
2016-02-13,11:09:04.764,22.43053274
2016-02-13,11:09:05.751,22.43054621
2016-02-13,11:09:06.736,22.43055893
2016-02-13,11:09:07.785,22.43057127
2016-02-13,11:09:08.836,22.43058445
2016-02-13,11:09:09.763,22.43059737
2016-02-13,11:09:10.751,22.43061405
2016-02-13,11:09:11.749,22.43063061
2016-02-13,11:09:12.770,22.430645
2016-02-13,11:09:13.727,22.43066109
2016-02-13,11:09:14.754,22.43067326
2016-02-13,11:09:15.837,22.43068978
2016-02-13,11:09:16.730,22.4307041
2016-02-13,11:09:17.747,22.43072057
2016-02-13,11:09:18.754,22.43073758
2016-02-13,11:09:19.774,22.43075323
2016-02-13,11:09:20.743,22.43076786
2016-02-13,11:09:21.783,22.43078494
2016-02-13,11:09:22.842,22.43080151
2016-02-13,11:09:23.763,22.43081795
2016-02-13,11:09:24.765,22.4308349
2016-02-13,11:09:25.756,22.43085247
2016-02-13,11:09:26.734,22.43087087
2016-02-13,11:09:27.733,22.43088763
2016-02-13,11:09:28.744,22.43090706
2016-02-13,11:09:29.862,22.43092606
2016-02-13,11:09:30.750,22.43094496
2016-02-13,11:09:31.761,22.43096259
2016-02-13,11:09:32.758,22.43097716
2016-02-13,11:09:33.772,22.43099114
2016-02-13,11:09:34.732,22.43100757
2016-02-13,11:09:35.764,22.43102376
2016-02-13,11:09:36.935,22.43104011
2016-02-13,11:09:37.751,22.4310573
2016-02-13,11:09:38.777,22.43107342
2016-02-13,11:09:39.752,22.43108868
2016-02-13,11:09:40.744,22.4311045
2016-02-13,11:09:41.760,22.43112086
2016-02-13,11:09:42.726,22.43113851
2016-02-13,11:09:43.829,22.43115175
2016-02-13,11:09:44.751,22.4311661
2016-02-13,11:09:45.760,22.43118109
2016-02-13,11:09:46.752,22.4311946
2016-02-13,11:09:47.768,22.43120881
2016-02-13,11:09:48.761,22.43122327
2016-02-13,11:09:49.728,22.43123847
2016-02-13,11:09:50.863,22.43125564
2016-02-13,11:09:51.743,22.43127104
2016-02-13,11:09:52.734,22.4312885
2016-02-13,11:09:53.766,22.431307
2016-02-13,11:09:54.755,22.43132439
2016-02-13,11:09:55.766,22.43134177
2016-02-13,11:09:56.734,22.43136022
2016-02-13,11:09:57.896,22.43137737
2016-02-13,11:09:58.762,22.43139601
2016-02-13,11:09:59.738,22.43141285
2016-02-13,11:10:00.762,22.43143107
2016-02-13,11:10:01.737,22.43144999
2016-02-13,11:10:02.758,22.43146645
2016-02-13,11:10:03.727,22.43148447
2016-02-13,11:10:04.819,22.43150122
2016-02-13,11:10:05.770,22.43151623
2016-02-13,11:10:06.730,22.43153299
2016-02-13,11:10:07.737,22.43154902
2016-02-13,11:10:08.740,22.43156646
2016-02-13,11:10:09.745,22.43158536
2016-02-13,11:10:10.764,22.43160164
2016-02-13,11:10:11.882,22.43161823
2016-02-13,11:10:12.733,22.43163544
2016-02-13,11:10:13.729,22.43165344
2016-02-13,11:10:14.775,22.4316734
2016-02-13,11:10:15.731,22.43168988
2016-02-13,11:10:16.742,22.43170557
2016-02-13,11:10:17.742,22.43172104
2016-02-13,11:10:18.852,22.43173536
2016-02-13,11:10:19.742,22.43175228
2016-02-13,11:10:20.744,22.43176736
2016-02-13,11:10:21.762,22.43178242
2016-02-13,11:10:22.732,22.43179961
2016-02-13,11:10:23.748,22.43181531
2016-02-13,11:10:24.724,22.43183164
2016-02-13,11:10:25.831,22.43185065
2016-02-13,11:10:26.781,22.4318661
2016-02-13,11:10:27.730,22.43188187
2016-02-13,11:10:28.821,22.43189862
2016-02-13,11:10:29.890,22.43191707
2016-02-13,11:10:30.732,22.43193688
2016-02-13,11:10:33.041,22.43197345
2016-02-13,11:10:33.726,22.43199382
2016-02-13,11:10:34.725,22.43201175
2016-02-13,11:10:35.729,22.43203214
2016-02-13,11:10:37.553,22.43205107
2016-02-13,11:10:37.758,22.43206963
2016-02-13,11:10:38.738,22.43208928
2016-02-13,11:10:41.421,22.4321065
2016-02-13,11:10:41.512,22.43212476
2016-02-13,11:10:41.765,22.43214459
2016-02-13,11:10:42.727,22.43216214
2016-02-13,11:10:43.860,22.43218169
2016-02-13,11:10:45.765,22.43220105
2016-02-13,11:10:45.926,22.43222064
2016-02-13,11:10:46.835,22.43224146
2016-02-13,11:10:47.753,22.43226079
2016-02-13,11:10:48.807,22.43228095
2016-02-13,11:10:49.763,22.43230216
2016-02-13,11:10:50.759,22.4323212
2016-02-13,11:10:51.789,22.43234222
2016-02-13,11:10:52.727,22.43236319
2016-02-13,11:10:54.072,22.43238301
2016-02-13,11:11:24.727,22.43290059
2016-02-13,11:11:25.725,22.4329525
2016-02-13,11:11:26.727,22.43298729
2016-02-13,11:11:27.728,22.43301284
2016-02-13,11:11:28.726,22.43303598
2016-02-13,11:11:29.725,22.43305939
2016-02-13,11:11:30.726,22.43308054
2016-02-13,11:11:31.729,22.43310195
2016-02-13,11:11:32.725,22.43312274
2016-02-13,11:11:33.724,22.43314389
2016-02-13,11:11:34.726,22.43316667
2016-02-13,11:11:35.725,22.43318679
2016-02-13,11:11:36.726,22.43320853
2016-02-13,11:11:37.724,22.43323125
2016-02-13,11:11:38.724,22.43325095
2016-02-13,11:11:39.725,22.43327268
2016-02-13,11:11:40.726,22.43329215
2016-02-13,11:11:41.729,22.43331006
2016-02-13,11:11:42.728,22.43333093
2016-02-13,11:11:43.730,22.4333495
2016-02-13,11:11:44.724,22.43337024
2016-02-13,11:11:45.724,22.43339197
2016-02-13,11:11:46.727,22.43341057
2016-02-13,11:11:47.725,22.43342973
2016-02-13,11:11:48.727,22.43344903
2016-02-13,11:11:49.727,22.43346839
2016-02-13,11:11:50.725,22.43348924
2016-02-13,11:11:51.726,22.43350796
2016-02-13,11:11:52.725,22.4335281
2016-02-13,11:11:53.727,22.43354919
2016-02-13,11:11:54.725,22.43356742
2016-02-13,11:11:55.726,22.43358782
2016-02-13,11:11:56.728,22.4336068
2016-02-13,11:11:57.728,22.43362407
2016-02-13,11:11:58.727,22.43364359
2016-02-13,11:11:59.726,22.4336608
2016-02-13,11:12:00.727,22.43367983
2016-02-13,11:12:01.728,22.43370072
2016-02-13,11:12:02.725,22.43371962
2016-02-13,11:12:03.725,22.43374002
2016-02-13,11:12:04.726,22.43375965
2016-02-13,11:12:05.726,22.43377878
2016-02-13,11:12:06.725,22.43379886
2016-02-13,11:12:07.728,22.43381625
2016-02-13,11:12:08.728,22.43383464
2016-02-13,11:12:09.725,22.4338542
2016-02-13,11:12:10.728,22.43387185
2016-02-13,11:12:11.759,22.43389156
2016-02-13,11:12:12.725,22.43391029
2016-02-13,11:12:13.724,22.43392782
2016-02-13,11:12:14.724,22.43394701
2016-02-13,11:12:15.725,22.43396331
2016-02-13,11:12:16.725,22.43398097
2016-02-13,11:12:17.727,22.4340002
2016-02-13,11:12:18.738,22.43401731
2016-02-13,11:12:19.731,22.43403646
2016-02-13,11:12:20.733,22.43405534
2016-02-13,11:12:21.725,22.43407418
2016-02-13,11:12:22.725,22.43409387
2016-02-13,11:12:23.770,22.43411455
2016-02-13,11:12:24.768,22.43413455
2016-02-13,11:12:25.770,22.43415628
2016-02-13,11:12:26.774,22.43417694
2016-02-13,11:12:27.735,22.43419677
2016-02-13,11:12:28.761,22.43421645
2016-02-13,11:12:29.725,22.43423569
2016-02-13,11:12:30.725,22.43425177
2016-02-13,11:12:31.733,22.43426847
2016-02-13,11:12:32.732,22.43428624
2016-02-13,11:12:33.766,22.43430339
2016-02-13,11:12:34.752,22.43431894
2016-02-13,11:12:35.735,22.43433748
2016-02-13,11:12:36.725,22.4343554
2016-02-13,11:12:37.724,22.43437443
2016-02-13,11:12:38.725,22.43439255
2016-02-13,11:12:39.736,22.43441117
2016-02-13,11:12:40.735,22.4344304
2016-02-13,11:12:41.733,22.43445075
2016-02-13,11:12:42.736,22.43447022
2016-02-13,11:12:43.731,22.43449147
2016-02-13,11:12:44.726,22.43451543
2016-02-13,11:12:45.724,22.43453862
2016-02-13,11:12:46.726,22.4345631
2016-02-13,11:12:47.733,22.43458844
2016-02-13,11:12:48.735,22.43461428
2016-02-13,11:12:49.735,22.43464032
2016-02-13,11:12:50.734,22.43466303
2016-02-13,11:12:51.758,22.43468603
2016-02-13,11:12:52.726,22.43470851
2016-02-13,11:12:53.725,22.43473187
2016-02-13,11:12:54.726,22.43475459
2016-02-13,11:12:55.733,22.43478053
2016-02-13,11:12:56.735,22.43480152
2016-02-13,11:12:57.730,22.43482251
2016-02-13,11:12:58.776,22.43484358
2016-02-13,11:12:59.794,22.43486466
2016-02-13,11:13:00.769,22.43488875
2016-02-13,11:13:01.773,22.43491163
2016-02-13,11:13:02.769,22.43493785
2016-02-13,11:13:03.734,22.43496402
2016-02-13,11:13:04.735,22.43499121
2016-02-13,11:13:05.734,22.43501806
2016-02-13,11:13:06.735,22.43504316
2016-02-13,11:13:07.736,22.43506795
2016-02-13,11:13:08.726,22.43509158
2016-02-13,11:13:09.726,22.43511341
2016-02-13,11:13:10.725,22.43513523
2016-02-13,11:13:11.733,22.43515323
2016-02-13,11:13:12.734,22.43517195
2016-02-13,11:13:13.734,22.43519044
2016-02-13,11:13:14.727,22.4352086
2016-02-13,11:13:15.734,22.4352266
2016-02-13,11:13:16.726,22.43524292
2016-02-13,11:13:17.726,22.43525806
2016-02-13,11:13:18.725,22.43527345
2016-02-13,11:13:19.734,22.43528888
2016-02-13,11:13:20.736,22.43530452
2016-02-13,11:13:21.732,22.43532163
2016-02-13,11:13:22.733,22.43533713
2016-02-13,11:13:23.735,22.43535399
2016-02-13,11:13:24.726,22.4353711
2016-02-13,11:13:25.725,22.43538776
2016-02-13,11:13:26.731,22.43540446
2016-02-13,11:13:27.733,22.43542112
2016-02-13,11:13:28.735,22.43543818
2016-02-13,11:13:29.725,22.43546045
2016-02-13,11:13:30.733,22.43546698
2016-02-13,11:13:31.733,22.43548231
2016-02-13,11:13:32.726,22.4355015
2016-02-13,11:13:33.731,22.43551978
2016-02-13,11:13:34.728,22.43553794
2016-02-13,11:13:35.733,22.43555681
2016-02-13,11:13:36.735,22.43557281
2016-02-13,11:13:37.736,22.43558668
2016-02-13,11:13:38.733,22.43559933
2016-02-13,11:13:39.733,22.4356121
2016-02-13,11:13:40.728,22.43562639
2016-02-13,11:13:41.725,22.43564294
2016-02-13,11:13:42.726,22.4356617
2016-02-13,11:13:43.750,22.43568067
2016-02-13,11:13:44.734,22.43569888
2016-02-13,11:13:45.736,22.43571702
2016-02-13,11:13:46.735,22.43573563
2016-02-13,11:13:47.762,22.43575376
2016-02-13,11:13:48.728,22.43577335
2016-02-13,11:13:49.726,22.43579027
2016-02-13,11:13:50.726,22.4358074
2016-02-13,11:13:51.726,22.43582385
2016-02-13,11:13:52.733,22.43584134
2016-02-13,11:13:53.759,22.43585842
2016-02-13,11:13:54.734,22.43587643
2016-02-13,11:13:55.736,22.43589347
2016-02-13,11:13:56.725,22.43590838
2016-02-13,11:13:57.726,22.43592415
2016-02-13,11:13:58.726,22.43594082
2016-02-13,11:13:59.725,22.43595765
2016-02-13,11:14:00.733,22.43597562
2016-02-13,11:14:01.734,22.43599404
2016-02-13,11:14:02.726,22.43601335
2016-02-13,11:14:03.734,22.4360287
2016-02-13,11:14:04.735,22.43604795
2016-02-13,11:14:05.730,22.43606711
2016-02-13,11:14:06.726,22.43608775
2016-02-13,11:14:07.725,22.43610912
2016-02-13,11:14:08.733,22.4361312
2016-02-13,11:14:09.733,22.43615474
2016-02-13,11:14:10.726,22.43617327
2016-02-13,11:14:11.725,22.43619721
2016-02-13,11:14:12.734,22.4362149
2016-02-13,11:14:13.726,22.43623438
2016-02-13,11:14:14.731,22.43625529
2016-02-13,11:14:15.726,22.43627256
2016-02-13,11:14:16.733,22.43629165
2016-02-13,11:14:17.734,22.43631144
2016-02-13,11:14:18.727,22.43632856
2016-02-13,11:14:19.735,22.43635683
2016-02-13,11:14:20.735,22.43637819
2016-02-13,11:14:21.727,22.43639609
2016-02-13,11:14:22.727,22.43641531
2016-02-13,11:14:23.725,22.43643471
2016-02-13,11:14:24.735,22.43645323
2016-02-13,11:14:25.735,22.4364676
2016-02-13,11:14:26.735,22.43647921
2016-02-13,11:14:27.734,22.43649023
2016-02-13,11:14:28.733,22.43650199
2016-02-13,11:14:29.725,22.43651551
2016-02-13,11:14:30.735,22.43652954
2016-02-13,11:14:31.726,22.43654182
2016-02-13,11:14:32.734,22.43655641
2016-02-13,11:14:33.734,22.43657184
2016-02-13,11:14:34.728,22.43658235
2016-02-13,11:14:35.738,22.43659817
2016-02-13,11:14:36.740,22.43661116
2016-02-13,11:14:37.727,22.43662412
2016-02-13,11:14:38.725,22.43663916
2016-02-13,11:14:39.727,22.43665265
2016-02-13,11:14:40.738,22.43666442
2016-02-13,11:14:41.736,22.43667521
2016-02-13,11:14:42.734,22.43668351
2016-02-13,11:14:43.735,22.43669088
2016-02-13,11:14:44.732,22.43670025
2016-02-13,11:14:45.766,22.43671056
2016-02-13,11:14:46.741,22.43672118
2016-02-13,11:14:47.768,22.43673197
2016-02-13,11:14:48.734,22.43674376
2016-02-13,11:14:49.734,22.43675371
2016-02-13,11:14:50.737,22.43676209
2016-02-13,11:14:51.737,22.43676988
2016-02-13,11:14:52.733,22.43677747
2016-02-13,11:14:53.728,22.4367842
2016-02-13,11:14:54.724,22.43679215
2016-02-13,11:14:55.725,22.43680068
2016-02-13,11:14:56.733,22.43680869
2016-02-13,11:14:57.734,22.43681607
2016-02-13,11:14:58.735,22.43682511
2016-02-13,11:14:59.734,22.43683482
2016-02-13,11:15:00.734,22.43684398
2016-02-13,11:15:01.734,22.43685197
2016-02-13,11:15:02.728,22.43685892
2016-02-13,11:15:03.725,22.43686592
2016-02-13,11:15:04.732,22.43687333
2016-02-13,11:15:05.735,22.43688181
2016-02-13,11:15:06.734,22.43689236
2016-02-13,11:15:07.726,22.4369032
2016-02-13,11:15:08.734,22.4369145
2016-02-13,11:15:09.727,22.43692385
2016-02-13,11:15:10.726,22.43693521
2016-02-13,11:15:11.727,22.4369462
2016-02-13,11:15:12.735,22.43695653
2016-02-13,11:15:13.734,22.43696737
2016-02-13,11:15:14.734,22.43697777
2016-02-13,11:15:15.736,22.43698865
2016-02-13,11:15:16.736,22.43699915
2016-02-13,11:15:17.726,22.43700982
2016-02-13,11:15:18.727,22.43702045
2016-02-13,11:15:19.725,22.43703178
2016-02-13,11:15:20.733,22.43704419
2016-02-13,11:15:21.735,22.43705797
2016-02-13,11:15:22.737,22.43706896
2016-02-13,11:15:23.735,22.43707942
2016-02-13,11:15:24.737,22.43709096
2016-02-13,11:15:25.732,22.43710102
2016-02-13,11:15:26.731,22.43711013
2016-02-13,11:15:27.727,22.43711985
2016-02-13,11:15:28.758,22.43712875
2016-02-13,11:15:29.727,22.43713873
2016-02-13,11:15:30.729,22.4371493
2016-02-13,11:15:31.733,22.43716052
2016-02-13,11:15:32.736,22.43717023
2016-02-13,11:15:33.727,22.43718019
2016-02-13,11:15:34.724,22.43718952
2016-02-13,11:15:35.726,22.43720097
2016-02-13,11:15:36.734,22.43720889
2016-02-13,11:15:37.726,22.43721837
2016-02-13,11:15:38.767,22.43722916
2016-02-13,11:15:39.734,22.43723159
2016-02-13,11:15:40.736,22.43723651
2016-02-13,11:15:41.727,22.43724197
2016-02-13,11:15:42.726,22.43724825
2016-02-13,11:15:43.726,22.43725448
2016-02-13,11:15:44.746,22.43726158
2016-02-13,11:15:45.735,22.43727054
2016-02-13,11:15:46.734,22.43727887
2016-02-13,11:15:47.734,22.43728679
2016-02-13,11:15:48.735,22.43729611
2016-02-13,11:15:49.728,22.43730622
2016-02-13,11:15:50.738,22.4373155
2016-02-13,11:15:51.727,22.43732332
2016-02-13,11:15:52.734,22.43732924
2016-02-13,11:15:53.734,22.43733315
2016-02-13,11:16:25.728,22.43744127
2016-02-13,11:16:26.727,22.43747615
2016-02-13,11:16:27.729,22.43749585
2016-02-13,11:16:28.726,22.43751364
2016-02-13,11:16:29.732,22.43753094
2016-02-13,11:16:30.727,22.43754406
2016-02-13,11:16:31.725,22.43755611
2016-02-13,11:16:32.728,22.43756945
2016-02-13,11:16:34.121,22.4375838
2016-02-13,11:16:34.726,22.43759554
2016-02-13,11:16:35.726,22.43760882
2016-02-13,11:16:36.725,22.43761986
2016-02-13,11:16:37.725,22.43763149
2016-02-13,11:16:38.726,22.43764284
2016-02-13,11:16:39.726,22.43765366
2016-02-13,11:16:40.725,22.43766793
2016-02-13,11:16:41.727,22.43768274
2016-02-13,11:16:42.726,22.43769664
2016-02-13,11:16:43.727,22.43771237
2016-02-13,11:16:44.726,22.43772797
2016-02-13,11:16:45.726,22.43774325
2016-02-13,11:16:46.727,22.43775777
2016-02-13,11:16:47.728,22.43777016
2016-02-13,11:16:48.728,22.43778457
2016-02-13,11:16:49.738,22.43779354
2016-02-13,11:16:50.735,22.43780011
2016-02-13,11:16:51.735,22.43780611
2016-02-13,11:16:52.736,22.43781076
2016-02-13,11:16:53.735,22.43781622
2016-02-13,11:16:54.726,22.4378237
2016-02-13,11:16:55.726,22.43783461
2016-02-13,11:16:56.725,22.4378423
2016-02-13,11:16:57.733,22.43785277
2016-02-13,11:16:58.768,22.43786256
2016-02-13,11:16:59.729,22.43787423
2016-02-13,11:17:00.735,22.43788747
2016-02-13,11:17:01.733,22.43790006
2016-02-13,11:17:02.734,22.43791373
2016-02-13,11:17:03.732,22.43792775
2016-02-13,11:17:04.727,22.4379408
2016-02-13,11:17:05.727,22.43795506
2016-02-13,11:17:06.733,22.43796647
2016-02-13,11:17:07.727,22.4379768
2016-02-13,11:17:08.734,22.43798565
2016-02-13,11:17:09.734,22.43799289
2016-02-13,11:17:10.728,22.43800094
2016-02-13,11:17:11.726,22.43800925
2016-02-13,11:17:12.725,22.43801945
2016-02-13,11:17:13.729,22.43803273
2016-02-13,11:17:14.726,22.43804561
2016-02-13,11:17:15.725,22.43806301
2016-02-13,11:17:16.733,22.43807735
2016-02-13,11:17:17.728,22.43808781
2016-02-13,11:17:18.726,22.43810081
2016-02-13,11:17:19.727,22.43811495
2016-02-13,11:17:20.726,22.43812823
2016-02-13,11:17:21.733,22.438143
2016-02-13,11:17:22.737,22.43815842
2016-02-13,11:17:23.735,22.43817449
2016-02-13,11:17:24.736,22.4381914
2016-02-13,11:17:25.733,22.43820741
2016-02-13,11:17:26.732,22.43822102
2016-02-13,11:17:27.727,22.43823356
2016-02-13,11:17:28.729,22.43824486
2016-02-13,11:17:29.735,22.4382555
2016-02-13,11:17:30.727,22.43826681
2016-02-13,11:17:31.734,22.43827688
2016-02-13,11:17:32.728,22.43828649
2016-02-13,11:17:33.736,22.43829409
2016-02-13,11:17:34.725,22.43830212
2016-02-13,11:17:35.726,22.43831182
2016-02-13,11:17:36.727,22.43831948
2016-02-13,11:17:37.766,22.43832725
2016-02-13,11:17:38.734,22.43833468
2016-02-13,11:17:39.728,22.43834586
2016-02-13,11:17:40.726,22.43835678
2016-02-13,11:17:41.726,22.43837035
2016-02-13,11:17:42.734,22.43837729
2016-02-13,11:17:43.749,22.43838808
2016-02-13,11:17:44.727,22.43840203
2016-02-13,11:17:45.736,22.43841466
2016-02-13,11:17:46.737,22.4384271
2016-02-13,11:17:47.738,22.43844047
2016-02-13,11:17:48.736,22.43845587
2016-02-13,11:17:49.734,22.43847091
2016-02-13,11:17:50.726,22.43848792
2016-02-13,11:17:52.135,22.43850432
2016-02-13,11:17:53.736,22.43853733
2016-02-13,11:17:54.741,22.43855151
2016-02-13,11:17:55.737,22.43856396
2016-02-13,11:17:56.736,22.43857578
2016-02-13,11:17:57.737,22.4385896
2016-02-13,11:17:58.727,22.43860106
2016-02-13,11:17:59.727,22.43861134
2016-02-13,11:18:00.729,22.43862008
2016-02-13,11:18:01.735,22.43862962
2016-02-13,11:18:02.735,22.43863989
2016-02-13,11:18:03.730,22.43864978
2016-02-13,11:18:04.736,22.4386601
2016-02-13,11:18:05.729,22.43867194
2016-02-13,11:18:06.734,22.43868236
2016-02-13,11:18:07.727,22.43869411
2016-02-13,11:18:08.727,22.43870677
2016-02-13,11:18:09.734,22.43871964
2016-02-13,11:18:10.737,22.43873178
2016-02-13,11:18:11.728,22.43874552
2016-02-13,11:18:12.728,22.4387571
2016-02-13,11:18:13.727,22.43877013
2016-02-13,11:18:14.736,22.43877988
2016-02-13,11:18:15.727,22.43879259
2016-02-13,11:18:16.726,22.43880802
2016-02-13,11:18:17.734,22.43882326
2016-02-13,11:18:18.734,22.43883729
2016-02-13,11:18:19.736,22.43885113
2016-02-13,11:18:20.727,22.43886309
2016-02-13,11:18:21.735,22.43887732
2016-02-13,11:18:22.736,22.43889221
2016-02-13,11:18:23.728,22.43890648
2016-02-13,11:18:24.771,22.43892091
2016-02-13,11:18:25.767,22.43893671
2016-02-13,11:18:26.775,22.43895118
2016-02-13,11:18:27.772,22.43896521
2016-02-13,11:18:28.772,22.43897825
2016-02-13,11:18:29.736,22.43899021
2016-02-13,11:18:30.728,22.4390015
2016-02-13,11:18:31.728,22.43901347
2016-02-13,11:18:32.729,22.4390215
2016-02-13,11:18:33.727,22.43903326
2016-02-13,11:18:34.729,22.4390446
2016-02-13,11:18:35.728,22.4390564
2016-02-13,11:18:36.729,22.43906709
2016-02-13,11:18:37.729,22.43907595
2016-02-13,11:18:38.728,22.43908663
2016-02-13,11:18:39.729,22.43909677
2016-02-13,11:18:40.725,22.43910784
2016-02-13,11:18:41.727,22.43912036
2016-02-13,11:18:42.728,22.43913153
2016-02-13,11:18:43.728,22.43914287
2016-02-13,11:18:44.727,22.43915137
2016-02-13,11:18:45.727,22.43916159
2016-02-13,11:18:46.727,22.4391741
2016-02-13,11:18:47.728,22.43918691
2016-02-13,11:18:48.728,22.43920099
2016-02-13,11:18:49.792,22.43921488
2016-02-13,11:18:50.733,22.43922672
2016-02-13,11:18:51.738,22.43923929
2016-02-13,11:18:52.739,22.43925175
2016-02-13,11:18:53.736,22.43926175
2016-02-13,11:18:54.735,22.4392722
2016-02-13,11:18:55.729,22.4392827
2016-02-13,11:18:56.727,22.4392927
2016-02-13,11:18:57.726,22.43930283
2016-02-13,11:18:58.731,22.43931208
2016-02-13,11:18:59.736,22.43932244
2016-02-13,11:19:00.734,22.43933411
2016-02-13,11:19:01.735,22.43934527
2016-02-13,11:19:02.727,22.43935744
2016-02-13,11:19:03.728,22.43937009
2016-02-13,11:19:04.727,22.43938165
2016-02-13,11:19:05.726,22.43939607
2016-02-13,11:19:06.733,22.43941025
2016-02-13,11:19:07.735,22.43942332
2016-02-13,11:19:08.737,22.43943524
2016-02-13,11:19:09.737,22.43944387
2016-02-13,11:19:10.735,22.4394557
2016-02-13,11:19:11.730,22.4394708
2016-02-13,11:19:12.727,22.43948834
2016-02-13,11:19:13.727,22.43950597
2016-02-13,11:19:14.727,22.43952352
2016-02-13,11:19:15.735,22.43954186
2016-02-13,11:19:16.735,22.43955867
2016-02-13,11:19:17.737,22.43957274
2016-02-13,11:19:18.737,22.43958559
2016-02-13,11:19:19.736,22.43959979
2016-02-13,11:19:20.727,22.43961343
2016-02-13,11:19:21.727,22.43962468
2016-02-13,11:19:22.735,22.43963664
2016-02-13,11:19:23.728,22.43964923
2016-02-13,11:19:24.727,22.43966025
2016-02-13,11:19:25.736,22.43967286
2016-02-13,11:19:26.734,22.43968689
2016-02-13,11:19:27.727,22.43970123
2016-02-13,11:19:28.726,22.43971542
2016-02-13,11:19:29.727,22.43972926
2016-02-13,11:19:30.734,22.43974158
2016-02-13,11:19:31.737,22.43975392
2016-02-13,11:19:32.736,22.43976899
2016-02-13,11:19:33.736,22.43978371
2016-02-13,11:19:34.735,22.43979714
2016-02-13,11:19:35.727,22.43980993
2016-02-13,11:19:36.727,22.43982159
2016-02-13,11:19:37.727,22.43983299
2016-02-13,11:19:38.735,22.43984253
2016-02-13,11:19:39.736,22.43985245
2016-02-13,11:19:40.736,22.43986315
2016-02-13,11:19:41.736,22.43987306
2016-02-13,11:19:42.733,22.43988221
2016-02-13,11:19:43.728,22.43989011
2016-02-13,11:19:44.734,22.43989804
2016-02-13,11:19:45.728,22.43990762
2016-02-13,11:19:46.731,22.43991756
2016-02-13,11:19:47.736,22.43992801
2016-02-13,11:19:48.736,22.43993825
2016-02-13,11:19:49.736,22.43993815
2016-02-13,11:19:50.731,22.43993815
2016-02-13,11:19:51.734,22.43993555
2016-02-13,11:19:52.728,22.43993543
2016-02-13,11:19:53.726,22.43993543
2016-02-13,11:19:54.727,22.43993564
2016-02-13,11:19:55.728,22.43993577
2016-02-13,11:19:56.743,22.43993603
2016-02-13,11:19:57.730,22.43993727
2016-02-13,11:19:58.730,22.43993821
2016-02-13,11:19:59.729,22.43993897
2016-02-13,11:20:00.727,22.43993945
2016-02-13,11:20:01.728,22.43994008
2016-02-13,11:20:02.729,22.43994053
2016-02-13,11:20:03.728,22.43994053
2016-02-13,11:20:04.736,22.43994094
2016-02-13,11:20:05.732,22.43994084
2016-02-13,11:20:06.729,22.4399408
2016-02-13,11:20:07.727,22.43994061
2016-02-13,11:20:08.729,22.43994071
2016-02-13,11:20:09.725,22.43994056
2016-02-13,11:20:10.737,22.43994033
2016-02-13,11:20:11.730,22.43994033
2016-02-13,11:20:12.727,22.43994014
2016-02-13,11:20:13.729,22.43994014
2016-02-13,11:20:14.750,22.43994017
2016-02-13,11:20:15.737,22.43994019
2016-02-13,11:20:16.733,22.43994019
2016-02-13,11:20:18.078,22.43994021
2016-02-13,11:20:19.730,22.43994022
2016-02-13,11:20:20.730,22.43994022
2016-02-13,11:20:21.728,22.43994023
2016-02-13,11:20:22.731,22.43994023
2016-02-13,11:20:23.730,22.43994024
2016-02-13,11:20:24.727,22.43994023
2016-02-13,11:20:25.728,22.43994023
2016-02-13,11:20:26.736,22.43994024
2016-02-13,11:20:27.762,22.43994023
2016-02-13,11:20:28.737,22.43994023
2016-02-13,11:20:29.736,22.43994024
2016-02-13,11:20:30.729,22.43994024
2016-02-13,11:20:31.736,22.43994025
2016-02-13,11:20:32.738,22.43994025
2016-02-13,11:20:33.730,22.43994026
2016-02-13,11:20:34.729,22.43994026
2016-02-13,11:20:35.738,22.43994027
2016-02-13,11:20:36.729,22.43994028
2016-02-13,11:20:37.736,22.43994028
2016-02-13,11:20:38.730,22.43994028
2016-02-13,11:20:39.735,22.4399403
2016-02-13,11:20:40.739,22.4399403
2016-02-13,11:20:41.729,22.43994031
2016-02-13,11:20:42.731,22.43994021
2016-02-13,11:20:43.733,22.43994016
2016-02-13,11:20:44.740,22.43994013
2016-02-13,11:20:45.738,22.43994011
2016-02-13,11:20:46.739,22.43994009
2016-02-13,11:20:47.739,22.43994008
2016-02-13,11:20:48.738,22.43994008
2016-02-13,11:20:49.728,22.43994008
2016-02-13,11:20:50.752,22.43994008
2016-02-13,11:20:52.934,22.43994007
2016-02-13,11:20:53.736,22.43994008
2016-02-13,11:21:25.737,22.43994073
2016-02-13,11:21:26.728,22.43994078
2016-02-13,11:21:27.750,22.43994001
2016-02-13,11:21:28.735,22.43994037
2016-02-13,11:21:29.760,22.43993987
2016-02-13,11:21:30.739,22.43993879
2016-02-13,11:21:31.729,22.43993821
2016-02-13,11:21:32.734,22.43993805
2016-02-13,11:21:33.731,22.43993825
2016-02-13,11:21:34.731,22.43993844
2016-02-13,11:21:35.731,22.43993859
2016-02-13,11:21:36.729,22.43993865
2016-02-13,11:21:37.729,22.43993873
2016-02-13,11:21:38.730,22.43993876
2016-02-13,11:21:39.729,22.43993878
2016-02-13,11:21:40.728,22.4399388
2016-02-13,11:21:41.729,22.4399388
2016-02-13,11:21:42.728,22.43993879
2016-02-13,11:21:43.729,22.4399388
2016-02-13,11:21:44.728,22.4399388
2016-02-13,11:21:45.729,22.43993879
2016-02-13,11:21:46.729,22.43993879
2016-02-13,11:21:47.729,22.43993879
2016-02-13,11:21:48.730,22.43993908
2016-02-13,11:21:49.728,22.43994444
2016-02-13,11:21:50.728,22.43995258
2016-02-13,11:21:51.730,22.43996717
2016-02-13,11:21:52.729,22.43997879
2016-02-13,11:21:53.729,22.43999123
2016-02-13,11:21:54.731,22.44000238
2016-02-13,11:21:55.730,22.44001395
2016-02-13,11:21:56.728,22.44002493
2016-02-13,11:21:57.729,22.44003627
2016-02-13,11:21:58.728,22.44004846
2016-02-13,11:21:59.727,22.44005865
2016-02-13,11:22:00.728,22.44006971
2016-02-13,11:22:01.728,22.44008259
2016-02-13,11:22:02.746,22.44009445
2016-02-13,11:22:03.730,22.44010838
2016-02-13,11:22:04.729,22.4401227
2016-02-13,11:22:05.733,22.44013655
2016-02-13,11:22:06.727,22.44015198
2016-02-13,11:22:07.729,22.44016573
2016-02-13,11:22:08.728,22.44017988
2016-02-13,11:22:09.729,22.44019465
2016-02-13,11:22:10.729,22.44020765
2016-02-13,11:22:11.728,22.44022176
2016-02-13,11:22:12.729,22.44023555
2016-02-13,11:22:13.730,22.44024942
2016-02-13,11:22:14.729,22.44026459
2016-02-13,11:22:15.729,22.44027793
2016-02-13,11:22:16.763,22.44029149
2016-02-13,11:22:17.729,22.44030572
2016-02-13,11:22:18.727,22.44031904
2016-02-13,11:22:19.729,22.44033341
2016-02-13,11:22:20.728,22.4403467
2016-02-13,11:22:21.728,22.44035907
2016-02-13,11:22:22.730,22.4403734
2016-02-13,11:22:23.730,22.44038584
2016-02-13,11:22:24.730,22.44039957
2016-02-13,11:22:25.739,22.44041344
2016-02-13,11:22:26.727,22.44042519
2016-02-13,11:22:27.726,22.44043867
2016-02-13,11:22:28.727,22.44045315
2016-02-13,11:22:29.729,22.44046699
2016-02-13,11:22:30.735,22.44048305
2016-02-13,11:22:31.733,22.44049608
2016-02-13,11:22:32.727,22.4405097
2016-02-13,11:22:33.736,22.44052339
2016-02-13,11:22:34.729,22.44053815
2016-02-13,11:22:35.753,22.44055354
2016-02-13,11:22:36.738,22.44057088
2016-02-13,11:22:37.736,22.44058654
2016-02-13,11:22:38.735,22.44060308
2016-02-13,11:22:39.736,22.4406184
2016-02-13,11:22:40.730,22.44063187
2016-02-13,11:22:41.728,22.44064433
2016-02-13,11:22:42.727,22.44065432
2016-02-13,11:22:43.737,22.44066515
2016-02-13,11:22:44.735,22.44067429
2016-02-13,11:22:45.736,22.44068304
2016-02-13,11:22:46.738,22.44069179
2016-02-13,11:22:47.730,22.44070211
2016-02-13,11:22:48.734,22.44068942
2016-02-13,11:22:49.730,22.44067858
2016-02-13,11:22:50.730,22.44065541
2016-02-13,11:22:51.734,22.44064036
2016-02-13,11:22:52.739,22.44062702
2016-02-13,11:22:53.740,22.44061612
2016-02-13,11:22:54.729,22.44060559
2016-02-13,11:22:55.726,22.44059411
2016-02-13,11:22:56.735,22.4405901
2016-02-13,11:22:57.729,22.4405831
2016-02-13,11:22:58.727,22.44057631
2016-02-13,11:22:59.736,22.44056848
2016-02-13,11:23:00.731,22.4405571
2016-02-13,11:23:01.729,22.44054323
2016-02-13,11:23:02.728,22.44053437
2016-02-13,11:23:03.735,22.44052196
2016-02-13,11:23:04.727,22.44050696
2016-02-13,11:23:05.730,22.44049222
2016-02-13,11:23:06.728,22.44048646
2016-02-13,11:23:07.728,22.44047921
2016-02-13,11:23:08.736,22.44046819
2016-02-13,11:23:09.737,22.44045922
2016-02-13,11:23:10.738,22.44045189
2016-02-13,11:23:11.737,22.44044536
2016-02-13,11:23:12.728,22.4404378
2016-02-13,11:23:13.728,22.44042912
2016-02-13,11:23:14.728,22.4404188
2016-02-13,11:23:15.728,22.44041236
2016-02-13,11:23:16.736,22.44040012
2016-02-13,11:23:17.735,22.44039151
2016-02-13,11:23:18.761,22.44038339
2016-02-13,11:23:19.781,22.44037713
2016-02-13,11:23:20.771,22.44037165
2016-02-13,11:23:21.778,22.44036426
2016-02-13,11:23:22.776,22.44035346
2016-02-13,11:23:23.779,22.44033942
2016-02-13,11:23:24.727,22.44032238
2016-02-13,11:23:25.734,22.4403052
2016-02-13,11:23:26.731,22.44028858
2016-02-13,11:23:27.734,22.44027334
2016-02-13,11:23:28.730,22.44026069
2016-02-13,11:23:29.725,22.4402504
2016-02-13,11:23:30.728,22.44023995
2016-02-13,11:23:31.730,22.44022728
2016-02-13,11:23:32.727,22.44021435
2016-02-13,11:23:33.994,22.44020115
2016-02-13,11:23:34.733,22.44018694
2016-02-13,11:23:35.738,22.44017404
2016-02-13,11:23:36.727,22.44016004
2016-02-13,11:23:37.727,22.44014639
2016-02-13,11:23:38.730,22.4401328
2016-02-13,11:23:39.737,22.44012095
2016-02-13,11:23:40.726,22.44010611
2016-02-13,11:23:41.733,22.44009581
2016-02-13,11:23:42.731,22.44008533
2016-02-13,11:23:43.727,22.44007317
2016-02-13,11:23:44.728,22.44006129
2016-02-13,11:23:45.728,22.44004977
2016-02-13,11:23:46.731,22.44003529
2016-02-13,11:23:47.727,22.44002053
2016-02-13,11:23:48.730,22.44000874
2016-02-13,11:23:49.745,22.4399884
2016-02-13,11:23:50.729,22.43997234
2016-02-13,11:23:51.732,22.43995656
2016-02-13,11:23:52.734,22.43994068
2016-02-13,11:23:53.730,22.43992479
2016-02-13,11:23:54.727,22.43990886
2016-02-13,11:23:55.783,22.43989745
2016-02-13,11:23:56.773,22.43988604
2016-02-13,11:23:57.781,22.43986668
2016-02-13,11:23:58.787,22.43985159
2016-02-13,11:23:59.775,22.43983614
2016-02-13,11:24:00.773,22.43982074
2016-02-13,11:24:01.743,22.43980436
2016-02-13,11:24:02.730,22.43978845
2016-02-13,11:24:03.727,22.43977265
2016-02-13,11:24:04.736,22.43975692
2016-02-13,11:24:05.738,22.43973847
2016-02-13,11:24:06.737,22.43972069
2016-02-13,11:24:07.737,22.43970463
2016-02-13,11:24:08.729,22.43969306
2016-02-13,11:24:09.736,22.4396759
2016-02-13,11:24:10.729,22.43966024
2016-02-13,11:24:11.727,22.43964388
2016-02-13,11:24:12.736,22.43962921
2016-02-13,11:24:13.736,22.43961679
2016-02-13,11:24:14.738,22.43960476
2016-02-13,11:24:15.737,22.43959229
2016-02-13,11:24:16.738,22.43957971
2016-02-13,11:24:17.728,22.43956676
2016-02-13,11:24:18.728,22.43955345
2016-02-13,11:24:19.728,22.4395404
2016-02-13,11:24:20.727,22.43952316
2016-02-13,11:24:21.734,22.43950965
2016-02-13,11:24:22.740,22.4394976
2016-02-13,11:24:23.735,22.43949003
2016-02-13,11:24:24.749,22.43947929
2016-02-13,11:24:25.766,22.43946679
2016-02-13,11:24:26.725,22.43945316
2016-02-13,11:24:27.734,22.43944072
2016-02-13,11:24:28.736,22.43942823
2016-02-13,11:24:29.737,22.43941842
2016-02-13,11:24:30.737,22.43940765
2016-02-13,11:24:31.734,22.43939749
2016-02-13,11:24:32.773,22.4393884
2016-02-13,11:24:33.778,22.43937775
2016-02-13,11:24:34.770,22.4393652
2016-02-13,11:24:35.765,22.43935204
2016-02-13,11:24:36.768,22.4393393
2016-02-13,11:24:38.480,22.43932757
2016-02-13,11:24:39.739,22.43930683
2016-02-13,11:24:40.736,22.43929912
2016-02-13,11:24:41.729,22.4392909
2016-02-13,11:24:42.728,22.43928261
2016-02-13,11:24:43.727,22.43927304
2016-02-13,11:24:44.736,22.43926255
2016-02-13,11:24:45.735,22.43925175
2016-02-13,11:24:46.735,22.43924122
2016-02-13,11:24:47.728,22.43923036
2016-02-13,11:24:48.728,22.4392184
2016-02-13,11:24:49.727,22.43920739
2016-02-13,11:24:50.730,22.43919799
2016-02-13,11:24:51.727,22.43918697
2016-02-13,11:24:52.728,22.43917727
2016-02-13,11:24:53.726,22.43916509
2016-02-13,11:24:54.727,22.43914864
2016-02-13,11:24:55.734,22.43913734
2016-02-13,11:24:56.728,22.4391249
2016-02-13,11:24:57.736,22.43910913
2016-02-13,11:24:58.736,22.43909401
2016-02-13,11:24:59.731,22.43907843
2016-02-13,11:25:00.735,22.4390602
2016-02-13,11:25:01.738,22.43904194
2016-02-13,11:25:02.739,22.43902317
2016-02-13,11:25:03.736,22.43900487
2016-02-13,11:25:04.735,22.43899068
2016-02-13,11:25:05.728,22.4389776
2016-02-13,11:25:06.727,22.43896491
2016-02-13,11:25:07.728,22.43895234
2016-02-13,11:25:08.728,22.43893807
2016-02-13,11:25:09.735,22.43892468
2016-02-13,11:25:10.774,22.4389115
2016-02-13,11:25:12.841,22.43888361
2016-02-13,11:25:13.796,22.43886831
2016-02-13,11:25:14.727,22.43885474
2016-02-13,11:25:15.729,22.43883995
2016-02-13,11:25:16.728,22.43882677
2016-02-13,11:25:17.728,22.43881409
2016-02-13,11:25:18.737,22.4388036
2016-02-13,11:25:19.761,22.43879359
2016-02-13,11:25:20.732,22.4387837
2016-02-13,11:25:21.733,22.43877416
2016-02-13,11:25:22.736,22.43876553
2016-02-13,11:25:23.730,22.43875469
2016-02-13,11:25:24.729,22.43874576
2016-02-13,11:25:25.738,22.43873649
2016-02-13,11:25:26.737,22.43872854
2016-02-13,11:25:27.737,22.43872064
2016-02-13,11:25:28.738,22.4387112
2016-02-13,11:25:29.728,22.43870079
2016-02-13,11:25:30.729,22.43869143
2016-02-13,11:25:31.729,22.43868113
2016-02-13,11:25:32.729,22.43867123
2016-02-13,11:25:33.732,22.43865657
2016-02-13,11:25:34.729,22.43864276
2016-02-13,11:25:35.730,22.43862905
2016-02-13,11:25:36.730,22.43861593
2016-02-13,11:25:37.732,22.43860199
2016-02-13,11:25:38.730,22.43858811
2016-02-13,11:25:39.729,22.43857068
2016-02-13,11:25:40.737,22.43855958
2016-02-13,11:25:41.764,22.43855203
2016-02-13,11:25:42.730,22.43854228
2016-02-13,11:25:43.729,22.43853469
2016-02-13,11:25:44.728,22.43852508
2016-02-13,11:25:45.737,22.43851411
2016-02-13,11:25:46.737,22.43850354
2016-02-13,11:25:47.732,22.43849349
2016-02-13,11:25:48.728,22.43847951
2016-02-13,11:25:49.727,22.4384704
2016-02-13,11:25:50.727,22.43845305
2016-02-13,11:25:51.728,22.4384412
2016-02-13,11:25:52.727,22.43842585
2016-02-13,11:25:53.729,22.43841398
2016-02-13,11:25:54.737,22.4383974
2016-02-13,11:26:25.730,22.43801628
2016-02-13,11:26:26.730,22.4380019
2016-02-13,11:26:27.728,22.43798939
2016-02-13,11:26:28.736,22.43797676
2016-02-13,11:26:29.736,22.43796353
2016-02-13,11:26:30.737,22.43795351
2016-02-13,11:26:31.730,22.43794235
2016-02-13,11:26:32.729,22.43793657
2016-02-13,11:26:33.731,22.43792845
2016-02-13,11:26:34.732,22.4379213
2016-02-13,11:26:35.729,22.43791092
2016-02-13,11:26:36.729,22.43790003
2016-02-13,11:26:37.729,22.43789074
2016-02-13,11:26:38.729,22.43787975
2016-02-13,11:26:39.730,22.43787005
2016-02-13,11:26:40.728,22.43785977
2016-02-13,11:26:41.735,22.43784925
2016-02-13,11:26:42.737,22.43784007
2016-02-13,11:26:43.735,22.43783259
2016-02-13,11:26:44.728,22.43782508
2016-02-13,11:26:45.734,22.43781851
2016-02-13,11:26:46.737,22.43781173
2016-02-13,11:26:47.735,22.43780378
2016-02-13,11:26:48.736,22.43779295
2016-02-13,11:26:49.737,22.43778158
2016-02-13,11:26:50.728,22.43777102
2016-02-13,11:26:51.727,22.43776082
2016-02-13,11:26:52.728,22.43774945
2016-02-13,11:26:53.736,22.43773905
2016-02-13,11:26:54.737,22.43772972
2016-02-13,11:26:55.730,22.43772394
2016-02-13,11:26:56.757,22.43772135
2016-02-13,11:26:57.730,22.43771806
2016-02-13,11:26:58.735,22.4377143
2016-02-13,11:27:00.783,22.43770531
2016-02-13,11:27:01.786,22.43769705
2016-02-13,11:27:02.779,22.43768678
2016-02-13,11:27:03.736,22.4376732
2016-02-13,11:27:04.737,22.43765861
2016-02-13,11:27:05.737,22.43765015
2016-02-13,11:27:06.738,22.43764594
2016-02-13,11:27:07.738,22.43764315
2016-02-13,11:27:08.730,22.43763476
2016-02-13,11:27:09.729,22.43762726
2016-02-13,11:27:10.736,22.43761791
2016-02-13,11:27:11.731,22.43760902
2016-02-13,11:27:12.736,22.43759986
2016-02-13,11:27:13.763,22.43759245
2016-02-13,11:27:14.729,22.43758618
2016-02-13,11:27:15.728,22.43757998
2016-02-13,11:27:16.728,22.43757046
2016-02-13,11:27:17.729,22.43756101
2016-02-13,11:27:18.729,22.43754833
2016-02-13,11:27:19.735,22.43753521
2016-02-13,11:27:20.737,22.43752058
2016-02-13,11:27:21.739,22.4375056
2016-02-13,11:27:22.731,22.4375056
2016-02-13,11:27:23.738,22.43749834
2016-02-13,11:27:24.731,22.43749553
2016-02-13,11:27:25.730,22.43749553
2016-02-13,11:27:26.728,22.43748937
2016-02-13,11:27:27.730,22.43748937
2016-02-13,11:27:28.729,22.43748984
2016-02-13,11:27:29.776,22.43748821
2016-02-13,11:27:30.732,22.43748792
2016-02-13,11:27:31.730,22.43748938
2016-02-13,11:27:32.731,22.43749035
2016-02-13,11:27:33.738,22.43749132
2016-02-13,11:27:34.739,22.43749168
2016-02-13,11:27:35.741,22.43748999
2016-02-13,11:27:36.748,22.43748773
2016-02-13,11:27:37.738,22.4374862
2016-02-13,11:27:38.761,22.43748198
2016-02-13,11:27:39.851,22.4374807
2016-02-13,11:27:40.731,22.43748075
2016-02-13,11:27:41.730,22.43748075
2016-02-13,11:27:42.738,22.43748088
2016-02-13,11:27:43.732,22.43748092
2016-02-13,11:27:44.738,22.4374809
2016-02-13,11:27:45.765,22.43748089
2016-02-13,11:27:46.731,22.43748089
2016-02-13,11:27:47.731,22.43748087
2016-02-13,11:27:48.730,22.43748175
2016-02-13,11:27:49.730,22.43748221
2016-02-13,11:27:50.730,22.43748221
2016-02-13,11:27:51.729,22.43748257
2016-02-13,11:27:52.730,22.43748257
2016-02-13,11:27:53.736,22.43748265
2016-02-13,11:27:54.737,22.43748267
2016-02-13,11:27:55.740,22.43748267
2016-02-13,11:27:56.765,22.43748267
2016-02-13,11:27:57.787,22.43748267
2016-02-13,11:27:58.757,22.4374827
2016-02-13,11:27:59.728,22.43748271
2016-02-13,11:28:00.744,22.43748298
2016-02-13,11:28:01.739,22.43747033
2016-02-13,11:28:02.729,22.43745753
2016-02-13,11:28:03.729,22.4374402
2016-02-13,11:28:04.731,22.43742788
2016-02-13,11:28:05.727,22.43741389
2016-02-13,11:28:06.734,22.43740016
2016-02-13,11:28:07.729,22.43739134
2016-02-13,11:28:08.737,22.43737987
2016-02-13,11:28:09.730,22.43736615
2016-02-13,11:28:10.737,22.4373688
2016-02-13,11:28:11.730,22.4373688
2016-02-13,11:28:12.728,22.43736849
2016-02-13,11:28:13.759,22.43736949
2016-02-13,11:28:14.731,22.43736895
2016-02-13,11:28:15.730,22.43736815
2016-02-13,11:28:16.729,22.43736579
2016-02-13,11:28:17.732,22.43736422
2016-02-13,11:28:18.733,22.43736322
2016-02-13,11:28:19.767,22.43736224
2016-02-13,11:28:20.732,22.43736151
2016-02-13,11:28:23.078,22.43736131
2016-02-13,11:28:23.804,22.43736182
2016-02-13,11:28:24.731,22.4373619
2016-02-13,11:28:27.343,22.43736177
2016-02-13,11:28:27.347,22.43736225
2016-02-13,11:28:27.729,22.43736272
2016-02-13,11:28:28.728,22.43736304
2016-02-13,11:28:29.728,22.43736301
2016-02-13,11:28:30.728,22.43736268
2016-02-13,11:28:32.825,22.43736208
2016-02-13,11:28:32.854,22.43736131
2016-02-13,11:28:39.714,22.43735981
2016-02-13,11:28:39.718,22.43735958
2016-02-13,11:28:39.720,22.43735945
2016-02-13,11:28:39.723,22.43735932
2016-02-13,11:28:39.730,22.43735918
2016-02-13,11:28:42.217,22.43735911
2016-02-13,11:28:42.494,22.43735904
2016-02-13,11:28:42.728,22.43735901
2016-02-13,11:28:43.728,22.43735899
2016-02-13,11:28:44.820,22.43735896
2016-02-13,11:28:45.730,22.43735892
2016-02-13,11:28:46.729,22.43735888
2016-02-13,11:28:47.729,22.43735888
2016-02-13,11:28:48.731,22.43735887
2016-02-13,11:28:49.965,22.43735882
2016-02-13,11:28:51.764,22.43735876
2016-02-13,11:28:51.769,22.43735857
2016-02-13,11:28:52.728,22.43735839
2016-02-13,11:28:53.729,22.4373583
2016-02-13,11:28:54.898,22.43735837
2016-02-13,11:28:56.843,22.43735842
2016-02-13,11:28:56.849,22.43735843
2016-02-13,11:28:59.528,22.4373584
2016-02-13,11:28:59.770,22.43735824
2016-02-13,11:29:00.023,22.43735811
2016-02-13,11:29:03.700,22.43735801
