2016-02-14,15:20:09.000,47.93225518
2016-02-14,15:20:10.118,47.93227321
2016-02-14,15:20:11.164,47.93228751
2016-02-14,15:20:11.980,47.93233139
2016-02-14,15:20:19.613,47.93233171
2016-02-14,15:20:19.725,47.93234365
2016-02-14,15:20:19.731,47.93233921
2016-02-14,15:20:19.735,47.93231948
2016-02-14,15:20:19.755,47.93231896
2016-02-14,15:20:19.774,47.93232539
2016-02-14,15:20:20.159,47.93231257
2016-02-14,15:20:20.356,47.93231192
2016-02-14,15:20:20.979,47.93231245
2016-02-14,15:20:21.979,47.93231098
2016-02-14,15:20:22.982,47.93231545
2016-02-14,15:20:23.982,47.93231102
2016-02-14,15:20:24.981,47.93230335
2016-02-14,15:20:25.979,47.9323018
2016-02-14,15:20:27.135,47.93230254
2016-02-14,15:20:27.979,47.93230881
2016-02-14,15:20:28.980,47.93231776
2016-02-14,15:20:29.982,47.93232453
2016-02-14,15:20:30.979,47.93233413
2016-02-14,15:20:31.979,47.93234127
2016-02-14,15:20:32.979,47.93234653
2016-02-14,15:20:34.420,47.93234905
2016-02-14,15:20:34.982,47.93234624
2016-02-14,15:20:35.982,47.93234285
2016-02-14,15:20:36.982,47.93234024
2016-02-14,15:20:38.327,47.93233921
2016-02-14,15:20:38.978,47.93234124
2016-02-14,15:20:39.980,47.93232987
2016-02-14,15:20:40.981,47.93232575
2016-02-14,15:20:41.981,47.93232475
2016-02-14,15:20:42.981,47.93231858
2016-02-14,15:20:43.981,47.93231298
2016-02-14,15:20:44.981,47.93231168
2016-02-14,15:20:45.981,47.93230746
2016-02-14,15:20:46.981,47.93230525
2016-02-14,15:20:47.984,47.93230451
2016-02-14,15:20:48.982,47.93230355
2016-02-14,15:20:49.979,47.93230294
2016-02-14,15:20:50.981,47.93230666
2016-02-14,15:20:51.981,47.9323086
2016-02-14,15:20:52.982,47.93231103
2016-02-14,15:20:53.982,47.93231118
2016-02-14,15:20:54.982,47.93231144
2016-02-14,15:20:55.980,47.9323117
2016-02-14,15:20:56.978,47.93231083
2016-02-14,15:20:57.980,47.93231004
2016-02-14,15:20:58.980,47.93231221
2016-02-14,15:20:59.987,47.93231417
2016-02-14,15:21:00.981,47.93231578
2016-02-14,15:21:01.978,47.93231624
2016-02-14,15:21:02.992,47.93231912
2016-02-14,15:21:03.984,47.93232239
2016-02-14,15:21:04.986,47.93233057
2016-02-14,15:21:05.980,47.93234089
2016-02-14,15:21:06.987,47.93235345
2016-02-14,15:21:07.981,47.93236354
2016-02-14,15:21:08.983,47.93238462
2016-02-14,15:21:10.077,47.93240119
2016-02-14,15:21:10.979,47.93241631
2016-02-14,15:21:11.986,47.93242908
2016-02-14,15:21:12.983,47.9324415
2016-02-14,15:21:13.987,47.93245584
2016-02-14,15:21:14.987,47.93247097
2016-02-14,15:21:17.467,47.93248689
2016-02-14,15:21:17.565,47.93250154
2016-02-14,15:21:18.765,47.93251656
2016-02-14,15:21:22.413,47.93253129
2016-02-14,15:21:22.428,47.93254699
2016-02-14,15:21:22.569,47.93256214
2016-02-14,15:21:22.585,47.9325759
2016-02-14,15:21:22.988,47.93258901
2016-02-14,15:21:26.134,47.93260085
2016-02-14,15:21:26.181,47.93261136
2016-02-14,15:21:26.187,47.93262113
2016-02-14,15:21:26.977,47.93263061
2016-02-14,15:21:27.985,47.93263822
2016-02-14,15:21:28.982,47.93264756
2016-02-14,15:21:29.987,47.93265874
2016-02-14,15:21:31.065,47.93266988
2016-02-14,15:21:31.986,47.93268217
2016-02-14,15:21:32.983,47.93269397
2016-02-14,15:21:33.982,47.93270492
2016-02-14,15:21:34.985,47.93271501
2016-02-14,15:21:35.984,47.93272415
2016-02-14,15:21:36.986,47.93273447
2016-02-14,15:21:38.090,47.93274505
2016-02-14,15:21:38.986,47.93275707
2016-02-14,15:21:39.981,47.93276896
2016-02-14,15:21:40.982,47.93278222
2016-02-14,15:21:41.986,47.93279391
2016-02-14,15:21:43.318,47.93280775
2016-02-14,15:21:43.986,47.93282108
2016-02-14,15:21:46.081,47.93283612
2016-02-14,15:21:46.113,47.93285121
2016-02-14,15:21:46.982,47.93286554
2016-02-14,15:21:48.002,47.93287935
2016-02-14,15:21:50.200,47.93289263
2016-02-14,15:21:50.207,47.93290515
2016-02-14,15:21:50.987,47.93291749
2016-02-14,15:21:52.612,47.93292951
2016-02-14,15:21:53.010,47.93294005
2016-02-14,15:21:53.987,47.93295144
2016-02-14,15:21:55.003,47.93296286
2016-02-14,15:21:57.889,47.93297451
2016-02-14,15:21:57.943,47.93298618
2016-02-14,15:21:57.986,47.93299656
2016-02-14,15:21:59.066,47.93300676
2016-02-14,15:22:00.013,47.93301522
2016-02-14,15:22:00.999,47.93302431
2016-02-14,15:22:01.985,47.93303521
2016-02-14,15:22:03.040,47.93304676
2016-02-14,15:22:03.980,47.93305849
2016-02-14,15:22:04.979,47.93306865
2016-02-14,15:22:05.979,47.93307746
2016-02-14,15:22:06.979,47.93308576
2016-02-14,15:22:07.981,47.9330945
2016-02-14,15:22:08.980,47.93310383
2016-02-14,15:22:10.297,47.93311283
2016-02-14,15:22:10.988,47.93312187
2016-02-14,15:22:11.980,47.93313166
2016-02-14,15:22:12.980,47.93314239
2016-02-14,15:22:13.980,47.93315238
2016-02-14,15:22:14.980,47.93316195
2016-02-14,15:22:15.979,47.93317144
2016-02-14,15:22:16.981,47.93317933
2016-02-14,15:22:17.979,47.93317954
2016-02-14,15:22:18.979,47.93317825
2016-02-14,15:22:19.980,47.93316957
2016-02-14,15:22:20.985,47.93316595
2016-02-14,15:22:21.981,47.93316567
2016-02-14,15:22:22.981,47.93316715
2016-02-14,15:22:23.980,47.93316813
2016-02-14,15:22:24.980,47.93316985
2016-02-14,15:22:25.983,47.9331743
2016-02-14,15:22:26.981,47.93317916
2016-02-14,15:22:27.981,47.93318361
2016-02-14,15:22:28.980,47.93318911
2016-02-14,15:22:29.980,47.93319698
2016-02-14,15:22:30.982,47.93320588
2016-02-14,15:22:31.982,47.93321466
2016-02-14,15:22:32.980,47.93322219
2016-02-14,15:22:33.980,47.93322964
2016-02-14,15:22:34.982,47.9332378
2016-02-14,15:22:35.988,47.93324735
2016-02-14,15:22:36.981,47.93325627
2016-02-14,15:22:37.980,47.93326521
2016-02-14,15:22:38.987,47.93327392
2016-02-14,15:22:39.980,47.93328326
2016-02-14,15:22:40.989,47.93329347
2016-02-14,15:22:41.982,47.93330547
2016-02-14,15:22:42.986,47.9333193
2016-02-14,15:22:43.981,47.93333381
2016-02-14,15:22:44.980,47.93334868
2016-02-14,15:22:45.988,47.93336379
2016-02-14,15:22:46.981,47.93337851
2016-02-14,15:22:47.980,47.93339342
2016-02-14,15:22:48.980,47.93340678
2016-02-14,15:22:49.989,47.93341947
2016-02-14,15:22:50.981,47.93343191
2016-02-14,15:22:51.990,47.93344462
2016-02-14,15:22:52.984,47.93345722
2016-02-14,15:22:53.980,47.93346933
2016-02-14,15:22:54.987,47.9334807
2016-02-14,15:22:55.981,47.93349286
2016-02-14,15:22:56.988,47.93350336
2016-02-14,15:22:57.980,47.93351417
2016-02-14,15:22:58.987,47.93352353
2016-02-14,15:22:59.980,47.93353207
2016-02-14,15:23:00.980,47.93354083
2016-02-14,15:23:01.980,47.93354866
2016-02-14,15:23:02.981,47.93355998
2016-02-14,15:23:03.982,47.93357097
2016-02-14,15:23:04.982,47.93358121
2016-02-14,15:23:05.983,47.93359267
2016-02-14,15:23:06.982,47.93360467
2016-02-14,15:23:07.981,47.93361704
2016-02-14,15:23:08.980,47.93362977
2016-02-14,15:23:10.022,47.93364195
2016-02-14,15:23:10.981,47.93365359
2016-02-14,15:23:11.981,47.93366553
2016-02-14,15:23:12.983,47.933677
2016-02-14,15:23:13.982,47.93368835
2016-02-14,15:23:14.980,47.93369921
2016-02-14,15:23:15.982,47.93371024
2016-02-14,15:23:16.981,47.93372161
2016-02-14,15:23:17.983,47.93373385
2016-02-14,15:23:19.088,47.93374562
2016-02-14,15:23:19.982,47.93375742
2016-02-14,15:23:20.983,47.93376954
2016-02-14,15:23:21.981,47.93378112
2016-02-14,15:23:22.985,47.93379301
2016-02-14,15:23:23.983,47.93380572
2016-02-14,15:23:24.982,47.93381743
2016-02-14,15:23:25.985,47.93382816
2016-02-14,15:23:26.984,47.93383866
2016-02-14,15:23:27.984,47.93384869
2016-02-14,15:23:28.982,47.93385892
2016-02-14,15:23:29.985,47.93386958
2016-02-14,15:23:30.983,47.93388101
2016-02-14,15:23:31.982,47.93389234
2016-02-14,15:23:32.985,47.93390363
2016-02-14,15:23:33.985,47.933915
2016-02-14,15:23:34.986,47.93392584
2016-02-14,15:23:35.986,47.93393804
2016-02-14,15:23:36.984,47.93394985
2016-02-14,15:23:37.992,47.93396224
2016-02-14,15:23:38.982,47.93397284
2016-02-14,15:23:39.990,47.93398315
2016-02-14,15:23:40.984,47.93399314
2016-02-14,15:23:41.984,47.93400317
2016-02-14,15:23:42.985,47.93401256
2016-02-14,15:23:43.991,47.93402288
2016-02-14,15:23:44.985,47.93403169
2016-02-14,15:23:45.983,47.93404104
2016-02-14,15:23:46.983,47.93404886
2016-02-14,15:23:47.983,47.93405586
2016-02-14,15:23:48.983,47.93406244
2016-02-14,15:23:49.993,47.93406879
2016-02-14,15:23:50.983,47.93407557
2016-02-14,15:23:51.987,47.9340821
2016-02-14,15:23:52.984,47.93408808
2016-02-14,15:23:53.990,47.934097
2016-02-14,15:23:54.983,47.93410717
2016-02-14,15:23:56.016,47.93411633
2016-02-14,15:23:56.985,47.93412605
2016-02-14,15:23:57.983,47.93413491
2016-02-14,15:23:58.990,47.9341447
2016-02-14,15:23:59.984,47.9341529
2016-02-14,15:24:00.991,47.93415949
2016-02-14,15:24:01.985,47.93416583
2016-02-14,15:24:02.991,47.93417417
2016-02-14,15:24:03.987,47.93418651
2016-02-14,15:24:04.982,47.93420132
2016-02-14,15:24:05.983,47.93421488
2016-02-14,15:24:06.982,47.93422918
2016-02-14,15:24:07.991,47.93424459
2016-02-14,15:24:08.982,47.93425943
2016-02-14,15:24:10.021,47.9342729
2016-02-14,15:24:11.036,47.93428817
2016-02-14,15:24:12.027,47.93430438
2016-02-14,15:24:13.334,47.93432016
2016-02-14,15:24:14.991,47.93434935
2016-02-14,15:24:15.984,47.934364
2016-02-14,15:24:16.991,47.93437923
2016-02-14,15:24:17.984,47.93439113
2016-02-14,15:24:18.991,47.9344019
2016-02-14,15:24:19.984,47.9344124
2016-02-14,15:24:20.983,47.93442367
2016-02-14,15:24:21.992,47.93443363
2016-02-14,15:24:22.984,47.9344445
2016-02-14,15:24:23.991,47.93445557
2016-02-14,15:24:24.984,47.93446628
2016-02-14,15:24:25.991,47.93447891
2016-02-14,15:24:26.984,47.93449047
2016-02-14,15:24:27.988,47.93450181
2016-02-14,15:24:28.985,47.93451371
2016-02-14,15:24:29.985,47.93452674
2016-02-14,15:24:30.982,47.93453822
2016-02-14,15:24:31.981,47.93454834
2016-02-14,15:24:32.990,47.93455815
2016-02-14,15:24:33.985,47.93456775
2016-02-14,15:24:34.990,47.93457699
2016-02-14,15:24:35.984,47.93458639
2016-02-14,15:24:36.981,47.93459802
2016-02-14,15:24:37.989,47.93460867
2016-02-14,15:24:38.988,47.93461839
2016-02-14,15:24:39.989,47.9346301
2016-02-14,15:24:40.985,47.93464198
2016-02-14,15:24:41.989,47.93465838
2016-02-14,15:24:42.984,47.93467417
2016-02-14,15:24:43.991,47.93468969
2016-02-14,15:24:44.984,47.93470585
2016-02-14,15:24:45.984,47.93472178
2016-02-14,15:25:16.987,47.93532918
2016-02-14,15:25:17.986,47.93531281
2016-02-14,15:25:18.988,47.93530422
2016-02-14,15:25:19.984,47.93529385
2016-02-14,15:25:20.988,47.93529165
2016-02-14,15:25:22.037,47.93529588
2016-02-14,15:25:22.982,47.93530772
2016-02-14,15:25:23.983,47.93530355
2016-02-14,15:25:24.984,47.93530981
2016-02-14,15:25:25.983,47.93531694
2016-02-14,15:25:26.984,47.9353243
2016-02-14,15:25:27.983,47.93533232
2016-02-14,15:25:28.985,47.93534102
2016-02-14,15:25:29.985,47.93535155
2016-02-14,15:25:30.984,47.93536353
2016-02-14,15:25:31.983,47.935374
2016-02-14,15:25:32.983,47.93538412
2016-02-14,15:25:33.983,47.935394
2016-02-14,15:25:34.992,47.93540435
2016-02-14,15:25:35.983,47.93541415
2016-02-14,15:25:36.987,47.9354263
2016-02-14,15:25:37.983,47.93543786
2016-02-14,15:25:38.982,47.93544394
2016-02-14,15:25:39.983,47.93544773
2016-02-14,15:25:41.003,47.93545121
2016-02-14,15:25:41.991,47.93546488
2016-02-14,15:25:42.987,47.93547547
2016-02-14,15:25:44.001,47.93549352
2016-02-14,15:25:44.983,47.9355077
2016-02-14,15:25:45.994,47.93552241
2016-02-14,15:25:46.984,47.93553712
2016-02-14,15:25:47.989,47.93555092
2016-02-14,15:25:48.987,47.93556548
2016-02-14,15:25:49.986,47.9355791
2016-02-14,15:25:50.991,47.93559263
2016-02-14,15:25:51.984,47.93560562
2016-02-14,15:25:52.988,47.93561451
2016-02-14,15:25:53.983,47.93561413
2016-02-14,15:25:54.993,47.935615
2016-02-14,15:25:55.985,47.93561551
2016-02-14,15:25:56.988,47.93561969
2016-02-14,15:25:57.993,47.93563206
2016-02-14,15:25:58.984,47.93564746
2016-02-14,15:25:59.991,47.93566468
2016-02-14,15:26:00.985,47.93568338
2016-02-14,15:26:02.063,47.93570183
2016-02-14,15:26:02.984,47.93572075
2016-02-14,15:26:03.992,47.93573937
2016-02-14,15:26:04.989,47.93575808
2016-02-14,15:26:05.982,47.93577566
2016-02-14,15:26:06.991,47.93579329
2016-02-14,15:26:07.986,47.93581095
2016-02-14,15:26:08.991,47.93582626
2016-02-14,15:26:09.985,47.93584192
2016-02-14,15:26:11.012,47.93585567
2016-02-14,15:26:11.985,47.93586918
2016-02-14,15:26:12.983,47.93588276
2016-02-14,15:26:13.991,47.93589851
2016-02-14,15:26:14.984,47.93590963
2016-02-14,15:26:15.987,47.93591923
2016-02-14,15:26:16.983,47.93592831
2016-02-14,15:26:17.990,47.93593622
2016-02-14,15:26:18.984,47.93594239
2016-02-14,15:26:19.990,47.93594777
2016-02-14,15:26:20.984,47.93595374
2016-02-14,15:26:21.983,47.93595877
2016-02-14,15:26:22.992,47.93596156
2016-02-14,15:26:23.983,47.93596289
2016-02-14,15:26:24.990,47.9359632
2016-02-14,15:26:25.985,47.93596363
2016-02-14,15:26:26.991,47.93596629
2016-02-14,15:26:27.985,47.93596835
2016-02-14,15:26:28.982,47.93597045
2016-02-14,15:26:29.991,47.93597289
2016-02-14,15:26:30.983,47.93597263
2016-02-14,15:26:31.985,47.93597647
2016-02-14,15:26:32.982,47.93597732
2016-02-14,15:26:34.027,47.93597895
2016-02-14,15:26:35.025,47.93598075
2016-02-14,15:26:36.037,47.93598367
2016-02-14,15:26:37.033,47.9359865
2016-02-14,15:26:37.982,47.9359882
2016-02-14,15:26:38.991,47.93599078
2016-02-14,15:26:39.985,47.93599422
2016-02-14,15:26:40.988,47.93599903
2016-02-14,15:26:41.986,47.93600646
2016-02-14,15:26:42.991,47.93601263
2016-02-14,15:26:43.984,47.93601684
2016-02-14,15:26:44.992,47.93601972
2016-02-14,15:26:45.991,47.93602197
2016-02-14,15:26:46.985,47.93602494
2016-02-14,15:26:47.991,47.93602667
2016-02-14,15:26:48.987,47.93602827
2016-02-14,15:26:49.992,47.93603064
2016-02-14,15:26:50.985,47.93603338
2016-02-14,15:26:51.983,47.93603588
2016-02-14,15:26:52.989,47.93603578
2016-02-14,15:26:53.984,47.93603525
2016-02-14,15:26:54.981,47.93603725
2016-02-14,15:26:55.983,47.93603911
2016-02-14,15:26:56.990,47.93604126
2016-02-14,15:26:57.984,47.93604403
2016-02-14,15:26:58.984,47.93604558
2016-02-14,15:27:00.010,47.9360538
2016-02-14,15:27:00.985,47.93605827
2016-02-14,15:27:01.992,47.93606203
2016-02-14,15:27:02.999,47.93606458
2016-02-14,15:27:03.993,47.93606808
2016-02-14,15:27:04.992,47.93607162
2016-02-14,15:27:05.988,47.93607479
2016-02-14,15:27:06.990,47.9360794
2016-02-14,15:27:07.984,47.93608189
2016-02-14,15:27:08.984,47.9360861
2016-02-14,15:27:10.036,47.93608219
2016-02-14,15:27:11.032,47.93608079
2016-02-14,15:27:11.984,47.9360826
2016-02-14,15:27:13.008,47.93608861
2016-02-14,15:27:14.004,47.93609165
2016-02-14,15:27:14.983,47.93609961
2016-02-14,15:27:16.002,47.93610386
2016-02-14,15:27:16.982,47.93610768
2016-02-14,15:27:17.990,47.93611271
2016-02-14,15:27:18.986,47.93611609
2016-02-14,15:27:19.990,47.93611713
2016-02-14,15:27:20.985,47.93611832
2016-02-14,15:27:22.010,47.93611776
2016-02-14,15:27:22.985,47.93611783
2016-02-14,15:27:23.995,47.93611389
2016-02-14,15:27:24.985,47.93610954
2016-02-14,15:27:25.984,47.93610805
2016-02-14,15:27:26.992,47.93610999
2016-02-14,15:27:27.986,47.93611278
2016-02-14,15:27:28.985,47.93611475
2016-02-14,15:27:29.984,47.93612298
2016-02-14,15:27:30.991,47.93612688
2016-02-14,15:27:31.985,47.93612999
2016-02-14,15:27:32.991,47.93613644
2016-02-14,15:27:33.992,47.93614073
2016-02-14,15:27:34.985,47.936143
2016-02-14,15:27:35.985,47.93614449
2016-02-14,15:27:36.993,47.93614864
2016-02-14,15:27:37.986,47.93615117
2016-02-14,15:27:38.985,47.93616171
2016-02-14,15:27:39.991,47.93616942
2016-02-14,15:27:40.986,47.93617788
2016-02-14,15:27:41.982,47.93618456
2016-02-14,15:27:42.992,47.93619002
2016-02-14,15:27:43.984,47.93619404
2016-02-14,15:27:44.992,47.93620034
2016-02-14,15:27:45.984,47.93620565
2016-02-14,15:27:46.993,47.93621073
2016-02-14,15:27:47.984,47.93621557
2016-02-14,15:27:48.982,47.93621955
2016-02-14,15:27:49.991,47.9362226
2016-02-14,15:27:50.990,47.93622681
2016-02-14,15:27:51.991,47.93623
2016-02-14,15:27:52.985,47.93623547
2016-02-14,15:27:53.991,47.93624065
2016-02-14,15:27:54.986,47.93624444
2016-02-14,15:27:55.987,47.93624797
2016-02-14,15:27:56.983,47.93625248
2016-02-14,15:27:57.984,47.93625696
2016-02-14,15:27:58.982,47.93625997
2016-02-14,15:27:59.985,47.93626356
2016-02-14,15:28:00.992,47.93626721
2016-02-14,15:28:01.986,47.93627114
2016-02-14,15:28:02.991,47.93627562
2016-02-14,15:28:03.984,47.93628105
2016-02-14,15:28:04.981,47.93628617
2016-02-14,15:28:05.990,47.93629079
2016-02-14,15:28:06.984,47.93629559
2016-02-14,15:28:07.991,47.93630009
2016-02-14,15:28:08.984,47.93630431
2016-02-14,15:28:09.991,47.93630907
2016-02-14,15:28:10.982,47.93631296
2016-02-14,15:28:11.989,47.93631945
2016-02-14,15:28:12.992,47.93632481
2016-02-14,15:28:13.986,47.93632984
2016-02-14,15:28:14.990,47.93633441
2016-02-14,15:28:15.999,47.93633925
2016-02-14,15:28:17.062,47.93634484
2016-02-14,15:28:17.985,47.93635137
2016-02-14,15:28:18.983,47.93635672
2016-02-14,15:28:19.986,47.93636356
2016-02-14,15:28:20.985,47.93636965
2016-02-14,15:28:21.992,47.93637485
2016-02-14,15:28:22.986,47.93638071
2016-02-14,15:28:23.991,47.93638767
2016-02-14,15:28:24.994,47.93639469
2016-02-14,15:28:25.992,47.93640234
2016-02-14,15:28:26.985,47.93640868
2016-02-14,15:28:27.988,47.93641446
2016-02-14,15:28:28.984,47.9364183
2016-02-14,15:28:29.982,47.93642378
2016-02-14,15:28:31.006,47.93642901
2016-02-14,15:28:31.987,47.93643392
2016-02-14,15:28:32.983,47.93644088
2016-02-14,15:28:33.983,47.93644466
2016-02-14,15:28:34.985,47.93645117
2016-02-14,15:28:35.984,47.93645624
2016-02-14,15:28:36.984,47.93646229
2016-02-14,15:28:37.992,47.9364684
2016-02-14,15:28:38.986,47.93647355
2016-02-14,15:28:39.993,47.93648019
2016-02-14,15:28:40.984,47.93648666
2016-02-14,15:28:41.989,47.93649291
2016-02-14,15:28:42.986,47.93650034
2016-02-14,15:28:43.990,47.93650747
2016-02-14,15:28:44.991,47.93651471
2016-02-14,15:28:45.984,47.93652317
2016-02-14,15:28:46.991,47.93653227
2016-02-14,15:28:47.987,47.9365397
2016-02-14,15:28:48.982,47.93655086
2016-02-14,15:28:49.983,47.9365606
2016-02-14,15:28:51.011,47.93657056
2016-02-14,15:28:51.985,47.93658003
2016-02-14,15:28:52.984,47.93659034
2016-02-14,15:28:53.984,47.93660016
2016-02-14,15:28:54.984,47.93660966
2016-02-14,15:28:55.983,47.93662182
2016-02-14,15:28:56.985,47.93663246
2016-02-14,15:28:57.991,47.93664269
2016-02-14,15:28:58.984,47.93665319
2016-02-14,15:29:00.011,47.93666337
2016-02-14,15:29:00.984,47.93667215
2016-02-14,15:29:01.983,47.93667971
2016-02-14,15:29:02.989,47.93668718
2016-02-14,15:29:03.985,47.93669583
2016-02-14,15:29:06.232,47.93671433
2016-02-14,15:29:07.986,47.93672975
2016-02-14,15:29:08.985,47.93673718
2016-02-14,15:29:10.002,47.93674406
2016-02-14,15:29:10.986,47.93675179
2016-02-14,15:29:12.017,47.9367602
2016-02-14,15:29:12.986,47.93676829
2016-02-14,15:29:13.982,47.93677676
2016-02-14,15:29:14.984,47.93678514
2016-02-14,15:29:15.989,47.93679207
2016-02-14,15:29:16.987,47.93679814
2016-02-14,15:29:17.985,47.93680399
2016-02-14,15:29:18.987,47.93681129
2016-02-14,15:29:19.986,47.9368175
2016-02-14,15:29:20.984,47.936828
2016-02-14,15:29:21.986,47.93683777
2016-02-14,15:29:23.016,47.93684728
2016-02-14,15:29:23.984,47.93685588
2016-02-14,15:29:24.985,47.93686534
2016-02-14,15:29:25.991,47.9368741
2016-02-14,15:29:26.986,47.9368807
2016-02-14,15:29:27.991,47.93688621
2016-02-14,15:29:28.987,47.9368926
2016-02-14,15:29:29.992,47.93689954
2016-02-14,15:29:30.984,47.93690746
2016-02-14,15:29:31.985,47.93691579
2016-02-14,15:29:32.985,47.93692601
2016-02-14,15:29:33.984,47.93693601
2016-02-14,15:29:34.985,47.93694501
2016-02-14,15:29:35.986,47.93695288
2016-02-14,15:29:36.992,47.93696292
2016-02-14,15:29:38.034,47.9369715
2016-02-14,15:29:39.043,47.93698313
2016-02-14,15:29:40.066,47.93699254
2016-02-14,15:29:41.034,47.93700196
2016-02-14,15:29:42.042,47.93701175
2016-02-14,15:29:43.029,47.93702033
2016-02-14,15:29:43.988,47.93702883
2016-02-14,15:29:44.994,47.93703551
2016-02-14,15:29:45.994,47.93704199
2016-02-14,15:30:18.049,47.93713014
2016-02-14,15:30:18.984,47.93717741
2016-02-14,15:30:19.986,47.93721825
2016-02-14,15:30:20.992,47.93725
2016-02-14,15:30:22.744,47.93727698
2016-02-14,15:30:23.324,47.93730524
2016-02-14,15:30:24.559,47.93732432
2016-02-14,15:30:24.992,47.93734201
2016-02-14,15:30:26.056,47.9373595
2016-02-14,15:30:26.994,47.93737507
2016-02-14,15:30:28.059,47.93738915
2016-02-14,15:30:30.937,47.93740241
2016-02-14,15:30:30.943,47.93741578
2016-02-14,15:30:31.123,47.93742857
2016-02-14,15:30:31.990,47.93744006
2016-02-14,15:30:32.990,47.93745101
2016-02-14,15:30:33.996,47.93746076
2016-02-14,15:30:34.985,47.93747058
2016-02-14,15:30:36.035,47.93748084
2016-02-14,15:30:37.003,47.93749377
2016-02-14,15:30:37.990,47.93750439
2016-02-14,15:30:39.003,47.93751461
2016-02-14,15:30:39.988,47.9375247
2016-02-14,15:30:41.006,47.937536
2016-02-14,15:30:41.991,47.93754692
2016-02-14,15:30:43.042,47.93756084
2016-02-14,15:30:44.001,47.9375738
2016-02-14,15:30:44.995,47.93758725
2016-02-14,15:30:45.985,47.93760009
2016-02-14,15:30:46.984,47.93761335
2016-02-14,15:30:48.005,47.93762603
2016-02-14,15:30:48.984,47.93763711
2016-02-14,15:30:50.422,47.93764924
2016-02-14,15:30:51.001,47.93765934
2016-02-14,15:30:52.002,47.93766643
2016-02-14,15:30:52.986,47.9376714
2016-02-14,15:30:54.066,47.93767692
2016-02-14,15:30:54.990,47.93768379
2016-02-14,15:30:55.986,47.93769165
2016-02-14,15:30:57.015,47.93769971
2016-02-14,15:30:57.986,47.93770642
2016-02-14,15:30:58.991,47.93771337
2016-02-14,15:30:59.985,47.93772165
2016-02-14,15:31:00.985,47.93772903
2016-02-14,15:31:01.988,47.9377367
2016-02-14,15:31:02.982,47.93774395
2016-02-14,15:31:04.035,47.93775202
2016-02-14,15:31:04.985,47.93776148
2016-02-14,15:31:05.987,47.93777086
2016-02-14,15:31:06.986,47.9377813
2016-02-14,15:31:07.986,47.93779043
2016-02-14,15:31:08.989,47.93779951
2016-02-14,15:31:09.988,47.93780702
2016-02-14,15:31:11.047,47.93781404
2016-02-14,15:31:11.985,47.93781964
2016-02-14,15:31:12.985,47.93782598
2016-02-14,15:31:13.986,47.93783311
2016-02-14,15:31:14.985,47.93784176
2016-02-14,15:31:15.989,47.93785003
2016-02-14,15:31:16.986,47.93785863
2016-02-14,15:31:18.041,47.93786819
2016-02-14,15:31:18.986,47.93787818
2016-02-14,15:31:19.986,47.93788832
2016-02-14,15:31:20.986,47.93789751
2016-02-14,15:31:21.986,47.93790673
2016-02-14,15:31:22.989,47.9379166
2016-02-14,15:31:24.003,47.93792533
2016-02-14,15:31:25.456,47.93793418
2016-02-14,15:31:26.032,47.93794371
2016-02-14,15:31:27.028,47.93795355
2016-02-14,15:31:27.985,47.93796347
2016-02-14,15:31:29.030,47.93797389
2016-02-14,15:31:29.984,47.93798448
2016-02-14,15:31:30.994,47.93799402
2016-02-14,15:31:31.987,47.93800413
2016-02-14,15:31:32.984,47.93801378
2016-02-14,15:31:33.987,47.93802543
2016-02-14,15:31:34.986,47.9380384
2016-02-14,15:31:35.993,47.93805263
2016-02-14,15:31:36.987,47.93806749
2016-02-14,15:31:38.012,47.93808312
2016-02-14,15:31:38.986,47.93809802
2016-02-14,15:31:39.992,47.93811095
2016-02-14,15:31:40.987,47.93812526
2016-02-14,15:31:41.984,47.93813981
2016-02-14,15:31:42.985,47.93815682
2016-02-14,15:31:43.986,47.93817162
2016-02-14,15:31:44.990,47.93818602
2016-02-14,15:31:45.985,47.93819999
2016-02-14,15:31:46.992,47.93821261
2016-02-14,15:31:47.987,47.93822588
2016-02-14,15:31:48.984,47.93823912
2016-02-14,15:31:49.985,47.93825009
2016-02-14,15:31:50.985,47.93826339
2016-02-14,15:31:51.985,47.93827525
2016-02-14,15:31:52.986,47.93828952
2016-02-14,15:31:53.994,47.93830283
2016-02-14,15:31:54.986,47.93831469
2016-02-14,15:31:55.990,47.93832696
2016-02-14,15:31:56.985,47.9383382
2016-02-14,15:31:57.985,47.93835088
2016-02-14,15:31:58.992,47.93836237
2016-02-14,15:31:59.986,47.93837242
2016-02-14,15:32:00.987,47.93838182
2016-02-14,15:32:01.984,47.93839131
2016-02-14,15:32:02.989,47.93840208
2016-02-14,15:32:04.063,47.93841216
2016-02-14,15:32:04.984,47.93842364
2016-02-14,15:32:05.986,47.93843512
2016-02-14,15:32:06.985,47.93844168
2016-02-14,15:32:07.985,47.93845193
2016-02-14,15:32:08.984,47.93846327
2016-02-14,15:32:09.990,47.9384772
2016-02-14,15:32:10.987,47.93849159
2016-02-14,15:32:11.993,47.93850429
2016-02-14,15:32:12.985,47.93851398
2016-02-14,15:32:13.985,47.93852781
2016-02-14,15:32:14.993,47.93854152
2016-02-14,15:32:15.986,47.93855474
2016-02-14,15:32:16.991,47.93856749
2016-02-14,15:32:17.986,47.93857975
2016-02-14,15:32:18.992,47.93859291
2016-02-14,15:32:19.988,47.93860598
2016-02-14,15:32:20.985,47.93861741
2016-02-14,15:32:21.994,47.93862824
2016-02-14,15:32:22.986,47.93864075
2016-02-14,15:32:23.993,47.93865489
2016-02-14,15:32:24.993,47.9386685
2016-02-14,15:32:25.992,47.93868064
2016-02-14,15:32:26.987,47.93869171
2016-02-14,15:32:27.988,47.93870335
2016-02-14,15:32:28.987,47.93871499
2016-02-14,15:32:29.987,47.93872606
2016-02-14,15:32:30.993,47.93873682
2016-02-14,15:32:31.985,47.9387469
2016-02-14,15:32:32.992,47.9387566
2016-02-14,15:32:33.987,47.93876671
2016-02-14,15:32:34.994,47.93877378
2016-02-14,15:32:36.041,47.93877882
2016-02-14,15:32:37.030,47.93878127
2016-02-14,15:32:38.044,47.93878198
2016-02-14,15:32:39.047,47.93878291
2016-02-14,15:32:40.040,47.93878385
2016-02-14,15:32:41.049,47.93878113
2016-02-14,15:32:41.994,47.9387772
2016-02-14,15:32:42.986,47.93877219
2016-02-14,15:32:43.992,47.9387666
2016-02-14,15:32:44.995,47.9387616
2016-02-14,15:32:45.986,47.93875607
2016-02-14,15:32:46.994,47.93874968
2016-02-14,15:32:47.987,47.93874323
2016-02-14,15:32:48.992,47.93873591
2016-02-14,15:32:49.987,47.93872789
2016-02-14,15:32:50.992,47.93872008
2016-02-14,15:32:51.988,47.9387138
2016-02-14,15:32:52.985,47.93870875
2016-02-14,15:32:53.994,47.93870427
2016-02-14,15:32:54.986,47.93869974
2016-02-14,15:32:55.993,47.93869441
2016-02-14,15:32:56.986,47.93868839
2016-02-14,15:32:57.994,47.93868244
2016-02-14,15:32:58.986,47.93867778
2016-02-14,15:32:59.990,47.93867402
2016-02-14,15:33:00.989,47.93866911
2016-02-14,15:33:01.985,47.9386637
2016-02-14,15:33:02.992,47.93865817
2016-02-14,15:33:03.986,47.93865237
2016-02-14,15:33:04.993,47.9386468
2016-02-14,15:33:05.989,47.93864027
2016-02-14,15:33:06.989,47.93863329
2016-02-14,15:33:07.989,47.9386255
2016-02-14,15:33:08.985,47.93861944
2016-02-14,15:33:09.994,47.93861437
2016-02-14,15:33:10.985,47.93861041
2016-02-14,15:33:11.996,47.93860558
2016-02-14,15:33:13.027,47.93859902
2016-02-14,15:33:13.994,47.93859077
2016-02-14,15:33:14.987,47.93858142
2016-02-14,15:33:15.991,47.93857094
2016-02-14,15:33:16.986,47.93856034
2016-02-14,15:33:17.986,47.938549
2016-02-14,15:33:18.995,47.93853674
2016-02-14,15:33:19.988,47.93852351
2016-02-14,15:33:20.993,47.93851046
2016-02-14,15:33:21.985,47.93849778
2016-02-14,15:33:22.995,47.9384851
2016-02-14,15:33:23.987,47.93847235
2016-02-14,15:33:24.988,47.93845843
2016-02-14,15:33:25.992,47.93844759
2016-02-14,15:33:26.987,47.93844264
2016-02-14,15:33:27.994,47.93844093
2016-02-14,15:33:28.986,47.93843827
2016-02-14,15:33:29.993,47.93843204
2016-02-14,15:33:30.986,47.9384228
2016-02-14,15:33:31.995,47.93841118
2016-02-14,15:33:32.990,47.93839817
2016-02-14,15:33:33.985,47.93838589
2016-02-14,15:33:34.994,47.93837403
2016-02-14,15:33:35.987,47.93836333
2016-02-14,15:33:36.988,47.93835385
2016-02-14,15:33:37.986,47.93834515
2016-02-14,15:33:38.999,47.93833597
2016-02-14,15:33:39.987,47.93832647
2016-02-14,15:33:40.986,47.9383164
2016-02-14,15:33:41.985,47.93830728
2016-02-14,15:33:42.990,47.93829827
2016-02-14,15:33:43.995,47.93828986
2016-02-14,15:33:44.991,47.93828053
2016-02-14,15:33:45.994,47.93826938
2016-02-14,15:33:46.987,47.93825775
2016-02-14,15:33:47.990,47.93824617
2016-02-14,15:33:48.988,47.9382339
2016-02-14,15:33:50.022,47.93822037
2016-02-14,15:33:51.027,47.93820675
2016-02-14,15:33:52.009,47.93819216
2016-02-14,15:33:53.020,47.93818007
2016-02-14,15:33:54.012,47.93816358
2016-02-14,15:33:55.004,47.93814971
2016-02-14,15:33:55.986,47.93813719
2016-02-14,15:33:56.986,47.93812633
2016-02-14,15:33:57.995,47.938115
2016-02-14,15:33:58.986,47.93810282
2016-02-14,15:33:59.995,47.93809004
2016-02-14,15:34:00.990,47.93807882
2016-02-14,15:34:01.993,47.93806674
2016-02-14,15:34:02.987,47.93805403
2016-02-14,15:34:03.992,47.93804035
2016-02-14,15:34:04.989,47.93802692
2016-02-14,15:34:05.986,47.9380136
2016-02-14,15:34:06.992,47.93800026
2016-02-14,15:34:07.986,47.93798727
2016-02-14,15:34:08.992,47.93797398
2016-02-14,15:34:09.983,47.93796027
2016-02-14,15:34:10.992,47.93794568
2016-02-14,15:34:11.987,47.93793024
2016-02-14,15:34:12.985,47.93791467
2016-02-14,15:34:13.993,47.9379003
2016-02-14,15:34:14.987,47.93788624
2016-02-14,15:34:16.017,47.93787174
2016-02-14,15:34:16.987,47.93785802
2016-02-14,15:34:17.993,47.93784425
2016-02-14,15:34:18.987,47.93783113
2016-02-14,15:34:19.991,47.93781852
2016-02-14,15:34:20.988,47.93780658
2016-02-14,15:34:21.991,47.93779432
2016-02-14,15:34:22.994,47.9377823
2016-02-14,15:34:23.985,47.93777019
2016-02-14,15:34:24.994,47.93775815
2016-02-14,15:34:25.986,47.93774541
2016-02-14,15:34:26.993,47.93773259
2016-02-14,15:34:27.987,47.9377202
2016-02-14,15:34:28.986,47.93770811
2016-02-14,15:34:29.992,47.93769583
2016-02-14,15:34:30.986,47.93768395
2016-02-14,15:34:31.993,47.93767213
2016-02-14,15:34:32.987,47.93766071
2016-02-14,15:34:33.993,47.93764906
2016-02-14,15:34:34.987,47.93763687
2016-02-14,15:34:35.991,47.93762343
2016-02-14,15:34:36.986,47.93760906
2016-02-14,15:34:37.986,47.93759458
2016-02-14,15:34:38.994,47.93757992
2016-02-14,15:34:39.988,47.93756457
2016-02-14,15:34:40.994,47.93754873
2016-02-14,15:34:41.994,47.93753312
2016-02-14,15:34:42.993,47.93751883
2016-02-14,15:34:43.986,47.93750423
2016-02-14,15:34:44.986,47.9374891
2016-02-14,15:34:45.995,47.93747371
2016-02-14,15:34:46.986,47.93745881
2016-02-14,15:35:17.988,47.93715446
2016-02-14,15:35:18.987,47.9371204
2016-02-14,15:35:19.989,47.93709618
2016-02-14,15:35:20.986,47.93707456
2016-02-14,15:35:21.989,47.93704631
2016-02-14,15:35:22.988,47.93702804
2016-02-14,15:35:24.012,47.93701154
2016-02-14,15:35:24.989,47.93699529
2016-02-14,15:35:25.988,47.93697977
2016-02-14,15:35:26.988,47.93696459
2016-02-14,15:35:27.988,47.93694924
2016-02-14,15:35:28.987,47.93693397
2016-02-14,15:35:29.989,47.9369188
2016-02-14,15:35:30.990,47.93690418
2016-02-14,15:35:31.989,47.93688944
2016-02-14,15:35:32.988,47.93687368
2016-02-14,15:35:33.989,47.9368578
2016-02-14,15:35:34.986,47.93684109
2016-02-14,15:35:35.995,47.93682686
2016-02-14,15:35:36.988,47.93681182
2016-02-14,15:35:38.019,47.93679729
2016-02-14,15:35:38.986,47.93678323
2016-02-14,15:35:40.026,47.93676904
2016-02-14,15:35:41.036,47.93675555
2016-02-14,15:35:42.032,47.93674235
2016-02-14,15:35:43.923,47.93672927
2016-02-14,15:35:44.994,47.93670282
2016-02-14,15:35:45.987,47.93668947
2016-02-14,15:35:46.994,47.93667588
2016-02-14,15:35:47.987,47.93666253
2016-02-14,15:35:48.985,47.9366491
2016-02-14,15:35:49.995,47.93663526
2016-02-14,15:35:50.987,47.93662111
2016-02-14,15:35:51.993,47.93660663
2016-02-14,15:35:52.987,47.93659278
2016-02-14,15:35:54.021,47.9365812
2016-02-14,15:35:54.986,47.93656839
2016-02-14,15:35:55.992,47.93655825
2016-02-14,15:35:56.987,47.93654819
2016-02-14,15:35:57.985,47.93653833
2016-02-14,15:35:58.995,47.93652852
2016-02-14,15:35:59.987,47.93651796
2016-02-14,15:36:00.996,47.93650711
2016-02-14,15:36:01.987,47.93649745
2016-02-14,15:36:02.988,47.93648714
2016-02-14,15:36:03.986,47.93647601
2016-02-14,15:36:04.988,47.93646604
2016-02-14,15:36:05.993,47.93645557
2016-02-14,15:36:06.987,47.93644422
2016-02-14,15:36:07.995,47.93643262
2016-02-14,15:36:08.986,47.93642058
2016-02-14,15:36:09.995,47.93640931
2016-02-14,15:36:10.987,47.93639828
2016-02-14,15:36:11.992,47.93638699
2016-02-14,15:36:12.989,47.93637655
2016-02-14,15:36:13.985,47.93636575
2016-02-14,15:36:14.995,47.93635575
2016-02-14,15:36:16.815,47.93634492
2016-02-14,15:36:18.046,47.93632452
2016-02-14,15:36:19.043,47.93631546
2016-02-14,15:36:20.924,47.93630796
2016-02-14,15:36:21.995,47.9362904
2016-02-14,15:36:22.989,47.93628057
2016-02-14,15:36:23.993,47.93626981
2016-02-14,15:36:24.987,47.93625977
2016-02-14,15:36:25.993,47.93625016
2016-02-14,15:36:26.987,47.93624092
2016-02-14,15:36:27.992,47.93623252
2016-02-14,15:36:28.987,47.93622328
2016-02-14,15:36:30.047,47.93621298
2016-02-14,15:36:30.987,47.93620209
2016-02-14,15:36:31.986,47.9361909
2016-02-14,15:36:32.995,47.93618032
2016-02-14,15:36:33.989,47.93617198
2016-02-14,15:36:34.994,47.93615885
2016-02-14,15:36:35.989,47.93614744
2016-02-14,15:36:36.986,47.93613585
2016-02-14,15:36:37.994,47.93612393
2016-02-14,15:36:38.988,47.93611233
2016-02-14,15:36:39.996,47.93610049
2016-02-14,15:36:40.989,47.93608874
2016-02-14,15:36:41.993,47.93607829
2016-02-14,15:36:42.986,47.93606755
2016-02-14,15:36:43.998,47.93605695
2016-02-14,15:36:44.991,47.93604799
2016-02-14,15:36:45.987,47.93603893
2016-02-14,15:36:46.986,47.93602901
2016-02-14,15:36:47.987,47.93601865
2016-02-14,15:36:48.995,47.93600855
2016-02-14,15:36:49.988,47.93599825
2016-02-14,15:36:50.995,47.93598797
2016-02-14,15:36:51.988,47.93597954
2016-02-14,15:36:52.985,47.93597019
2016-02-14,15:36:53.986,47.93596085
2016-02-14,15:36:54.986,47.9359509
2016-02-14,15:36:56.063,47.93594264
2016-02-14,15:36:57.783,47.9359367
2016-02-14,15:36:58.987,47.93591965
2016-02-14,15:36:59.999,47.93591077
2016-02-14,15:37:00.993,47.93590158
2016-02-14,15:37:01.992,47.93589205
2016-02-14,15:37:02.997,47.93588301
2016-02-14,15:37:03.991,47.93587415
2016-02-14,15:37:04.996,47.93586585
2016-02-14,15:37:05.987,47.93585786
2016-02-14,15:37:06.992,47.93584936
2016-02-14,15:37:07.986,47.93584054
2016-02-14,15:37:08.986,47.93583206
2016-02-14,15:37:09.994,47.93582282
2016-02-14,15:37:10.986,47.93581413
2016-02-14,15:37:11.993,47.93580408
2016-02-14,15:37:12.987,47.93579392
2016-02-14,15:37:14.015,47.93578394
2016-02-14,15:37:14.988,47.93577518
2016-02-14,15:37:15.995,47.93576761
2016-02-14,15:37:16.990,47.93575967
2016-02-14,15:37:17.987,47.93575146
2016-02-14,15:37:18.995,47.93574308
2016-02-14,15:37:19.987,47.935735
2016-02-14,15:37:20.995,47.93572868
2016-02-14,15:37:21.990,47.93572274
2016-02-14,15:37:22.996,47.93571608
2016-02-14,15:37:23.988,47.93570882
2016-02-14,15:37:24.986,47.93570107
2016-02-14,15:37:25.996,47.93569394
2016-02-14,15:37:26.986,47.93568576
2016-02-14,15:37:27.995,47.9356788
2016-02-14,15:37:29.038,47.9356719
2016-02-14,15:37:30.029,47.9356642
2016-02-14,15:37:30.987,47.93565486
2016-02-14,15:37:32.037,47.93564411
2016-02-14,15:37:33.022,47.93563325
2016-02-14,15:37:33.986,47.93562236
2016-02-14,15:37:34.986,47.93561183
2016-02-14,15:37:35.988,47.93560103
2016-02-14,15:37:37.017,47.93559007
2016-02-14,15:37:37.988,47.93557813
2016-02-14,15:37:38.996,47.93556505
2016-02-14,15:37:39.987,47.93555248
2016-02-14,15:37:40.987,47.9355401
2016-02-14,15:37:41.996,47.93552702
2016-02-14,15:37:42.989,47.93551483
2016-02-14,15:37:43.993,47.93550298
2016-02-14,15:37:44.988,47.93549084
2016-02-14,15:37:45.995,47.93547878
2016-02-14,15:37:47.008,47.93546715
2016-02-14,15:37:47.989,47.9354554
2016-02-14,15:37:48.987,47.93544341
2016-02-14,15:37:49.986,47.93543204
2016-02-14,15:37:50.995,47.93542037
2016-02-14,15:37:51.988,47.93540936
2016-02-14,15:37:52.996,47.93539868
2016-02-14,15:37:53.989,47.9353884
2016-02-14,15:37:54.995,47.93537842
2016-02-14,15:37:55.988,47.93536999
2016-02-14,15:37:57.018,47.93536217
2016-02-14,15:37:57.986,47.93535385
2016-02-14,15:37:58.987,47.93534525
2016-02-14,15:37:59.996,47.93533616
2016-02-14,15:38:00.987,47.93532679
2016-02-14,15:38:01.993,47.93531695
2016-02-14,15:38:02.987,47.93530737
2016-02-14,15:38:03.994,47.9352995
2016-02-14,15:38:05.004,47.935293
2016-02-14,15:38:05.987,47.9352849
2016-02-14,15:38:07.005,47.93527438
2016-02-14,15:38:07.988,47.93526349
2016-02-14,15:38:09.061,47.93525322
2016-02-14,15:38:09.997,47.93524461
2016-02-14,15:38:10.992,47.93523565
2016-02-14,15:38:12.000,47.93522606
2016-02-14,15:38:12.987,47.93521662
2016-02-14,15:38:13.988,47.93520936
2016-02-14,15:38:14.986,47.93520273
2016-02-14,15:38:15.996,47.93519437
2016-02-14,15:38:16.988,47.93518528
2016-02-14,15:38:17.990,47.93517751
2016-02-14,15:38:18.988,47.93516973
2016-02-14,15:38:19.993,47.93516169
2016-02-14,15:38:20.987,47.93515519
2016-02-14,15:38:21.988,47.93515022
2016-02-14,15:38:22.996,47.93514459
2016-02-14,15:38:23.989,47.93513808
2016-02-14,15:38:24.993,47.93513175
2016-02-14,15:38:25.988,47.93512593
2016-02-14,15:38:26.992,47.93512022
2016-02-14,15:38:27.987,47.93511375
2016-02-14,15:38:28.986,47.9351063
2016-02-14,15:38:29.995,47.93509916
2016-02-14,15:38:30.990,47.93509295
2016-02-14,15:38:31.995,47.93508767
2016-02-14,15:38:32.989,47.93508154
2016-02-14,15:38:33.995,47.93507592
2016-02-14,15:38:34.989,47.93506913
2016-02-14,15:38:35.997,47.9350648
2016-02-14,15:38:36.996,47.9350587
2016-02-14,15:38:37.990,47.93505207
2016-02-14,15:38:38.996,47.93504544
2016-02-14,15:38:39.993,47.93503959
2016-02-14,15:38:40.995,47.93503298
2016-02-14,15:38:41.987,47.93502637
2016-02-14,15:38:43.170,47.93502012
2016-02-14,15:38:44.987,47.93500809
2016-02-14,15:38:45.996,47.93500093
2016-02-14,15:38:46.987,47.93499411
2016-02-14,15:38:47.996,47.93498667
2016-02-14,15:38:48.989,47.93497921
2016-02-14,15:38:49.988,47.93497261
2016-02-14,15:38:50.989,47.93496111
2016-02-14,15:38:51.995,47.93495651
2016-02-14,15:38:52.988,47.93495138
2016-02-14,15:38:53.988,47.93494499
2016-02-14,15:38:54.996,47.93493778
2016-02-14,15:38:55.989,47.93493023
2016-02-14,15:38:56.995,47.93492292
2016-02-14,15:38:57.989,47.93491655
2016-02-14,15:38:58.995,47.93491226
2016-02-14,15:38:59.988,47.93490775
2016-02-14,15:39:00.990,47.93490328
2016-02-14,15:39:01.987,47.93489752
2016-02-14,15:39:02.988,47.93489182
2016-02-14,15:39:03.988,47.93488678
2016-02-14,15:39:04.988,47.93488258
2016-02-14,15:39:05.997,47.93487865
2016-02-14,15:39:06.988,47.93487317
2016-02-14,15:39:07.995,47.93486718
2016-02-14,15:39:08.986,47.93486043
2016-02-14,15:39:09.986,47.93485558
2016-02-14,15:39:10.995,47.93485166
2016-02-14,15:39:11.988,47.93484612
2016-02-14,15:39:12.997,47.93483912
2016-02-14,15:39:13.988,47.9348296
2016-02-14,15:39:15.063,47.93481906
2016-02-14,15:39:15.988,47.9348082
2016-02-14,15:39:16.987,47.93479793
2016-02-14,15:39:17.995,47.93478919
2016-02-14,15:39:18.989,47.93478164
2016-02-14,15:39:19.989,47.93477601
2016-02-14,15:39:20.995,47.93476933
2016-02-14,15:39:21.991,47.93476094
2016-02-14,15:39:22.988,47.93475225
2016-02-14,15:39:23.994,47.93474271
2016-02-14,15:39:24.991,47.93473597
2016-02-14,15:39:25.987,47.93473045
2016-02-14,15:39:26.996,47.93472608
2016-02-14,15:39:27.988,47.93472227
2016-02-14,15:39:28.994,47.93471726
2016-02-14,15:39:29.988,47.93471113
2016-02-14,15:39:30.995,47.93470522
2016-02-14,15:39:31.991,47.93470099
2016-02-14,15:39:32.989,47.93469656
2016-02-14,15:39:33.995,47.93469051
2016-02-14,15:39:34.989,47.93468116
2016-02-14,15:39:35.988,47.93467439
2016-02-14,15:39:36.992,47.93466378
2016-02-14,15:39:37.996,47.9346571
2016-02-14,15:39:38.988,47.93464785
2016-02-14,15:39:39.989,47.93464188
2016-02-14,15:39:40.987,47.93462531
2016-02-14,15:39:41.996,47.93461306
2016-02-14,15:39:42.998,47.93460162
2016-02-14,15:39:43.987,47.93459332
2016-02-14,15:39:44.988,47.93457553
2016-02-14,15:39:45.985,47.934564
2016-02-14,15:39:46.995,47.93455534
2016-02-14,15:40:18.989,47.9344402
2016-02-14,15:40:19.988,47.93445452
2016-02-14,15:40:20.993,47.93446168
2016-02-14,15:40:21.994,47.93445421
2016-02-14,15:40:23.068,47.93444997
2016-02-14,15:40:23.992,47.93443591
2016-02-14,15:40:25.061,47.9344268
2016-02-14,15:40:26.018,47.93441309
2016-02-14,15:40:27.012,47.93439882
2016-02-14,15:40:27.987,47.93438398
2016-02-14,15:40:28.994,47.93437062
2016-02-14,15:40:30.070,47.93435571
2016-02-14,15:40:30.996,47.93434247
2016-02-14,15:40:32.005,47.93433022
2016-02-14,15:40:33.033,47.93432071
2016-02-14,15:40:33.998,47.93431164
2016-02-14,15:40:35.007,47.9343053
2016-02-14,15:40:35.987,47.93429977
2016-02-14,15:40:37.056,47.93429108
2016-02-14,15:40:38.006,47.93428269
2016-02-14,15:40:38.987,47.93427617
2016-02-14,15:40:40.010,47.93426915
2016-02-14,15:40:41.012,47.93426167
2016-02-14,15:40:42.005,47.93425423
2016-02-14,15:40:42.987,47.93424567
2016-02-14,15:40:44.079,47.93423555
2016-02-14,15:40:44.987,47.93422512
2016-02-14,15:40:45.986,47.93421591
2016-02-14,15:40:47.009,47.93420918
2016-02-14,15:40:48.008,47.93420251
2016-02-14,15:40:48.995,47.9341972
2016-02-14,15:40:49.987,47.93419235
2016-02-14,15:40:51.143,47.93418873
2016-02-14,15:40:51.990,47.93418433
2016-02-14,15:40:52.987,47.93417971
2016-02-14,15:40:54.011,47.93417327
2016-02-14,15:40:54.990,47.9341664
2016-02-14,15:40:56.797,47.9341567
2016-02-14,15:40:56.988,47.9341465
2016-02-14,15:40:58.068,47.93413707
2016-02-14,15:40:59.022,47.93412927
2016-02-14,15:40:59.993,47.93412284
2016-02-14,15:41:01.002,47.93411626
2016-02-14,15:41:01.986,47.9341098
2016-02-14,15:41:02.995,47.93410432
2016-02-14,15:41:03.990,47.93410105
2016-02-14,15:41:04.994,47.93409828
2016-02-14,15:41:05.989,47.93409342
2016-02-14,15:41:06.997,47.93408991
2016-02-14,15:41:07.990,47.93408527
2016-02-14,15:41:08.988,47.93407996
2016-02-14,15:41:10.000,47.93407452
2016-02-14,15:41:10.994,47.93406909
2016-02-14,15:41:11.998,47.93406131
2016-02-14,15:41:13.023,47.9340583
2016-02-14,15:41:13.995,47.93405894
2016-02-14,15:41:14.988,47.93405699
2016-02-14,15:41:15.994,47.93405411
2016-02-14,15:41:16.989,47.93405049
2016-02-14,15:41:17.988,47.93404971
2016-02-14,15:41:18.996,47.93404316
2016-02-14,15:41:19.990,47.93403515
2016-02-14,15:41:20.996,47.93402923
2016-02-14,15:41:21.989,47.93402752
2016-02-14,15:41:22.997,47.93402784
2016-02-14,15:41:23.990,47.93402838
2016-02-14,15:41:24.987,47.93403
2016-02-14,15:41:25.996,47.93403626
2016-02-14,15:41:27.617,47.93403737
2016-02-14,15:41:27.998,47.93403534
2016-02-14,15:41:28.992,47.93403199
2016-02-14,15:41:29.996,47.9340287
2016-02-14,15:41:30.989,47.93402846
2016-02-14,15:41:31.997,47.93402879
2016-02-14,15:41:32.993,47.93402788
2016-02-14,15:41:33.990,47.93402397
2016-02-14,15:41:34.996,47.93401516
2016-02-14,15:41:35.989,47.93400292
2016-02-14,15:41:36.997,47.93399149
2016-02-14,15:41:37.989,47.93397989
2016-02-14,15:41:38.997,47.93396842
2016-02-14,15:41:39.989,47.9339567
2016-02-14,15:41:40.990,47.93394485
2016-02-14,15:41:41.995,47.93393278
2016-02-14,15:41:42.990,47.9339209
2016-02-14,15:41:44.033,47.93390783
2016-02-14,15:41:44.988,47.93389618
2016-02-14,15:41:47.365,47.93388068
2016-02-14,15:41:48.991,47.9338641
2016-02-14,15:41:49.988,47.93385738
2016-02-14,15:41:50.988,47.93384359
2016-02-14,15:41:51.989,47.93383256
2016-02-14,15:41:52.996,47.93382118
2016-02-14,15:41:53.994,47.93380866
2016-02-14,15:41:54.997,47.93379438
2016-02-14,15:41:55.990,47.93377786
2016-02-14,15:41:56.988,47.93376116
2016-02-14,15:41:57.997,47.93374422
2016-02-14,15:41:58.990,47.93372771
2016-02-14,15:41:59.997,47.9337109
2016-02-14,15:42:00.990,47.93369486
2016-02-14,15:42:01.995,47.93368068
2016-02-14,15:42:02.990,47.93366687
2016-02-14,15:42:03.990,47.93365277
2016-02-14,15:42:04.988,47.9336369
2016-02-14,15:42:05.988,47.93362173
2016-02-14,15:42:06.997,47.93360946
2016-02-14,15:42:07.991,47.93359922
2016-02-14,15:42:08.997,47.93358903
2016-02-14,15:42:09.991,47.93357817
2016-02-14,15:42:10.997,47.9335661
2016-02-14,15:42:11.990,47.93355408
2016-02-14,15:42:12.988,47.93354174
2016-02-14,15:42:13.999,47.93352887
2016-02-14,15:42:14.990,47.93351524
2016-02-14,15:42:15.996,47.93350409
2016-02-14,15:42:16.988,47.93349373
2016-02-14,15:42:17.996,47.93348293
2016-02-14,15:42:19.033,47.93347248
2016-02-14,15:42:20.028,47.93346067
2016-02-14,15:42:21.003,47.93344885
2016-02-14,15:42:21.997,47.9334365
2016-02-14,15:42:22.997,47.9334218
2016-02-14,15:42:24.450,47.93340695
2016-02-14,15:42:25.990,47.93337657
2016-02-14,15:42:26.996,47.93336111
2016-02-14,15:42:27.989,47.93334453
2016-02-14,15:42:28.991,47.93332823
2016-02-14,15:42:29.994,47.93331262
2016-02-14,15:42:30.988,47.93329914
2016-02-14,15:42:31.996,47.93328708
2016-02-14,15:42:32.990,47.9332757
2016-02-14,15:42:33.998,47.93326572
2016-02-14,15:42:34.992,47.9332539
2016-02-14,15:42:35.994,47.93324127
2016-02-14,15:42:36.998,47.93322935
2016-02-14,15:42:37.990,47.93321714
2016-02-14,15:42:38.989,47.93320438
2016-02-14,15:42:39.988,47.93319255
2016-02-14,15:42:40.990,47.9331815
2016-02-14,15:42:41.988,47.93316723
2016-02-14,15:42:42.997,47.93315211
2016-02-14,15:42:43.994,47.93313961
2016-02-14,15:42:44.989,47.93312779
2016-02-14,15:42:45.997,47.93311516
2016-02-14,15:42:46.990,47.93310242
2016-02-14,15:42:47.997,47.93308786
2016-02-14,15:42:48.990,47.93307307
2016-02-14,15:42:49.996,47.93305729
2016-02-14,15:42:50.990,47.93304178
2016-02-14,15:42:51.993,47.93302642
2016-02-14,15:42:52.989,47.93301213
2016-02-14,15:42:53.990,47.93299855
2016-02-14,15:42:54.994,47.93298542
2016-02-14,15:42:55.992,47.93297291
2016-02-14,15:42:56.999,47.93296006
2016-02-14,15:42:58.044,47.93294647
2016-02-14,15:42:59.048,47.93293284
2016-02-14,15:43:00.043,47.93291875
2016-02-14,15:43:00.988,47.93290576
2016-02-14,15:43:01.988,47.93289266
2016-02-14,15:43:02.990,47.93287948
2016-02-14,15:43:03.996,47.93286379
2016-02-14,15:43:04.990,47.93284893
2016-02-14,15:43:05.994,47.93283524
2016-02-14,15:43:06.989,47.93282093
2016-02-14,15:43:07.997,47.93280537
2016-02-14,15:43:08.992,47.93278952
2016-02-14,15:43:09.990,47.93277397
2016-02-14,15:43:10.992,47.93275847
2016-02-14,15:43:11.989,47.93274333
2016-02-14,15:43:12.989,47.93272739
2016-02-14,15:43:13.988,47.93271138
2016-02-14,15:43:14.997,47.93269663
2016-02-14,15:43:15.990,47.93268389
2016-02-14,15:43:16.986,47.93267252
2016-02-14,15:43:17.996,47.93266063
2016-02-14,15:43:18.992,47.93264848
2016-02-14,15:43:19.988,47.93263621
2016-02-14,15:43:20.987,47.93262429
2016-02-14,15:43:21.998,47.93261417
2016-02-14,15:43:22.991,47.93260284
2016-02-14,15:43:23.997,47.93258976
2016-02-14,15:43:24.990,47.93257531
2016-02-14,15:43:25.989,47.93256044
2016-02-14,15:43:26.995,47.93254443
2016-02-14,15:43:27.989,47.9325276
2016-02-14,15:43:28.998,47.93251286
2016-02-14,15:43:29.990,47.93249832
2016-02-14,15:43:30.990,47.9324839
2016-02-14,15:43:31.992,47.93247009
2016-02-14,15:43:32.991,47.93245645
2016-02-14,15:43:33.990,47.93244307
2016-02-14,15:43:34.996,47.93243044
2016-02-14,15:43:35.990,47.93241806
2016-02-14,15:43:37.038,47.93240497
2016-02-14,15:43:38.045,47.93239035
2016-02-14,15:43:38.996,47.93237509
2016-02-14,15:43:39.999,47.93235964
2016-02-14,15:43:40.996,47.93234441
2016-02-14,15:43:41.993,47.93232894
2016-02-14,15:43:42.996,47.93231338
2016-02-14,15:43:43.990,47.93229817
2016-02-14,15:43:44.991,47.93228395
2016-02-14,15:43:45.991,47.93226955
2016-02-14,15:43:46.990,47.93225578
2016-02-14,15:43:47.992,47.93224211
2016-02-14,15:43:48.990,47.932229
2016-02-14,15:43:49.989,47.93221547
2016-02-14,15:43:50.991,47.93220255
2016-02-14,15:43:51.991,47.93218895
2016-02-14,15:43:52.989,47.9321753
2016-02-14,15:43:53.993,47.93216133
2016-02-14,15:43:54.990,47.93214746
2016-02-14,15:43:56.005,47.93213316
2016-02-14,15:43:56.989,47.93211873
2016-02-14,15:43:57.989,47.93210443
2016-02-14,15:43:58.998,47.93209104
2016-02-14,15:43:59.991,47.93207883
2016-02-14,15:44:01.011,47.9320664
2016-02-14,15:44:01.991,47.93205337
2016-02-14,15:44:02.997,47.93203969
2016-02-14,15:44:03.991,47.93202444
2016-02-14,15:44:04.990,47.93201063
2016-02-14,15:44:05.996,47.93199779
2016-02-14,15:44:06.990,47.93198374
2016-02-14,15:44:07.997,47.93197738
2016-02-14,15:44:08.990,47.93196975
2016-02-14,15:44:10.034,47.93196105
2016-02-14,15:44:11.037,47.93195136
2016-02-14,15:44:12.040,47.931941
2016-02-14,15:44:13.033,47.93193073
2016-02-14,15:44:13.991,47.93191974
2016-02-14,15:44:14.994,47.93190762
2016-02-14,15:44:15.997,47.9318948
2016-02-14,15:44:16.998,47.93188117
2016-02-14,15:44:17.992,47.9318673
2016-02-14,15:44:18.996,47.93185404
2016-02-14,15:44:19.990,47.93184005
2016-02-14,15:44:20.989,47.93182526
2016-02-14,15:44:21.992,47.9318119
2016-02-14,15:44:22.987,47.93179813
2016-02-14,15:44:23.999,47.93178467
2016-02-14,15:44:24.992,47.93177155
2016-02-14,15:44:25.997,47.93175858
2016-02-14,15:44:26.990,47.9317444
2016-02-14,15:44:28.000,47.93173039
2016-02-14,15:44:28.999,47.93171678
2016-02-14,15:44:29.989,47.9317044
2016-02-14,15:44:31.000,47.93169214
2016-02-14,15:44:31.991,47.93167974
2016-02-14,15:44:32.997,47.93166749
2016-02-14,15:44:33.990,47.93165355
2016-02-14,15:44:34.996,47.93164027
2016-02-14,15:44:35.990,47.93162643
2016-02-14,15:44:36.989,47.93161243
2016-02-14,15:44:37.998,47.93159728
2016-02-14,15:44:38.991,47.93158237
2016-02-14,15:44:39.998,47.93156905
2016-02-14,15:44:40.992,47.93155697
2016-02-14,15:44:41.998,47.93154605
2016-02-14,15:44:42.989,47.93153241
2016-02-14,15:44:43.999,47.93152062
2016-02-14,15:44:44.991,47.93150899
2016-02-14,15:44:45.990,47.93149666
2016-02-14,15:44:46.999,47.93148391
2016-02-14,15:44:47.993,47.93147115
2016-02-14,15:44:49.033,47.93145933
2016-02-14,15:44:50.034,47.93144628
2016-02-14,15:44:51.045,47.93143209
2016-02-14,15:44:52.019,47.93141823
2016-02-14,15:44:52.990,47.93140452
2016-02-14,15:44:53.993,47.93139097
2016-02-14,15:44:54.989,47.9313774
2016-02-14,15:44:55.997,47.93136324
2016-02-14,15:44:56.991,47.93134848
2016-02-14,15:44:57.999,47.93133237
2016-02-14,15:44:58.991,47.93131773
2016-02-14,15:44:59.991,47.93130704
2016-02-14,15:45:00.991,47.93129616
2016-02-14,15:45:01.989,47.93128491
2016-02-14,15:45:02.998,47.93127391
2016-02-14,15:45:03.992,47.93126251
2016-02-14,15:45:05.011,47.93124899
2016-02-14,15:45:05.989,47.93123435
2016-02-14,15:45:06.996,47.93121881
2016-02-14,15:45:07.990,47.93120321
2016-02-14,15:45:08.990,47.93118782
2016-02-14,15:45:09.998,47.93117548
2016-02-14,15:45:10.991,47.9311632
2016-02-14,15:45:11.996,47.93115245
2016-02-14,15:45:12.991,47.93114191
2016-02-14,15:45:13.999,47.93113066
2016-02-14,15:45:14.993,47.93111832
2016-02-14,15:45:15.996,47.9311053
2016-02-14,15:45:17.004,47.93109131
2016-02-14,15:45:17.991,47.93107802
2016-02-14,15:45:18.999,47.93106559
2016-02-14,15:45:19.994,47.93105357
2016-02-14,15:45:20.998,47.93104125
2016-02-14,15:45:21.990,47.93102791
2016-02-14,15:45:23.014,47.93101455
2016-02-14,15:45:23.991,47.93100108
2016-02-14,15:45:24.990,47.93099001
2016-02-14,15:45:26.502,47.93097916
2016-02-14,15:45:28.477,47.93095585
2016-02-14,15:45:28.991,47.93094373
2016-02-14,15:45:30.003,47.93093169
2016-02-14,15:45:30.991,47.93091841
2016-02-14,15:45:31.996,47.93090604
2016-02-14,15:45:32.991,47.9308942
2016-02-14,15:45:33.990,47.93088237
2016-02-14,15:45:34.998,47.9308705
2016-02-14,15:45:35.990,47.93085928
2016-02-14,15:45:36.999,47.93084875
2016-02-14,15:45:37.990,47.93083655
2016-02-14,15:45:38.999,47.9308227
2016-02-14,15:45:39.991,47.93080818
2016-02-14,15:45:40.989,47.9307932
2016-02-14,15:45:41.998,47.93077741
2016-02-14,15:45:42.991,47.93076342
2016-02-14,15:45:43.998,47.93075053
2016-02-14,15:45:44.990,47.93073796
2016-02-14,15:45:45.999,47.9307246
2016-02-14,15:45:46.991,47.93071293
2016-02-14,15:45:47.997,47.93070258
2016-02-14,15:45:48.998,47.93069378
2016-02-14,15:45:49.992,47.93068665
2016-02-14,15:45:50.990,47.93067831
2016-02-14,15:45:51.989,47.93066736
2016-02-14,15:45:52.999,47.93065469
2016-02-14,15:45:53.991,47.93064093
2016-02-14,15:45:54.999,47.9306276
2016-02-14,15:45:55.995,47.93061437
2016-02-14,15:45:56.988,47.9306003
2016-02-14,15:45:57.999,47.93058794
2016-02-14,15:45:58.991,47.93057656
2016-02-14,15:45:59.996,47.9305633
2016-02-14,15:46:01.039,47.930551
2016-02-14,15:46:01.997,47.93053896
2016-02-14,15:46:02.990,47.93052615
2016-02-14,15:46:03.998,47.93051267
2016-02-14,15:46:04.992,47.93049727
2016-02-14,15:46:05.990,47.93048152
2016-02-14,15:46:06.997,47.93046599
2016-02-14,15:46:07.992,47.93045039
2016-02-14,15:46:08.993,47.93043478
2016-02-14,15:46:09.991,47.93041904
2016-02-14,15:46:10.997,47.93040506
2016-02-14,15:46:11.991,47.93039132
2016-02-14,15:46:12.990,47.93037788
2016-02-14,15:46:13.998,47.93036496
2016-02-14,15:46:14.991,47.93035282
2016-02-14,15:46:15.989,47.93034125
2016-02-14,15:46:16.989,47.93032917
2016-02-14,15:46:17.995,47.930317
2016-02-14,15:46:18.992,47.93030555
2016-02-14,15:46:19.997,47.93029415
2016-02-14,15:46:20.990,47.93028352
2016-02-14,15:46:21.990,47.93027407
2016-02-14,15:46:22.988,47.93026392
2016-02-14,15:46:23.991,47.93025312
2016-02-14,15:46:24.992,47.93024362
2016-02-14,15:46:25.990,47.93023393
2016-02-14,15:46:26.999,47.93022431
2016-02-14,15:46:27.991,47.93021564
2016-02-14,15:46:28.988,47.93020438
2016-02-14,15:46:29.996,47.93018994
2016-02-14,15:46:30.989,47.9301755
2016-02-14,15:46:32.001,47.93016084
2016-02-14,15:46:33.268,47.93014613
2016-02-14,15:46:33.997,47.9301309
2016-02-14,15:46:34.989,47.93011692
2016-02-14,15:46:35.998,47.93010349
2016-02-14,15:46:36.995,47.93009111
2016-02-14,15:46:37.996,47.93007979
2016-02-14,15:46:38.993,47.93007031
2016-02-14,15:46:39.990,47.93005957
2016-02-14,15:46:40.997,47.93004808
2016-02-14,15:46:41.991,47.93003734
2016-02-14,15:46:42.997,47.93002654
2016-02-14,15:46:43.992,47.93001614
2016-02-14,15:46:44.990,47.93000489
2016-02-14,15:46:45.999,47.92999337
2016-02-14,15:46:46.992,47.92998141
2016-02-14,15:46:47.998,47.92997005
2016-02-14,15:46:48.994,47.92995786
2016-02-14,15:46:49.999,47.92994403
2016-02-14,15:46:50.990,47.92993002
2016-02-14,15:46:51.995,47.92991607
2016-02-14,15:46:52.991,47.92990149
2016-02-14,15:46:53.988,47.92988748
2016-02-14,15:46:54.989,47.92987281
2016-02-14,15:46:55.990,47.92985817
2016-02-14,15:46:57.000,47.92984435
2016-02-14,15:46:57.991,47.92983131
2016-02-14,15:46:58.997,47.92981942
2016-02-14,15:46:59.992,47.92980825
2016-02-14,15:47:00.991,47.92979707
2016-02-14,15:47:02.000,47.92978558
2016-02-14,15:47:02.992,47.92977446
2016-02-14,15:47:03.999,47.92976325
2016-02-14,15:47:04.992,47.92975199
2016-02-14,15:47:05.998,47.92973999
2016-02-14,15:47:06.992,47.92972798
2016-02-14,15:47:07.997,47.92971603
2016-02-14,15:47:09.000,47.92970238
2016-02-14,15:47:09.993,47.92968802
2016-02-14,15:47:11.023,47.92967373
2016-02-14,15:47:12.658,47.92965876
2016-02-14,15:47:14.010,47.92963035
2016-02-14,15:47:15.000,47.92961834
2016-02-14,15:47:15.991,47.92960641
2016-02-14,15:47:16.989,47.92959478
2016-02-14,15:47:17.997,47.92958277
2016-02-14,15:47:18.992,47.92957132
2016-02-14,15:47:20.001,47.92956087
2016-02-14,15:47:20.990,47.92955066
2016-02-14,15:47:22.016,47.92954225
2016-02-14,15:47:22.991,47.92953338
2016-02-14,15:47:24.012,47.92952377
2016-02-14,15:47:24.992,47.92951241
2016-02-14,15:47:25.991,47.92950084
2016-02-14,15:47:26.998,47.9294894
2016-02-14,15:47:27.992,47.92947745
2016-02-14,15:47:28.999,47.92946435
2016-02-14,15:47:29.993,47.92945055
2016-02-14,15:47:30.997,47.92943618
2016-02-14,15:47:32.002,47.9294215
2016-02-14,15:47:32.990,47.92940753
2016-02-14,15:47:33.992,47.9293933
2016-02-14,15:47:34.989,47.92937937
2016-02-14,15:47:35.991,47.92936597
2016-02-14,15:47:36.989,47.92935396
2016-02-14,15:47:37.999,47.92934208
2016-02-14,15:47:38.992,47.92933119
2016-02-14,15:47:39.992,47.92932159
2016-02-14,15:47:40.991,47.92931271
2016-02-14,15:47:41.991,47.92930386
2016-02-14,15:47:42.999,47.92929521
2016-02-14,15:47:43.993,47.92928573
2016-02-14,15:47:44.999,47.92927551
2016-02-14,15:47:45.992,47.92926483
2016-02-14,15:47:46.999,47.92925366
2016-02-14,15:47:47.992,47.92924251
2016-02-14,15:47:49.062,47.92923125
2016-02-14,15:47:50.046,47.92921976
2016-02-14,15:47:50.992,47.92920757
2016-02-14,15:47:52.000,47.92919411
2016-02-14,15:47:52.991,47.92918078
2016-02-14,15:47:53.997,47.92916811
2016-02-14,15:47:54.991,47.92915674
2016-02-14,15:47:55.999,47.9291462
2016-02-14,15:47:56.992,47.9291365
2016-02-14,15:47:57.990,47.92912641
2016-02-14,15:47:58.999,47.92911614
2016-02-14,15:47:59.991,47.92910592
2016-02-14,15:48:00.999,47.92909636
2016-02-14,15:48:01.992,47.92908713
2016-02-14,15:48:03.000,47.92907808
2016-02-14,15:48:03.992,47.92906862
2016-02-14,15:48:04.989,47.92905808
2016-02-14,15:48:05.999,47.92904677
2016-02-14,15:48:06.991,47.92903527
2016-02-14,15:48:07.997,47.92902495
2016-02-14,15:48:08.992,47.92901423
2016-02-14,15:48:10.000,47.92900315
2016-02-14,15:48:10.991,47.92899151
2016-02-14,15:48:11.997,47.9289806
2016-02-14,15:48:12.991,47.92897058
2016-02-14,15:48:13.991,47.92895991
2016-02-14,15:48:14.993,47.92894788
2016-02-14,15:48:15.990,47.92893794
2016-02-14,15:48:16.998,47.92892685
2016-02-14,15:48:17.990,47.92891615
2016-02-14,15:48:18.994,47.92890431
2016-02-14,15:48:19.990,47.92889166
2016-02-14,15:48:20.991,47.92887967
2016-02-14,15:48:21.999,47.92886725
2016-02-14,15:48:22.991,47.92885445
2016-02-14,15:48:24.000,47.92884148
2016-02-14,15:48:25.023,47.92882814
2016-02-14,15:48:26.049,47.92881407
2016-02-14,15:48:26.992,47.92880125
2016-02-14,15:48:27.995,47.92878799
2016-02-14,15:48:28.998,47.9287745
2016-02-14,15:48:29.988,47.92876399
2016-02-14,15:48:30.997,47.92875474
2016-02-14,15:48:31.992,47.92874662
2016-02-14,15:48:32.996,47.92873788
2016-02-14,15:48:33.990,47.92872899
2016-02-14,15:48:34.998,47.92872159
2016-02-14,15:48:35.991,47.92871197
2016-02-14,15:48:36.990,47.92870201
2016-02-14,15:48:37.999,47.92869163
2016-02-14,15:48:38.992,47.92868076
2016-02-14,15:48:39.999,47.92867064
2016-02-14,15:48:40.995,47.9286583
2016-02-14,15:48:41.999,47.9286468
2016-02-14,15:48:42.992,47.92863546
2016-02-14,15:48:44.021,47.9286241
2016-02-14,15:48:44.994,47.92861187
2016-02-14,15:48:45.992,47.92859931
2016-02-14,15:48:46.991,47.92858819
2016-02-14,15:48:47.993,47.92857826
2016-02-14,15:48:48.999,47.92856847
2016-02-14,15:48:49.991,47.92855541
2016-02-14,15:48:50.999,47.92854104
2016-02-14,15:48:51.991,47.92852707
2016-02-14,15:48:52.991,47.92851266
2016-02-14,15:48:53.992,47.92849695
2016-02-14,15:48:54.992,47.92848172
2016-02-14,15:48:55.999,47.92846668
2016-02-14,15:48:56.993,47.92845285
2016-02-14,15:48:58.001,47.92844035
2016-02-14,15:48:58.993,47.92842957
2016-02-14,15:48:59.995,47.92841863
2016-02-14,15:49:01.043,47.92840671
2016-02-14,15:49:02.039,47.92839508
2016-02-14,15:49:03.047,47.92838341
2016-02-14,15:49:04.041,47.92837385
2016-02-14,15:49:05.050,47.92836474
2016-02-14,15:49:05.993,47.92835532
2016-02-14,15:49:06.997,47.92834401
2016-02-14,15:49:07.993,47.92832868
2016-02-14,15:49:08.989,47.92831321
2016-02-14,15:49:09.998,47.92829968
2016-02-14,15:49:10.992,47.92828667
2016-02-14,15:49:12.000,47.92827362
2016-02-14,15:49:12.993,47.9282596
2016-02-14,15:49:14.000,47.92824559
2016-02-14,15:49:14.990,47.92823172
2016-02-14,15:49:15.997,47.92821714
2016-02-14,15:49:16.992,47.92820291
2016-02-14,15:49:17.990,47.92818872
2016-02-14,15:49:19.002,47.92817536
2016-02-14,15:49:19.994,47.92816284
2016-02-14,15:49:20.998,47.92814972
2016-02-14,15:49:21.991,47.92813576
2016-02-14,15:49:22.995,47.92812139
2016-02-14,15:49:23.992,47.92810863
2016-02-14,15:49:24.989,47.92809634
2016-02-14,15:49:25.989,47.92808405
2016-02-14,15:49:26.990,47.92807081
2016-02-14,15:49:27.998,47.92805766
2016-02-14,15:49:28.992,47.92804496
2016-02-14,15:49:29.999,47.92803237
2016-02-14,15:49:30.992,47.92801847
2016-02-14,15:49:31.995,47.92800419
2016-02-14,15:49:32.991,47.92798892
2016-02-14,15:49:33.992,47.92797492
2016-02-14,15:49:35.000,47.9279613
2016-02-14,15:49:35.991,47.92794733
2016-02-14,15:49:36.996,47.92793454
2016-02-14,15:49:38.049,47.92792147
2016-02-14,15:49:39.055,47.92790733
2016-02-14,15:49:40.054,47.92789168
2016-02-14,15:49:41.031,47.92787672
2016-02-14,15:49:42.043,47.92786098
2016-02-14,15:49:42.993,47.92784547
2016-02-14,15:49:44.027,47.92783249
2016-02-14,15:49:44.991,47.92782068
2016-02-14,15:49:46.000,47.92780903
2016-02-14,15:49:46.993,47.92779605
2016-02-14,15:49:47.998,47.92778382
2016-02-14,15:49:48.996,47.92777155
2016-02-14,15:49:49.992,47.92775769
2016-02-14,15:49:50.991,47.92774356
2016-02-14,15:49:51.994,47.92773087
2016-02-14,15:49:53.000,47.92772028
2016-02-14,15:49:53.993,47.92770785
2016-02-14,15:49:54.999,47.92769504
2016-02-14,15:49:55.991,47.9276807
2016-02-14,15:49:56.990,47.92766662
2016-02-14,15:49:57.998,47.92765253
2016-02-14,15:49:58.993,47.92763947
2016-02-14,15:49:59.990,47.92762492
2016-02-14,15:50:01.004,47.92760976
2016-02-14,15:50:02.021,47.92759456
2016-02-14,15:50:02.992,47.92757875
2016-02-14,15:50:04.000,47.927564
2016-02-14,15:50:04.994,47.92755316
2016-02-14,15:50:05.991,47.92754708
2016-02-14,15:50:06.996,47.92753975
2016-02-14,15:50:07.992,47.92753016
2016-02-14,15:50:09.000,47.92751884
2016-02-14,15:50:09.993,47.9275069
2016-02-14,15:50:10.999,47.92749426
2016-02-14,15:50:11.991,47.92748066
2016-02-14,15:50:12.990,47.92746628
2016-02-14,15:50:14.047,47.92745238
2016-02-14,15:50:15.035,47.9274378
2016-02-14,15:50:16.048,47.92742317
2016-02-14,15:50:17.046,47.92740953
2016-02-14,15:50:18.038,47.9273974
2016-02-14,15:50:19.045,47.92738513
2016-02-14,15:50:19.998,47.92737181
2016-02-14,15:50:20.992,47.92735922
2016-02-14,15:50:22.003,47.92734664
2016-02-14,15:50:22.993,47.9273346
2016-02-14,15:50:23.990,47.92732155
2016-02-14,15:50:24.993,47.9273077
2016-02-14,15:50:25.994,47.92729336
2016-02-14,15:50:27.000,47.92728144
2016-02-14,15:50:27.992,47.92726985
2016-02-14,15:50:28.989,47.92725776
2016-02-14,15:50:29.998,47.92724483
2016-02-14,15:50:30.991,47.92723197
2016-02-14,15:50:32.000,47.92722003
2016-02-14,15:50:32.992,47.92720906
2016-02-14,15:50:34.000,47.92719607
2016-02-14,15:50:34.992,47.92718157
2016-02-14,15:50:35.999,47.92716724
2016-02-14,15:50:37.029,47.9271543
2016-02-14,15:50:37.993,47.92714063
2016-02-14,15:50:39.000,47.92712752
2016-02-14,15:50:39.994,47.92711447
2016-02-14,15:50:40.994,47.9271001
2016-02-14,15:50:41.992,47.92708547
2016-02-14,15:50:42.998,47.92707045
2016-02-14,15:50:43.992,47.9270549
2016-02-14,15:50:44.992,47.92703924
2016-02-14,15:50:45.999,47.92702317
2016-02-14,15:50:46.994,47.92700736
2016-02-14,15:50:47.990,47.9269912
2016-02-14,15:50:48.992,47.92697846
2016-02-14,15:50:50.000,47.92696603
2016-02-14,15:50:50.989,47.92695251
2016-02-14,15:50:51.997,47.92693905
2016-02-14,15:50:52.991,47.9269248
2016-02-14,15:50:56.263,47.92688078
2016-02-14,15:50:57.993,47.92685334
2016-02-14,15:50:59.000,47.92684127
2016-02-14,15:50:59.993,47.92682952
2016-02-14,15:51:00.993,47.92681702
2016-02-14,15:51:02.000,47.92680554
2016-02-14,15:51:02.992,47.92679324
2016-02-14,15:51:04.000,47.92678028
2016-02-14,15:51:04.992,47.92676724
2016-02-14,15:51:06.001,47.92675414
2016-02-14,15:51:06.993,47.92674154
2016-02-14,15:51:07.994,47.92672905
2016-02-14,15:51:08.992,47.92671582
2016-02-14,15:51:09.991,47.92670296
2016-02-14,15:51:11.000,47.92668939
2016-02-14,15:51:11.993,47.92667425
2016-02-14,15:51:12.999,47.92665901
2016-02-14,15:51:13.995,47.92664503
2016-02-14,15:51:15.014,47.92663256
2016-02-14,15:51:15.992,47.92662059
2016-02-14,15:51:16.990,47.92660762
2016-02-14,15:51:18.001,47.92659389
2016-02-14,15:51:18.996,47.92658113
2016-02-14,15:51:20.274,47.9265695
2016-02-14,15:51:20.991,47.92655933
2016-02-14,15:51:24.556,47.92654957
2016-02-14,15:51:24.561,47.92653744
2016-02-14,15:51:24.625,47.92652288
2016-02-14,15:51:25.330,47.92650932
2016-02-14,15:51:26.032,47.9264963
2016-02-14,15:51:30.083,47.92648412
2016-02-14,15:51:30.126,47.92647208
2016-02-14,15:51:30.250,47.92645972
2016-02-14,15:51:30.504,47.92644828
2016-02-14,15:51:31.078,47.92643657
2016-02-14,15:51:32.052,47.92642617
2016-02-14,15:51:33.042,47.92641559
2016-02-14,15:51:34.041,47.92640324
2016-02-14,15:51:35.063,47.92638985
2016-02-14,15:51:36.126,47.92637594
2016-02-14,15:51:37.098,47.92636335
2016-02-14,15:51:38.108,47.92635382
2016-02-14,15:51:39.110,47.92634655
2016-02-14,15:51:40.019,47.92633968
2016-02-14,15:51:40.991,47.92633083
2016-02-14,15:51:42.040,47.92632253
2016-02-14,15:51:42.999,47.92631458
2016-02-14,15:51:43.990,47.92630856
2016-02-14,15:51:45.443,47.92630187
2016-02-14,15:51:45.990,47.92629313
2016-02-14,15:51:46.999,47.9262836
2016-02-14,15:51:47.994,47.9262746
2016-02-14,15:51:49.000,47.92626512
2016-02-14,15:51:49.995,47.92625415
2016-02-14,15:51:50.992,47.9262429
2016-02-14,15:51:52.027,47.92623526
2016-02-14,15:51:52.997,47.92622824
2016-02-14,15:51:53.999,47.9262209
2016-02-14,15:51:54.991,47.92621347
2016-02-14,15:51:55.997,47.92620628
2016-02-14,15:51:57.025,47.92619893
2016-02-14,15:51:57.993,47.92619119
2016-02-14,15:51:59.017,47.92618294
2016-02-14,15:51:59.992,47.92617321
2016-02-14,15:52:00.999,47.92616333
2016-02-14,15:52:01.995,47.92615251
2016-02-14,15:52:02.999,47.92614028
2016-02-14,15:52:03.994,47.92612578
2016-02-14,15:52:04.991,47.92611039
2016-02-14,15:52:06.000,47.92609666
2016-02-14,15:52:06.994,47.92608528
2016-02-14,15:52:08.000,47.92607665
2016-02-14,15:52:08.993,47.92607031
2016-02-14,15:52:10.000,47.92606251
2016-02-14,15:52:10.993,47.92605304
2016-02-14,15:52:11.997,47.92604202
2016-02-14,15:52:12.993,47.92603073
2016-02-14,15:52:13.992,47.92601878
2016-02-14,15:52:14.992,47.92600775
2016-02-14,15:52:16.255,47.92599612
2016-02-14,15:52:16.998,47.92598595
2016-02-14,15:52:17.993,47.92597648
2016-02-14,15:52:19.002,47.92596927
2016-02-14,15:52:19.993,47.9259627
2016-02-14,15:52:20.992,47.92595676
2016-02-14,15:52:21.991,47.92595126
2016-02-14,15:52:22.991,47.92594656
2016-02-14,15:52:23.999,47.92594079
2016-02-14,15:52:24.993,47.9259336
2016-02-14,15:52:26.026,47.92592703
2016-02-14,15:52:26.997,47.92592135
2016-02-14,15:52:28.000,47.92591465
2016-02-14,15:52:28.993,47.92590725
2016-02-14,15:52:29.992,47.92590009
2016-02-14,15:52:30.993,47.92589138
2016-02-14,15:52:31.993,47.92588372
2016-02-14,15:52:32.994,47.92587832
2016-02-14,15:52:33.993,47.92587409
2016-02-14,15:52:35.001,47.92586947
2016-02-14,15:52:35.995,47.92586629
2016-02-14,15:52:36.992,47.92586189
2016-02-14,15:52:37.992,47.92585663
2016-02-14,15:52:38.993,47.92585133
2016-02-14,15:52:40.033,47.92584715
2016-02-14,15:52:41.038,47.92584431
2016-02-14,15:52:42.049,47.92584061
2016-02-14,15:52:43.037,47.92583711
2016-02-14,15:52:44.039,47.925833
2016-02-14,15:52:44.993,47.92582851
2016-02-14,15:52:45.993,47.9258242
2016-02-14,15:52:46.993,47.92581994
2016-02-14,15:52:47.992,47.92581455
2016-02-14,15:52:49.000,47.92580762
2016-02-14,15:52:49.994,47.92580418
2016-02-14,15:52:50.995,47.92579774
2016-02-14,15:52:51.994,47.92578987
2016-02-14,15:52:52.993,47.92577845
2016-02-14,15:52:53.992,47.9257682
2016-02-14,15:52:54.993,47.92575763
2016-02-14,15:52:55.991,47.92574697
2016-02-14,15:52:56.992,47.92573693
2016-02-14,15:52:57.998,47.92573047
2016-02-14,15:52:58.994,47.92572634
2016-02-14,15:53:00.003,47.92572205
2016-02-14,15:53:00.994,47.9257167
2016-02-14,15:53:01.991,47.92571333
2016-02-14,15:53:03.000,47.92570976
2016-02-14,15:53:03.997,47.92570564
2016-02-14,15:53:05.001,47.92570115
2016-02-14,15:53:05.993,47.92569776
2016-02-14,15:53:06.998,47.92569372
2016-02-14,15:53:07.995,47.92568871
2016-02-14,15:53:08.994,47.92568209
2016-02-14,15:53:09.997,47.92567419
2016-02-14,15:53:10.994,47.92566555
2016-02-14,15:53:12.000,47.92565761
2016-02-14,15:53:12.993,47.92565012
2016-02-14,15:53:14.001,47.92564156
2016-02-14,15:53:14.995,47.92563421
2016-02-14,15:53:16.041,47.92562658
2016-02-14,15:53:17.054,47.925618
2016-02-14,15:53:18.580,47.92561026
2016-02-14,15:53:20.033,47.92560103
2016-02-14,15:53:21.043,47.92559671
2016-02-14,15:53:21.992,47.92559238
2016-02-14,15:53:23.016,47.92558049
2016-02-14,15:53:23.994,47.92557226
2016-02-14,15:53:24.995,47.92556669
2016-02-14,15:53:25.992,47.92556166
2016-02-14,15:53:26.992,47.92555821
2016-02-14,15:53:27.992,47.92555545
2016-02-14,15:53:28.994,47.92555289
2016-02-14,15:53:30.000,47.92555
2016-02-14,15:53:30.993,47.92554543
2016-02-14,15:53:31.995,47.9255405
2016-02-14,15:53:32.992,47.92553521
2016-02-14,15:53:33.992,47.92553049
2016-02-14,15:53:35.000,47.92552694
2016-02-14,15:53:35.994,47.92552396
2016-02-14,15:53:36.994,47.92551959
2016-02-14,15:53:37.992,47.92551053
2016-02-14,15:53:39.000,47.92549924
2016-02-14,15:53:39.995,47.92548866
2016-02-14,15:53:40.992,47.9254803
2016-02-14,15:53:41.992,47.9254721
2016-02-14,15:53:42.994,47.92546611
2016-02-14,15:53:43.993,47.92546169
2016-02-14,15:53:44.992,47.92545814
2016-02-14,15:53:46.001,47.92545259
2016-02-14,15:53:46.995,47.92544471
2016-02-14,15:53:48.001,47.92543636
2016-02-14,15:53:48.997,47.9254291
2016-02-14,15:53:49.995,47.92542219
2016-02-14,15:53:50.991,47.92541396
2016-02-14,15:53:51.993,47.92540752
2016-02-14,15:53:53.004,47.92540366
2016-02-14,15:53:53.998,47.9253998
2016-02-14,15:53:55.005,47.92540499
2016-02-14,15:53:56.005,47.92540512
2016-02-14,15:53:59.120,47.92539386
2016-02-14,15:53:59.999,47.92538908
2016-02-14,15:54:00.995,47.92538556
2016-02-14,15:54:02.001,47.92538438
2016-02-14,15:54:02.995,47.9253835
2016-02-14,15:54:03.998,47.92538044
2016-02-14,15:54:04.996,47.9253755
2016-02-14,15:54:05.993,47.92536939
2016-02-14,15:54:06.993,47.92536505
2016-02-14,15:54:07.991,47.92536086
2016-02-14,15:54:08.996,47.9253577
2016-02-14,15:54:09.993,47.92535401
2016-02-14,15:54:10.998,47.92534864
2016-02-14,15:54:11.993,47.92534249
2016-02-14,15:54:12.995,47.92533703
2016-02-14,15:54:13.993,47.92533106
2016-02-14,15:54:14.991,47.92532486
2016-02-14,15:54:16.001,47.92532016
2016-02-14,15:54:16.994,47.92531799
2016-02-14,15:54:18.002,47.92531661
2016-02-14,15:54:18.995,47.92531467
2016-02-14,15:54:20.002,47.92531192
2016-02-14,15:54:20.996,47.92530958
2016-02-14,15:54:21.992,47.92530889
2016-02-14,15:54:22.992,47.92531039
2016-02-14,15:54:23.993,47.92531118
2016-02-14,15:54:24.996,47.92531183
2016-02-14,15:54:25.994,47.92531212
2016-02-14,15:54:27.002,47.92531149
2016-02-14,15:54:27.992,47.92531136
2016-02-14,15:54:28.993,47.92531142
2016-02-14,15:54:30.002,47.92531074
2016-02-14,15:54:31.045,47.92530866
2016-02-14,15:54:32.034,47.92530569
2016-02-14,15:54:33.016,47.9253038
2016-02-14,15:54:34.002,47.92530153
2016-02-14,15:54:35.072,47.92529872
2016-02-14,15:54:36.075,47.92529535
2016-02-14,15:54:37.050,47.92529283
2016-02-14,15:54:38.109,47.92529155
2016-02-14,15:54:39.001,47.92529138
2016-02-14,15:54:39.994,47.92529297
2016-02-14,15:54:41.001,47.92529466
2016-02-14,15:54:41.993,47.92529737
2016-02-14,15:54:43.002,47.92530051
2016-02-14,15:54:43.994,47.92530256
2016-02-14,15:54:44.993,47.92530402
2016-02-14,15:54:46.007,47.92530469
2016-02-14,15:54:46.997,47.92530553
2016-02-14,15:54:48.004,47.9253053
2016-02-14,15:54:48.992,47.92530667
2016-02-14,15:54:51.318,47.92530827
2016-02-14,15:54:52.291,47.92530759
2016-02-14,15:54:52.993,47.92530622
2016-02-14,15:54:54.032,47.92530541
2016-02-14,15:54:55.008,47.92530494
2016-02-14,15:54:55.998,47.92530484
2016-02-14,15:54:57.063,47.9253037
2016-02-14,15:54:57.993,47.92530024
2016-02-14,15:54:59.075,47.92529651
2016-02-14,15:54:59.992,47.92529321
2016-02-14,15:55:00.990,47.92529247
2016-02-14,15:55:02.002,47.92529866
2016-02-14,15:55:03.034,47.9253015
2016-02-14,15:55:03.998,47.92530058
2016-02-14,15:55:05.022,47.92530009
2016-02-14,15:55:06.068,47.92529843
2016-02-14,15:55:06.997,47.92529686
2016-02-14,15:55:07.996,47.92529551
2016-02-14,15:55:08.992,47.92529563
2016-02-14,15:55:09.997,47.92529514
2016-02-14,15:55:10.990,47.92529507
2016-02-14,15:55:12.537,47.92529562
2016-02-14,15:55:13.086,47.92529782
2016-02-14,15:55:13.999,47.9253003
2016-02-14,15:55:14.999,47.92530322
2016-02-14,15:55:15.995,47.92530769
2016-02-14,15:55:17.034,47.92531064
2016-02-14,15:55:17.991,47.92531478
2016-02-14,15:55:19.026,47.92531935
2016-02-14,15:55:20.073,47.92532317
2016-02-14,15:55:20.996,47.92532498
2016-02-14,15:55:22.019,47.92532644
2016-02-14,15:55:22.992,47.92532547
2016-02-14,15:55:24.063,47.92532128
2016-02-14,15:55:24.997,47.92531735
2016-02-14,15:55:25.991,47.92531662
2016-02-14,15:55:27.078,47.92531931
2016-02-14,15:55:28.009,47.92532377
2016-02-14,15:55:29.003,47.92532809
2016-02-14,15:55:29.992,47.92533081
2016-02-14,15:55:31.066,47.92533192
2016-02-14,15:55:32.000,47.92533236
2016-02-14,15:55:33.026,47.9253326
2016-02-14,15:55:34.074,47.9253334
2016-02-14,15:55:34.996,47.92533356
2016-02-14,15:55:35.999,47.92533559
2016-02-14,15:55:36.991,47.92533959
2016-02-14,15:55:38.063,47.92534343
2016-02-14,15:55:38.996,47.92534689
2016-02-14,15:55:40.035,47.92535071
2016-02-14,15:55:41.077,47.92535534
2016-02-14,15:55:42.000,47.92535932
2016-02-14,15:55:42.992,47.92536091
2016-02-14,15:55:43.991,47.92536198
2016-02-14,15:55:45.054,47.92536346
2016-02-14,15:55:45.998,47.92536665
2016-02-14,15:55:47.027,47.92536888
2016-02-14,15:55:48.083,47.92537103
2016-02-14,15:55:49.009,47.92537068
2016-02-14,15:55:49.991,47.9253686
2016-02-14,15:55:50.991,47.92536524
2016-02-14,15:55:52.000,47.92536443
2016-02-14,15:55:52.994,47.92536667
2016-02-14,15:55:54.000,47.92537014
2016-02-14,15:55:55.117,47.92537508
2016-02-14,15:55:56.000,47.92537948
2016-02-14,15:55:57.037,47.92538371
2016-02-14,15:55:57.994,47.92538658
2016-02-14,15:55:59.013,47.92539034
2016-02-14,15:55:59.996,47.92539475
2016-02-14,15:56:01.000,47.92539911
2016-02-14,15:56:02.073,47.92540376
2016-02-14,15:56:02.999,47.92540937
2016-02-14,15:56:03.997,47.92541498
2016-02-14,15:56:05.063,47.92542278
2016-02-14,15:56:05.996,47.92543283
2016-02-14,15:56:06.993,47.92544325
2016-02-14,15:56:08.048,47.92545259
2016-02-14,15:56:09.067,47.92545968
2016-02-14,15:56:10.060,47.92546564
2016-02-14,15:56:10.992,47.92547214
2016-02-14,15:56:12.015,47.92547819
2016-02-14,15:56:12.998,47.92548346
2016-02-14,15:56:13.993,47.92548856
2016-02-14,15:56:15.051,47.92549182
2016-02-14,15:56:16.096,47.92549375
2016-02-14,15:56:17.059,47.92549686
2016-02-14,15:56:17.994,47.92549988
2016-02-14,15:56:19.029,47.92550361
2016-02-14,15:56:19.995,47.9255063
2016-02-14,15:56:21.012,47.92550674
2016-02-14,15:56:22.069,47.92550744
2016-02-14,15:56:23.081,47.92550853
2016-02-14,15:56:24.059,47.92551036
2016-02-14,15:56:24.991,47.92551341
2016-02-14,15:56:26.012,47.92551667
2016-02-14,15:56:26.999,47.92552036
2016-02-14,15:56:27.999,47.92552372
2016-02-14,15:56:29.066,47.92553012
2016-02-14,15:56:30.073,47.92553787
2016-02-14,15:56:31.062,47.92554727
2016-02-14,15:56:31.994,47.92555813
2016-02-14,15:56:32.994,47.92556875
2016-02-14,15:56:34.002,47.92557947
2016-02-14,15:56:35.020,47.92558973
2016-02-14,15:56:35.993,47.9255993
2016-02-14,15:56:37.101,47.92560533
2016-02-14,15:56:38.000,47.92560955
2016-02-14,15:56:38.994,47.9256135
2016-02-14,15:56:40.098,47.92561645
2016-02-14,15:56:40.995,47.92561928
2016-02-14,15:56:42.059,47.92562165
2016-02-14,15:56:42.992,47.92562346
2016-02-14,15:56:44.082,47.92562478
2016-02-14,15:56:45.059,47.92562578
2016-02-14,15:56:45.992,47.92562671
2016-02-14,15:56:47.009,47.92562818
2016-02-14,15:56:47.994,47.92563016
2016-02-14,15:56:49.037,47.92563215
2016-02-14,15:56:50.064,47.92563575
2016-02-14,15:56:51.078,47.92563958
2016-02-14,15:56:52.059,47.92564433
2016-02-14,15:56:52.993,47.92564932
2016-02-14,15:56:54.008,47.92565458
2016-02-14,15:56:54.997,47.92566105
2016-02-14,15:56:56.049,47.92566761
2016-02-14,15:56:56.994,47.92567446
2016-02-14,15:56:58.084,47.92568101
2016-02-14,15:56:58.994,47.92568792
2016-02-14,15:57:00.011,47.92569659
2016-02-14,15:57:01.065,47.92570899
2016-02-14,15:57:01.995,47.92572068
2016-02-14,15:57:03.057,47.9257328
2016-02-14,15:57:04.010,47.92574255
2016-02-14,15:57:05.068,47.92575086
2016-02-14,15:57:05.994,47.92575873
2016-02-14,15:57:07.005,47.92576546
2016-02-14,15:57:08.054,47.92577017
2016-02-14,15:57:08.998,47.9257733
2016-02-14,15:57:10.101,47.92577595
2016-02-14,15:57:10.992,47.92578026
2016-02-14,15:57:12.106,47.92578567
2016-02-14,15:57:13.007,47.92579203
2016-02-14,15:57:14.007,47.92579749
2016-02-14,15:57:15.016,47.92580525
2016-02-14,15:57:16.071,47.92581195
2016-02-14,15:57:17.005,47.92581958
2016-02-14,15:57:18.038,47.92582737
2016-02-14,15:57:19.091,47.92583561
2016-02-14,15:57:20.001,47.92584359
2016-02-14,15:57:21.057,47.92585185
2016-02-14,15:57:22.025,47.92586149
2016-02-14,15:57:23.015,47.92587078
2016-02-14,15:57:24.020,47.92587889
2016-02-14,15:57:25.031,47.92588621
2016-02-14,15:57:26.100,47.92589189
2016-02-14,15:57:27.012,47.92589849
2016-02-14,15:57:28.007,47.92590491
2016-02-14,15:57:28.990,47.92591209
2016-02-14,15:57:30.011,47.92591935
2016-02-14,15:57:31.011,47.92592853
2016-02-14,15:57:32.013,47.9259385
2016-02-14,15:57:33.112,47.92594758
2016-02-14,15:57:33.996,47.92595731
2016-02-14,15:57:34.992,47.92596778
2016-02-14,15:57:36.020,47.92597735
2016-02-14,15:57:37.008,47.92598532
2016-02-14,15:57:37.992,47.92599223
2016-02-14,15:57:39.067,47.92599826
2016-02-14,15:57:40.088,47.92600364
2016-02-14,15:57:41.043,47.92600777
2016-02-14,15:57:42.093,47.92601103
2016-02-14,15:57:43.089,47.92601471
2016-02-14,15:57:44.005,47.92602016
2016-02-14,15:57:45.022,47.92602883
2016-02-14,15:57:46.081,47.92604125
2016-02-14,15:57:47.017,47.92605453
2016-02-14,15:57:48.006,47.92606643
2016-02-14,15:57:49.012,47.92607803
2016-02-14,15:57:50.083,47.92609193
2016-02-14,15:57:51.074,47.92610473
2016-02-14,15:57:51.995,47.92611722
2016-02-14,15:57:52.995,47.92613035
2016-02-14,15:57:53.992,47.92614151
2016-02-14,15:57:55.008,47.92615574
2016-02-14,15:57:56.063,47.92617188
2016-02-14,15:57:57.022,47.92618876
2016-02-14,15:57:58.015,47.92620388
2016-02-14,15:57:58.992,47.92621772
2016-02-14,15:57:59.992,47.92622978
2016-02-14,15:58:00.991,47.92623975
2016-02-14,15:58:02.006,47.9262477
2016-02-14,15:58:03.085,47.92625564
2016-02-14,15:58:04.025,47.92626384
2016-02-14,15:58:04.992,47.92627255
2016-02-14,15:58:06.072,47.92628185
2016-02-14,15:58:06.991,47.92628987
2016-02-14,15:58:08.032,47.92629629
2016-02-14,15:58:09.007,47.92630197
2016-02-14,15:58:09.993,47.92630954
2016-02-14,15:58:11.065,47.92631995
2016-02-14,15:58:11.994,47.92633223
2016-02-14,15:58:13.075,47.92634307
2016-02-14,15:58:14.006,47.92635279
2016-02-14,15:58:14.992,47.92636125
2016-02-14,15:58:16.001,47.92636774
2016-02-14,15:58:16.993,47.92637104
2016-02-14,15:58:18.002,47.9263722
2016-02-14,15:58:18.994,47.92637429
2016-02-14,15:58:20.000,47.92638299
2016-02-14,15:58:20.995,47.9263926
2016-02-14,15:58:21.993,47.92640275
2016-02-14,15:58:22.994,47.92641217
2016-02-14,15:58:23.996,47.92642211
2016-02-14,15:58:24.997,47.92643331
2016-02-14,15:58:25.994,47.92644502
2016-02-14,15:58:27.003,47.92645509
2016-02-14,15:58:27.994,47.92646369
2016-02-14,15:58:28.993,47.92647144
2016-02-14,15:58:29.998,47.92648038
2016-02-14,15:58:30.995,47.92649097
2016-02-14,15:58:31.994,47.92650181
2016-02-14,15:58:32.994,47.92651292
2016-02-14,15:58:34.000,47.92652541
2016-02-14,15:58:34.995,47.92653913
2016-02-14,15:58:36.000,47.92655144
2016-02-14,15:58:37.037,47.92656557
2016-02-14,15:58:38.033,47.92658027
2016-02-14,15:58:39.044,47.92659605
2016-02-14,15:58:40.036,47.92660989
2016-02-14,15:58:40.996,47.92661987
2016-02-14,15:58:41.995,47.92662922
2016-02-14,15:58:43.000,47.92663931
2016-02-14,15:58:43.999,47.92665197
2016-02-14,15:58:44.994,47.92666268
2016-02-14,15:58:46.026,47.92667452
2016-02-14,15:58:46.996,47.9266876
2016-02-14,15:58:47.994,47.9267012
2016-02-14,15:58:48.995,47.92671413
2016-02-14,15:58:50.001,47.92672747
2016-02-14,15:58:50.997,47.92673904
2016-02-14,15:58:52.000,47.92675145
2016-02-14,15:58:53.013,47.92676248
2016-02-14,15:58:53.999,47.92677264
2016-02-14,15:58:55.002,47.9267862
2016-02-14,15:58:55.994,47.92679954
2016-02-14,15:58:56.997,47.92681297
2016-02-14,15:58:57.994,47.92682859
2016-02-14,15:58:59.002,47.92684478
2016-02-14,15:58:59.996,47.92685917
2016-02-14,15:59:00.993,47.92687217
2016-02-14,15:59:01.994,47.92688541
2016-02-14,15:59:02.994,47.92689905
2016-02-14,15:59:04.003,47.92691224
2016-02-14,15:59:04.997,47.92692469
2016-02-14,15:59:06.004,47.92693808
2016-02-14,15:59:06.996,47.92695167
2016-02-14,15:59:08.000,47.9269652
2016-02-14,15:59:08.998,47.92697954
2016-02-14,15:59:09.995,47.92699357
2016-02-14,15:59:10.998,47.92700696
2016-02-14,15:59:12.046,47.92702105
2016-02-14,15:59:12.996,47.92703437
2016-02-14,15:59:13.995,47.92704849
2016-02-14,15:59:15.001,47.92706202
2016-02-14,15:59:15.993,47.92707476
2016-02-14,15:59:16.993,47.92708641
2016-02-14,15:59:18.002,47.92709761
2016-02-14,15:59:18.994,47.92710964
2016-02-14,15:59:20.001,47.92712368
2016-02-14,15:59:20.994,47.92713803
2016-02-14,15:59:22.003,47.92715135
2016-02-14,15:59:22.993,47.92716517
2016-02-14,15:59:24.001,47.9271798
2016-02-14,15:59:24.998,47.92719631
2016-02-14,15:59:25.993,47.92721254
2016-02-14,15:59:27.002,47.92722922
2016-02-14,15:59:27.995,47.92724457
2016-02-14,15:59:29.001,47.92725865
2016-02-14,15:59:29.995,47.92726819
2016-02-14,15:59:30.993,47.92727725
2016-02-14,15:59:31.992,47.92728247
2016-02-14,15:59:32.994,47.92728579
2016-02-14,15:59:33.998,47.9272885
2016-02-14,15:59:34.994,47.92729816
2016-02-14,15:59:36.027,47.92731308
2016-02-14,15:59:36.995,47.92732953
2016-02-14,15:59:38.001,47.92734514
2016-02-14,15:59:38.997,47.92735973
2016-02-14,15:59:40.000,47.92737312
2016-02-14,15:59:41.001,47.92738755
2016-02-14,15:59:41.992,47.92740209
2016-02-14,15:59:43.000,47.92741552
2016-02-14,15:59:43.998,47.92743021
2016-02-14,15:59:44.995,47.92744533
2016-02-14,15:59:45.997,47.92746103
2016-02-14,15:59:47.024,47.92747809
2016-02-14,15:59:47.997,47.92749195
2016-02-14,15:59:48.995,47.9275054
2016-02-14,15:59:50.002,47.92751758
2016-02-14,15:59:50.996,47.92752819
2016-02-14,15:59:52.004,47.92753626
2016-02-14,15:59:52.996,47.9275407
2016-02-14,15:59:54.007,47.92754527
2016-02-14,15:59:54.995,47.92755043
2016-02-14,15:59:55.999,47.92755417
2016-02-14,15:59:56.997,47.92756095
2016-02-14,15:59:57.994,47.92757257
2016-02-14,15:59:59.005,47.92758629
2016-02-14,15:59:59.997,47.92760131
2016-02-14,16:00:01.001,47.92761673
2016-02-14,16:00:01.995,47.9276308
2016-02-14,16:00:03.003,47.9276453
2016-02-14,16:00:03.996,47.92765831
2016-02-14,16:00:04.995,47.92767173
2016-02-14,16:00:06.003,47.92768376
2016-02-14,16:00:06.996,47.92769502
2016-02-14,16:00:08.002,47.92770774
2016-02-14,16:00:09.005,47.92772137
2016-02-14,16:00:10.003,47.92773706
2016-02-14,16:00:10.997,47.92775443
2016-02-14,16:00:12.004,47.92777152
2016-02-14,16:00:13.003,47.92778663
2016-02-14,16:00:13.996,47.92780076
2016-02-14,16:00:14.995,47.92781573
2016-02-14,16:00:15.996,47.92783108
2016-02-14,16:00:17.004,47.9278472
2016-02-14,16:00:17.997,47.92786285
2016-02-14,16:00:19.004,47.92787795
2016-02-14,16:00:19.996,47.92789472
2016-02-14,16:00:20.995,47.92791201
2016-02-14,16:00:21.993,47.92792766
2016-02-14,16:00:22.994,47.92794219
2016-02-14,16:00:24.036,47.92795633
2016-02-14,16:00:25.056,47.9279689
2016-02-14,16:00:26.002,47.92798171
2016-02-14,16:00:26.996,47.92799627
2016-02-14,16:00:27.999,47.92801013
2016-02-14,16:00:28.995,47.92802583
2016-02-14,16:00:29.995,47.92804073
2016-02-14,16:00:31.004,47.92805167
2016-02-14,16:00:31.996,47.92806017
2016-02-14,16:00:33.003,47.92806989
2016-02-14,16:00:33.998,47.92808032
2016-02-14,16:00:35.003,47.92809139
2016-02-14,16:00:35.995,47.92810284
2016-02-14,16:00:36.993,47.92811404
2016-02-14,16:00:37.993,47.92812467
2016-02-14,16:00:38.994,47.92813769
2016-02-14,16:00:39.993,47.92815156
2016-02-14,16:00:40.994,47.9281657
2016-02-14,16:00:42.003,47.92818058
2016-02-14,16:00:42.995,47.92819634
2016-02-14,16:00:44.003,47.92821176
2016-02-14,16:00:44.994,47.92822654
2016-02-14,16:00:45.992,47.92823727
2016-02-14,16:00:46.994,47.9282479
2016-02-14,16:00:47.992,47.92825992
2016-02-14,16:00:48.997,47.928272
2016-02-14,16:00:51.072,47.92828562
2016-02-14,16:00:51.358,47.92829848
2016-02-14,16:00:51.996,47.92830946
2016-02-14,16:00:52.999,47.92832222
2016-02-14,16:00:54.137,47.92833651
2016-02-14,16:00:54.995,47.92835177
2016-02-14,16:00:56.031,47.92836606
2016-02-14,16:00:58.773,47.92838257
2016-02-14,16:00:58.792,47.92839929
2016-02-14,16:00:59.041,47.92841398
2016-02-14,16:01:00.002,47.92842692
2016-02-14,16:01:01.029,47.92844087
2016-02-14,16:01:01.993,47.92845388
2016-02-14,16:01:03.017,47.92846738
2016-02-14,16:01:03.998,47.92848058
2016-02-14,16:01:05.000,47.92849386
2016-02-14,16:01:05.995,47.92850491
2016-02-14,16:01:07.002,47.92851397
2016-02-14,16:01:07.998,47.92852516
2016-02-14,16:01:08.994,47.92853785
2016-02-14,16:01:09.996,47.92855125
2016-02-14,16:01:10.994,47.92856414
2016-02-14,16:01:12.001,47.92857588
2016-02-14,16:01:12.996,47.92858731
2016-02-14,16:01:14.003,47.92859745
2016-02-14,16:01:14.996,47.92860582
2016-02-14,16:01:16.002,47.92861468
2016-02-14,16:01:17.005,47.92862724
2016-02-14,16:01:17.995,47.92864353
2016-02-14,16:01:18.993,47.92866288
2016-02-14,16:01:19.993,47.92868136
2016-02-14,16:01:21.002,47.92869916
2016-02-14,16:01:21.994,47.92871566
2016-02-14,16:01:23.003,47.92872867
2016-02-14,16:01:23.997,47.92874177
2016-02-14,16:01:24.995,47.92875345
2016-02-14,16:01:26.004,47.92876413
2016-02-14,16:01:26.997,47.92876914
2016-02-14,16:01:28.002,47.92877128
2016-02-14,16:01:28.997,47.92877689
2016-02-14,16:01:30.002,47.92878693
2016-02-14,16:01:30.999,47.9288004
2016-02-14,16:01:32.001,47.92881496
2016-02-14,16:01:32.996,47.92882892
2016-02-14,16:01:33.995,47.92884507
2016-02-14,16:01:35.003,47.92886413
2016-02-14,16:01:36.007,47.92888428
2016-02-14,16:01:37.000,47.92890167
2016-02-14,16:01:38.047,47.9289205
2016-02-14,16:01:39.037,47.92893931
2016-02-14,16:01:40.035,47.9289566
2016-02-14,16:01:40.994,47.92897295
2016-02-14,16:01:41.994,47.9289889
2016-02-14,16:01:42.993,47.92900404
2016-02-14,16:01:44.002,47.92901732
2016-02-14,16:01:44.996,47.92903218
2016-02-14,16:01:46.005,47.92904403
2016-02-14,16:01:46.996,47.92905362
2016-02-14,16:01:48.004,47.929063
2016-02-14,16:01:48.997,47.929072
2016-02-14,16:01:49.995,47.92908198
2016-02-14,16:01:51.004,47.92909138
2016-02-14,16:01:51.996,47.92910048
2016-02-14,16:01:52.997,47.9291101
2016-02-14,16:01:53.996,47.92911785
2016-02-14,16:01:55.003,47.92912388
2016-02-14,16:01:55.995,47.92913369
2016-02-14,16:01:56.994,47.92914254
2016-02-14,16:01:57.996,47.92915046
2016-02-14,16:01:58.995,47.92915829
2016-02-14,16:02:00.003,47.92916624
2016-02-14,16:02:00.996,47.92917502
2016-02-14,16:02:02.004,47.92918419
2016-02-14,16:02:02.998,47.92919376
2016-02-14,16:02:04.001,47.92920241
2016-02-14,16:02:04.996,47.92921185
2016-02-14,16:02:05.996,47.92922249
2016-02-14,16:02:06.999,47.92923462
2016-02-14,16:02:07.997,47.92924658
2016-02-14,16:02:09.002,47.92925904
2016-02-14,16:02:09.995,47.9292726
2016-02-14,16:02:11.003,47.92928774
2016-02-14,16:02:11.997,47.92930089
2016-02-14,16:02:12.995,47.92931494
2016-02-14,16:02:13.996,47.92932801
2016-02-14,16:02:14.995,47.92933955
2016-02-14,16:02:16.019,47.92935086
2016-02-14,16:02:16.996,47.92936228
2016-02-14,16:02:18.002,47.92937357
2016-02-14,16:02:18.996,47.9293847
2016-02-14,16:02:19.996,47.92939599
2016-02-14,16:02:20.995,47.92940697
2016-02-14,16:02:21.997,47.92941824
2016-02-14,16:02:23.001,47.92943011
2016-02-14,16:02:24.248,47.92944206
2016-02-14,16:02:25.003,47.92945386
2016-02-14,16:02:25.996,47.92946765
2016-02-14,16:02:27.002,47.92948302
2016-02-14,16:02:27.996,47.92949828
2016-02-14,16:02:28.995,47.92951353
2016-02-14,16:02:30.000,47.92952907
2016-02-14,16:02:30.994,47.92954315
2016-02-14,16:02:32.002,47.92955501
2016-02-14,16:02:32.997,47.92956594
2016-02-14,16:02:34.003,47.92957427
2016-02-14,16:02:34.997,47.92958381
2016-02-14,16:02:36.010,47.92959226
2016-02-14,16:02:36.998,47.92960119
2016-02-14,16:02:37.995,47.92960971
2016-02-14,16:02:39.005,47.92961822
2016-02-14,16:02:39.996,47.92962739
2016-02-14,16:02:41.003,47.92963897
2016-02-14,16:02:41.996,47.92965235
2016-02-14,16:02:43.005,47.92966563
2016-02-14,16:02:43.996,47.92967898
2016-02-14,16:02:44.995,47.92969328
2016-02-14,16:02:46.009,47.92970778
2016-02-14,16:02:46.996,47.92972283
2016-02-14,16:02:48.012,47.92973623
2016-02-14,16:02:48.997,47.92974767
2016-02-14,16:02:50.002,47.9297593
2016-02-14,16:02:51.014,47.92977106
2016-02-14,16:02:51.999,47.92978184
2016-02-14,16:02:52.996,47.92979308
2016-02-14,16:02:53.996,47.9298044
2016-02-14,16:02:54.993,47.92981627
2016-02-14,16:02:55.999,47.92982611
2016-02-14,16:02:56.998,47.92983722
2016-02-14,16:02:57.996,47.92984963
2016-02-14,16:02:59.007,47.92986101
2016-02-14,16:02:59.996,47.92987282
2016-02-14,16:03:00.995,47.92988509
2016-02-14,16:03:02.004,47.92989819
2016-02-14,16:03:02.997,47.92991114
2016-02-14,16:03:04.002,47.92992444
2016-02-14,16:03:04.996,47.92993872
2016-02-14,16:03:06.004,47.9299512
2016-02-14,16:03:06.997,47.92996265
2016-02-14,16:03:07.997,47.92997464
2016-02-14,16:03:08.998,47.92998552
2016-02-14,16:03:09.998,47.92999547
2016-02-14,16:03:11.004,47.93000505
2016-02-14,16:03:12.001,47.93001455
2016-02-14,16:03:13.005,47.93002418
2016-02-14,16:03:13.997,47.93003358
2016-02-14,16:03:15.003,47.93004307
2016-02-14,16:03:15.997,47.93005313
2016-02-14,16:03:16.996,47.93006575
2016-02-14,16:03:18.004,47.93007985
2016-02-14,16:03:18.998,47.93009451
2016-02-14,16:03:20.011,47.93010791
2016-02-14,16:03:20.998,47.93012091
2016-02-14,16:03:22.003,47.93013481
2016-02-14,16:03:22.997,47.9301503
2016-02-14,16:03:24.000,47.93016537
2016-02-14,16:03:24.997,47.93018023
2016-02-14,16:03:25.995,47.93019333
2016-02-14,16:03:27.005,47.93020658
2016-02-14,16:03:27.996,47.93022053
2016-02-14,16:03:29.004,47.93023419
2016-02-14,16:03:29.996,47.93024734
2016-02-14,16:03:31.005,47.93025945
2016-02-14,16:03:31.996,47.93027057
2016-02-14,16:03:32.995,47.93028164
2016-02-14,16:03:34.005,47.93029241
2016-02-14,16:03:34.997,47.93030344
2016-02-14,16:03:35.995,47.93031322
2016-02-14,16:03:36.994,47.93032461
2016-02-14,16:03:38.029,47.93033585
2016-02-14,16:03:38.998,47.93034719
2016-02-14,16:03:40.004,47.93035863
2016-02-14,16:03:40.997,47.93036806
2016-02-14,16:03:41.996,47.93037878
2016-02-14,16:03:43.006,47.93039157
2016-02-14,16:03:44.000,47.930404
2016-02-14,16:03:44.998,47.93041688
2016-02-14,16:03:45.997,47.93043016
2016-02-14,16:03:47.004,47.93044103
2016-02-14,16:03:47.998,47.93045104
2016-02-14,16:03:48.995,47.93045986
2016-02-14,16:03:50.003,47.93046656
2016-02-14,16:03:50.998,47.93047335
2016-02-14,16:03:52.004,47.93048004
2016-02-14,16:03:52.996,47.93049062
2016-02-14,16:03:54.005,47.93050387
2016-02-14,16:03:54.997,47.93051721
2016-02-14,16:03:56.003,47.93053267
2016-02-14,16:03:57.001,47.93054865
2016-02-14,16:03:57.996,47.93056765
2016-02-14,16:03:59.004,47.93058558
2016-02-14,16:03:59.996,47.93060135
2016-02-14,16:04:01.004,47.93061519
2016-02-14,16:04:01.998,47.93062439
2016-02-14,16:04:03.004,47.93063014
2016-02-14,16:04:03.994,47.93063828
2016-02-14,16:04:04.995,47.93064834
2016-02-14,16:04:05.997,47.93065856
2016-02-14,16:04:06.994,47.93067325
2016-02-14,16:04:08.002,47.93068747
2016-02-14,16:04:08.997,47.93070089
2016-02-14,16:04:10.004,47.93071445
2016-02-14,16:04:10.997,47.93072974
2016-02-14,16:04:12.001,47.93074435
2016-02-14,16:04:12.997,47.93075953
2016-02-14,16:04:13.996,47.93077458
2016-02-14,16:04:15.005,47.93078961
2016-02-14,16:04:15.998,47.9308032
2016-02-14,16:04:17.006,47.93081648
2016-02-14,16:04:18.000,47.93082944
2016-02-14,16:04:19.004,47.93084121
2016-02-14,16:04:19.997,47.93085298
2016-02-14,16:04:20.995,47.9308632
2016-02-14,16:04:21.998,47.93087162
2016-02-14,16:04:22.995,47.93088118
2016-02-14,16:04:23.999,47.9308906
2016-02-14,16:04:24.998,47.93090115
2016-02-14,16:04:26.005,47.93091337
2016-02-14,16:04:26.998,47.93092599
2016-02-14,16:04:27.999,47.93093773
2016-02-14,16:04:29.004,47.93094893
2016-02-14,16:04:30.151,47.93096185
2016-02-14,16:04:31.004,47.93097517
2016-02-14,16:04:31.997,47.93098986
2016-02-14,16:04:33.004,47.9310049
2016-02-14,16:04:33.999,47.93101881
2016-02-14,16:04:35.005,47.93103124
2016-02-14,16:04:35.998,47.93104111
2016-02-14,16:04:36.996,47.93105035
2016-02-14,16:04:38.004,47.93105837
2016-02-14,16:04:39.002,47.93106833
2016-02-14,16:04:40.004,47.93107899
2016-02-14,16:04:40.997,47.93108978
2016-02-14,16:04:42.004,47.93110204
2016-02-14,16:04:42.998,47.93111624
2016-02-14,16:04:44.002,47.9311306
2016-02-14,16:04:44.995,47.93114438
2016-02-14,16:04:45.995,47.93115838
2016-02-14,16:04:47.003,47.93117218
2016-02-14,16:04:47.997,47.93118292
2016-02-14,16:04:49.004,47.93119208
2016-02-14,16:04:49.999,47.93120315
2016-02-14,16:04:50.998,47.93121396
2016-02-14,16:04:51.998,47.93122569
2016-02-14,16:04:52.998,47.93123796
2016-02-14,16:04:54.004,47.93124919
2016-02-14,16:04:54.997,47.93126229
2016-02-14,16:04:56.004,47.93127231
2016-02-14,16:04:56.999,47.93128155
2016-02-14,16:04:58.007,47.93128943
2016-02-14,16:04:58.999,47.93129921
2016-02-14,16:04:59.998,47.93130861
2016-02-14,16:05:01.004,47.93131761
2016-02-14,16:05:01.998,47.93132707
2016-02-14,16:05:03.005,47.93133785
2016-02-14,16:05:03.999,47.93134995
2016-02-14,16:05:05.004,47.93136014
2016-02-14,16:05:05.998,47.93137232
2016-02-14,16:05:07.005,47.93138427
2016-02-14,16:05:07.998,47.93139627
2016-02-14,16:05:08.996,47.93140923
2016-02-14,16:05:10.030,47.93142319
2016-02-14,16:05:10.998,47.93143891
2016-02-14,16:05:12.005,47.93145562
2016-02-14,16:05:12.998,47.93146953
2016-02-14,16:05:14.006,47.9314835
2016-02-14,16:05:14.999,47.93149881
2016-02-14,16:05:16.003,47.9315153
2016-02-14,16:05:16.997,47.9315312
2016-02-14,16:05:17.998,47.93154656
2016-02-14,16:05:19.005,47.93156054
2016-02-14,16:05:19.997,47.93157434
2016-02-14,16:05:21.003,47.93158849
2016-02-14,16:05:21.999,47.93160252
2016-02-14,16:05:23.005,47.9316148
2016-02-14,16:05:24.002,47.93162052
2016-02-14,16:05:24.995,47.93162249
2016-02-14,16:05:26.003,47.93162656
2016-02-14,16:05:27.021,47.93163648
2016-02-14,16:05:28.004,47.93164997
2016-02-14,16:05:28.997,47.93166287
2016-02-14,16:05:30.028,47.93167625
2016-02-14,16:05:30.997,47.93169045
2016-02-14,16:05:32.001,47.93170437
2016-02-14,16:05:32.997,47.93171935
2016-02-14,16:05:33.998,47.93173538
2016-02-14,16:05:35.005,47.9317521
2016-02-14,16:05:35.997,47.93176789
2016-02-14,16:05:37.003,47.93178021
2016-02-14,16:05:37.996,47.93178816
2016-02-14,16:05:39.004,47.9318041
2016-02-14,16:05:39.998,47.93181656
2016-02-14,16:05:40.996,47.93182896
2016-02-14,16:05:42.002,47.93184157
2016-02-14,16:05:42.996,47.93185628
2016-02-14,16:05:44.004,47.93187144
2016-02-14,16:05:45.020,47.93188694
2016-02-14,16:05:46.005,47.93190154
2016-02-14,16:05:46.998,47.93191648
2016-02-14,16:05:48.007,47.93193186
2016-02-14,16:05:49.001,47.93194727
2016-02-14,16:05:49.996,47.93196118
2016-02-14,16:05:51.005,47.93197223
2016-02-14,16:05:52.025,47.93198157
2016-02-14,16:05:53.005,47.93199188
2016-02-14,16:05:53.998,47.93200288
2016-02-14,16:05:54.997,47.93201499
2016-02-14,16:05:55.997,47.93202864
2016-02-14,16:05:56.997,47.93204486
2016-02-14,16:05:58.006,47.93206095
2016-02-14,16:05:59.001,47.93207668
2016-02-14,16:06:00.005,47.93209257
2016-02-14,16:06:01.000,47.93210835
2016-02-14,16:06:02.008,47.93212252
2016-02-14,16:06:03.002,47.93213413
2016-02-14,16:06:04.002,47.93214517
2016-02-14,16:06:04.997,47.93215625
2016-02-14,16:06:05.998,47.93216752
2016-02-14,16:06:07.005,47.93217953
2016-02-14,16:06:07.998,47.93219218
