2016-04-02,09:04:05.908,185.0
2016-04-02,09:04:06.906,183.0
2016-04-02,09:04:07.896,172.0
2016-04-02,09:04:09.758,187.0
2016-04-02,09:04:10.756,184.0
2016-04-02,09:04:11.746,176.0
2016-04-02,09:04:12.757,172.0
2016-04-02,09:04:13.746,171.0
2016-04-02,09:04:14.747,169.0
2016-04-02,09:04:15.806,168.0
2016-04-02,09:04:16.756,167.0
2016-04-02,09:04:17.746,164.0
2016-04-02,09:04:18.747,164.0
2016-04-02,09:04:19.751,163.0
2016-04-02,09:04:20.746,163.0
2016-04-02,09:04:21.808,164.0
2016-04-02,09:04:22.746,164.0
2016-04-02,09:04:23.754,164.0
2016-04-02,09:04:24.829,164.0
2016-04-02,09:04:25.748,164.0
2016-04-02,09:04:27.129,164.0
2016-04-02,09:04:27.747,164.0
2016-04-02,09:04:28.746,164.0
2016-04-02,09:04:29.746,164.0
2016-04-02,09:04:30.754,164.0
2016-04-02,09:04:31.745,164.0
2016-04-02,09:04:32.746,164.0
2016-04-02,09:04:33.757,164.0
2016-04-02,09:04:34.746,164.0
2016-04-02,09:04:35.745,164.0
2016-04-02,09:04:36.746,164.0
2016-04-02,09:04:37.762,164.0
2016-04-02,09:04:38.747,164.0
2016-04-02,09:04:39.746,164.0
2016-04-02,09:04:40.757,164.0
2016-04-02,09:04:41.746,164.0
2016-04-02,09:04:42.750,164.0
2016-04-02,09:04:43.747,164.0
2016-04-02,09:04:44.745,164.0
2016-04-02,09:04:45.750,164.0
2016-04-02,09:04:46.745,164.0
2016-04-02,09:04:47.746,164.0
2016-04-02,09:04:48.746,164.0
2016-04-02,09:04:49.753,164.0
2016-04-02,09:04:50.748,164.0
2016-04-02,09:04:51.747,164.0
2016-04-02,09:04:52.774,164.0
2016-04-02,09:04:53.747,164.0
2016-04-02,09:04:54.746,164.0
2016-04-02,09:04:55.745,164.0
2016-04-02,09:04:56.753,164.0
2016-04-02,09:04:57.748,164.0
2016-04-02,09:04:58.755,164.0
2016-04-02,09:04:59.767,164.0
2016-04-02,09:05:00.773,164.0
2016-04-02,09:05:01.789,164.0
2016-04-02,09:05:02.764,164.0
2016-04-02,09:05:03.813,164.0
2016-04-02,09:05:04.747,164.0
2016-04-02,09:07:14.755,164.0
2016-04-02,09:07:15.748,164.0
2016-04-02,09:07:16.747,164.0
2016-04-02,09:07:17.751,174.0
2016-04-02,09:07:18.746,168.0
2016-04-02,09:07:19.749,157.0
2016-04-02,09:07:20.747,160.0
2016-04-02,09:07:21.748,152.0
2016-04-02,09:07:22.746,153.0
2016-04-02,09:07:23.746,156.0
2016-04-02,09:07:24.745,169.0
2016-04-02,09:07:25.746,169.0
2016-04-02,09:07:26.747,169.0
2016-04-02,09:07:27.747,167.0
2016-04-02,09:07:28.748,167.0
2016-04-02,09:07:29.747,167.0
2016-04-02,09:07:30.747,166.0
2016-04-02,09:07:31.747,162.0
2016-04-02,09:07:32.746,160.0
2016-04-02,09:07:33.747,157.0
2016-04-02,09:07:34.747,157.0
2016-04-02,09:07:35.749,158.0
2016-04-02,09:07:36.746,157.0
2016-04-02,09:07:37.750,159.0
2016-04-02,09:07:38.747,158.0
2016-04-02,09:07:39.748,158.0
2016-04-02,09:07:40.747,158.0
2016-04-02,09:07:41.747,159.0
2016-04-02,09:07:42.746,157.0
2016-04-02,09:07:43.746,157.0
2016-04-02,09:07:44.745,155.0
2016-04-02,09:07:45.747,156.0
2016-04-02,09:07:46.747,157.0
2016-04-02,09:07:47.746,157.0
2016-04-02,09:07:48.747,158.0
2016-04-02,09:07:49.748,157.0
2016-04-02,09:07:50.747,157.0
2016-04-02,09:07:51.748,158.0
2016-04-02,09:07:52.747,158.0
2016-04-02,09:07:53.747,158.0
2016-04-02,09:07:54.748,158.0
2016-04-02,09:07:55.748,158.0
2016-04-02,09:07:56.748,158.0
2016-04-02,09:07:57.748,159.0
2016-04-02,09:07:58.747,159.0
2016-04-02,09:07:59.746,157.0
2016-04-02,09:08:00.744,157.0
2016-04-02,09:08:01.749,157.0
2016-04-02,09:08:02.747,157.0
2016-04-02,09:08:03.751,157.0
2016-04-02,09:08:04.758,157.0
2016-04-02,09:08:05.756,157.0
2016-04-02,09:08:06.758,157.0
2016-04-02,09:08:07.747,157.0
2016-04-02,09:08:08.753,157.0
2016-04-02,09:08:09.753,157.0
2016-04-02,09:08:10.757,157.0
2016-04-02,09:08:11.748,157.0
2016-04-02,09:08:12.753,157.0
2016-04-02,09:08:13.756,156.0
2016-04-02,09:08:14.757,156.0
2016-04-02,09:08:15.757,156.0
2016-04-02,09:08:16.757,156.0
2016-04-02,09:08:17.756,156.0
2016-04-02,09:08:18.748,156.0
2016-04-02,09:08:19.755,155.0
2016-04-02,09:08:20.748,155.0
2016-04-02,09:08:21.752,155.0
2016-04-02,09:08:22.755,155.0
2016-04-02,09:08:23.746,157.0
2016-04-02,09:08:24.746,157.0
2016-04-02,09:08:25.747,158.0
2016-04-02,09:08:26.748,157.0
2016-04-02,09:08:27.759,159.0
2016-04-02,09:08:28.750,159.0
2016-04-02,09:08:29.747,159.0
2016-04-02,09:08:30.755,160.0
2016-04-02,09:08:31.760,160.0
2016-04-02,09:08:32.822,160.0
2016-04-02,09:08:33.755,160.0
2016-04-02,09:08:34.756,159.0
2016-04-02,09:08:35.754,156.0
2016-04-02,09:08:36.749,154.0
2016-04-02,09:08:37.756,155.0
2016-04-02,09:08:38.755,155.0
2016-04-02,09:08:39.805,156.0
2016-04-02,09:08:40.747,156.0
2016-04-02,09:08:41.747,157.0
2016-04-02,09:08:42.748,157.0
2016-04-02,09:08:43.755,157.0
2016-04-02,09:08:44.756,158.0
2016-04-02,09:08:45.761,158.0
2016-04-02,09:08:46.836,158.0
2016-04-02,09:08:47.755,158.0
2016-04-02,09:08:48.749,158.0
2016-04-02,09:08:49.746,158.0
2016-04-02,09:08:50.759,158.0
2016-04-02,09:08:51.749,158.0
2016-04-02,09:08:52.747,158.0
2016-04-02,09:08:53.822,158.0
2016-04-02,09:08:54.754,158.0
2016-04-02,09:08:55.758,158.0
2016-04-02,09:08:56.747,157.0
2016-04-02,09:08:57.745,157.0
2016-04-02,09:08:58.757,157.0
2016-04-02,09:08:59.755,156.0
2016-04-02,09:09:00.837,154.0
2016-04-02,09:09:01.756,154.0
2016-04-02,09:09:02.757,153.0
2016-04-02,09:09:03.749,153.0
2016-04-02,09:09:04.747,152.0
2016-04-02,09:09:05.747,152.0
2016-04-02,09:09:06.745,151.0
2016-04-02,09:09:07.820,151.0
2016-04-02,09:09:08.751,150.0
2016-04-02,09:09:09.746,150.0
2016-04-02,09:09:10.915,150.0
2016-04-02,09:09:11.756,151.0
2016-04-02,09:09:12.757,151.0
2016-04-02,09:09:13.750,151.0
2016-04-02,09:09:14.872,152.0
2016-04-02,09:09:15.757,152.0
2016-04-02,09:09:16.752,152.0
2016-04-02,09:09:17.755,153.0
2016-04-02,09:09:18.747,153.0
2016-04-02,09:09:19.754,152.0
2016-04-02,09:09:20.754,155.0
2016-04-02,09:09:21.902,158.0
2016-04-02,09:09:22.754,158.0
2016-04-02,09:09:23.754,158.0
2016-04-02,09:09:24.747,158.0
2016-04-02,09:09:25.753,158.0
2016-04-02,09:09:26.756,159.0
2016-04-02,09:09:27.749,159.0
2016-04-02,09:09:29.245,159.0
2016-04-02,09:09:29.748,159.0
2016-04-02,09:09:30.756,159.0
2016-04-02,09:09:31.749,158.0
2016-04-02,09:09:32.753,159.0
2016-04-02,09:09:33.754,158.0
2016-04-02,09:09:34.755,158.0
2016-04-02,09:09:35.826,157.0
2016-04-02,09:09:36.746,159.0
2016-04-02,09:09:37.755,159.0
2016-04-02,09:09:38.754,158.0
2016-04-02,09:09:39.755,157.0
2016-04-02,09:09:40.749,158.0
2016-04-02,09:09:41.753,158.0
2016-04-02,09:09:42.818,157.0
2016-04-02,09:09:43.747,157.0
2016-04-02,09:09:44.755,157.0
2016-04-02,09:09:45.748,155.0
2016-04-02,09:09:46.746,157.0
2016-04-02,09:09:47.749,157.0
2016-04-02,09:09:48.747,157.0
2016-04-02,09:09:49.841,158.0
2016-04-02,09:09:50.748,158.0
2016-04-02,09:09:51.755,159.0
2016-04-02,09:09:52.750,159.0
2016-04-02,09:09:53.750,158.0
2016-04-02,09:09:54.755,158.0
2016-04-02,09:09:55.750,158.0
2016-04-02,09:09:56.833,156.0
2016-04-02,09:09:57.754,155.0
2016-04-02,09:09:58.755,154.0
2016-04-02,09:09:59.971,152.0
2016-04-02,09:10:00.755,151.0
2016-04-02,09:10:01.748,150.0
2016-04-02,09:10:02.746,149.0
2016-04-02,09:10:03.841,153.0
2016-04-02,09:10:04.756,155.0
2016-04-02,09:10:05.756,154.0
2016-04-02,09:10:06.744,156.0
2016-04-02,09:10:07.750,156.0
2016-04-02,09:10:08.753,157.0
2016-04-02,09:10:09.750,157.0
2016-04-02,09:10:10.834,157.0
2016-04-02,09:10:11.753,157.0
2016-04-02,09:10:12.747,157.0
2016-04-02,09:10:13.747,158.0
2016-04-02,09:10:14.755,157.0
2016-04-02,09:10:15.748,156.0
2016-04-02,09:10:16.754,157.0
2016-04-02,09:10:17.873,156.0
2016-04-02,09:10:18.750,156.0
2016-04-02,09:10:19.806,156.0
2016-04-02,09:10:20.748,154.0
2016-04-02,09:10:21.748,155.0
2016-04-02,09:10:22.755,158.0
2016-04-02,09:10:23.756,157.0
2016-04-02,09:10:24.834,158.0
2016-04-02,09:10:25.747,157.0
2016-04-02,09:10:26.746,157.0
2016-04-02,09:10:27.748,157.0
2016-04-02,09:10:28.753,158.0
2016-04-02,09:10:29.756,160.0
2016-04-02,09:10:30.755,161.0
2016-04-02,09:10:31.835,161.0
2016-04-02,09:10:32.748,157.0
2016-04-02,09:10:33.746,156.0
2016-04-02,09:10:34.747,155.0
2016-04-02,09:10:35.748,154.0
2016-04-02,09:10:36.748,154.0
2016-04-02,09:10:37.749,153.0
2016-04-02,09:10:38.852,154.0
2016-04-02,09:10:39.748,153.0
2016-04-02,09:10:40.750,153.0
2016-04-02,09:10:41.747,153.0
2016-04-02,09:10:42.747,155.0
2016-04-02,09:10:43.749,156.0
2016-04-02,09:10:44.748,156.0
2016-04-02,09:10:45.815,156.0
2016-04-02,09:10:46.748,155.0
2016-04-02,09:10:47.749,154.0
2016-04-02,09:10:48.748,155.0
2016-04-02,09:10:49.748,156.0
2016-04-02,09:10:50.749,156.0
2016-04-02,09:10:51.750,158.0
2016-04-02,09:10:52.822,158.0
2016-04-02,09:10:53.747,158.0
2016-04-02,09:10:54.749,157.0
2016-04-02,09:10:55.747,156.0
2016-04-02,09:10:56.749,156.0
2016-04-02,09:10:57.748,157.0
2016-04-02,09:10:58.748,157.0
2016-04-02,09:10:59.837,157.0
2016-04-02,09:11:00.749,157.0
2016-04-02,09:11:01.748,157.0
2016-04-02,09:11:02.747,158.0
2016-04-02,09:11:03.747,159.0
2016-04-02,09:11:04.748,158.0
2016-04-02,09:11:05.748,157.0
2016-04-02,09:11:06.826,158.0
2016-04-02,09:11:07.748,161.0
2016-04-02,09:11:08.748,162.0
2016-04-02,09:11:09.748,162.0
2016-04-02,09:11:10.749,162.0
2016-04-02,09:11:11.749,161.0
2016-04-02,09:11:12.748,161.0
2016-04-02,09:11:13.821,161.0
2016-04-02,09:11:14.748,160.0
2016-04-02,09:11:15.748,161.0
2016-04-02,09:11:16.749,161.0
2016-04-02,09:11:17.748,160.0
2016-04-02,09:11:18.749,158.0
2016-04-02,09:11:19.748,158.0
2016-04-02,09:11:20.811,158.0
2016-04-02,09:11:21.749,157.0
2016-04-02,09:11:22.748,155.0
2016-04-02,09:11:23.747,154.0
2016-04-02,09:11:24.747,154.0
2016-04-02,09:11:25.748,153.0
2016-04-02,09:11:26.748,152.0
2016-04-02,09:11:27.749,152.0
2016-04-02,09:11:28.748,153.0
2016-04-02,09:11:29.830,152.0
2016-04-02,09:11:30.749,150.0
2016-04-02,09:11:31.748,150.0
2016-04-02,09:11:32.747,151.0
2016-04-02,09:11:33.749,151.0
2016-04-02,09:11:34.748,149.0
2016-04-02,09:11:35.749,149.0
2016-04-02,09:11:36.884,148.0
2016-04-02,09:11:37.749,147.0
2016-04-02,09:11:38.750,147.0
2016-04-02,09:11:39.754,147.0
2016-04-02,09:11:40.749,147.0
2016-04-02,09:11:41.749,147.0
2016-04-02,09:11:42.751,146.0
2016-04-02,09:11:43.870,146.0
2016-04-02,09:11:44.749,145.0
2016-04-02,09:11:45.748,145.0
2016-04-02,09:11:46.752,144.0
2016-04-02,09:11:47.749,144.0
2016-04-02,09:11:48.748,144.0
2016-04-02,09:11:49.749,144.0
2016-04-02,09:11:50.848,144.0
2016-04-02,09:11:51.748,143.0
2016-04-02,09:11:52.748,144.0
2016-04-02,09:11:53.754,143.0
2016-04-02,09:11:54.748,143.0
2016-04-02,09:11:55.750,143.0
2016-04-02,09:11:56.748,142.0
2016-04-02,09:11:57.836,142.0
2016-04-02,09:11:58.750,143.0
2016-04-02,09:11:59.751,143.0
2016-04-02,09:12:00.748,143.0
2016-04-02,09:12:01.749,144.0
2016-04-02,09:12:02.749,144.0
2016-04-02,09:12:03.748,146.0
2016-04-02,09:12:04.841,147.0
2016-04-02,09:12:05.749,147.0
2016-04-02,09:12:06.749,147.0
2016-04-02,09:12:07.755,147.0
2016-04-02,09:12:08.749,147.0
2016-04-02,09:12:09.746,147.0
2016-04-02,09:12:10.746,148.0
2016-04-02,09:12:11.853,146.0
2016-04-02,09:12:12.756,146.0
2016-04-02,09:12:13.748,146.0
2016-04-02,09:12:14.755,147.0
2016-04-02,09:12:15.757,146.0
2016-04-02,09:12:16.759,146.0
2016-04-02,09:12:17.756,147.0
2016-04-02,09:12:18.842,148.0
2016-04-02,09:12:19.755,149.0
2016-04-02,09:12:20.757,149.0
2016-04-02,09:12:21.753,148.0
2016-04-02,09:12:22.749,149.0
2016-04-02,09:12:23.748,149.0
2016-04-02,09:12:24.748,148.0
2016-04-02,09:12:25.848,150.0
2016-04-02,09:12:26.747,149.0
2016-04-02,09:12:27.748,149.0
2016-04-02,09:12:28.747,149.0
2016-04-02,09:12:29.748,150.0
2016-04-02,09:12:30.749,149.0
2016-04-02,09:12:31.749,152.0
2016-04-02,09:12:32.834,154.0
2016-04-02,09:12:33.749,154.0
2016-04-02,09:12:34.748,154.0
2016-04-02,09:12:35.753,154.0
2016-04-02,09:12:36.748,154.0
2016-04-02,09:12:37.748,152.0
2016-04-02,09:12:38.748,151.0
2016-04-02,09:12:39.851,152.0
2016-04-02,09:12:40.748,153.0
2016-04-02,09:12:41.748,153.0
2016-04-02,09:12:42.748,152.0
2016-04-02,09:12:43.749,151.0
2016-04-02,09:12:44.747,151.0
2016-04-02,09:12:45.750,150.0
2016-04-02,09:12:46.847,151.0
2016-04-02,09:12:47.749,152.0
2016-04-02,09:12:48.749,152.0
2016-04-02,09:12:49.764,151.0
2016-04-02,09:12:50.748,151.0
2016-04-02,09:12:51.748,151.0
2016-04-02,09:12:52.749,151.0
2016-04-02,09:12:53.852,152.0
2016-04-02,09:12:54.748,151.0
2016-04-02,09:12:55.748,151.0
2016-04-02,09:12:56.748,151.0
2016-04-02,09:12:57.755,153.0
2016-04-02,09:12:58.749,152.0
2016-04-02,09:12:59.747,152.0
2016-04-02,09:13:00.843,151.0
2016-04-02,09:13:01.750,150.0
2016-04-02,09:13:02.757,153.0
2016-04-02,09:13:03.757,153.0
2016-04-02,09:13:04.756,153.0
2016-04-02,09:13:05.748,153.0
2016-04-02,09:13:06.752,153.0
2016-04-02,09:13:07.851,152.0
2016-04-02,09:13:08.750,152.0
2016-04-02,09:13:09.779,152.0
2016-04-02,09:13:10.756,152.0
2016-04-02,09:13:11.757,153.0
2016-04-02,09:13:12.749,154.0
2016-04-02,09:13:13.775,154.0
2016-04-02,09:13:15.031,151.0
2016-04-02,09:13:15.749,151.0
2016-04-02,09:13:16.749,151.0
2016-04-02,09:13:17.762,151.0
2016-04-02,09:13:18.759,151.0
2016-04-02,09:13:19.756,151.0
2016-04-02,09:13:20.749,151.0
2016-04-02,09:13:21.834,150.0
2016-04-02,09:13:22.750,150.0
2016-04-02,09:13:23.758,150.0
2016-04-02,09:13:24.748,149.0
2016-04-02,09:13:25.748,149.0
2016-04-02,09:13:26.749,151.0
2016-04-02,09:13:27.748,151.0
2016-04-02,09:13:28.870,152.0
2016-04-02,09:13:29.746,149.0
2016-04-02,09:13:30.747,149.0
2016-04-02,09:13:31.757,149.0
2016-04-02,09:13:32.750,148.0
2016-04-02,09:13:33.771,149.0
2016-04-02,09:13:34.749,148.0
2016-04-02,09:13:35.888,147.0
2016-04-02,09:13:36.749,146.0
2016-04-02,09:13:37.752,145.0
2016-04-02,09:13:38.753,144.0
2016-04-02,09:13:39.747,144.0
2016-04-02,09:13:40.754,145.0
2016-04-02,09:13:41.753,145.0
2016-04-02,09:13:42.857,146.0
2016-04-02,09:13:43.819,146.0
2016-04-02,09:13:44.750,147.0
2016-04-02,09:13:45.756,148.0
2016-04-02,09:13:46.748,149.0
2016-04-02,09:13:47.756,149.0
2016-04-02,09:13:48.756,150.0
2016-04-02,09:13:49.876,151.0
2016-04-02,09:13:50.751,151.0
2016-04-02,09:13:51.751,151.0
2016-04-02,09:13:52.757,151.0
2016-04-02,09:13:53.755,152.0
2016-04-02,09:13:54.755,152.0
2016-04-02,09:13:55.750,151.0
2016-04-02,09:13:56.828,152.0
2016-04-02,09:13:57.752,152.0
2016-04-02,09:13:58.756,153.0
2016-04-02,09:13:59.756,153.0
2016-04-02,09:14:00.748,153.0
2016-04-02,09:14:01.756,152.0
2016-04-02,09:14:02.756,152.0
2016-04-02,09:14:03.853,153.0
2016-04-02,09:14:04.757,153.0
2016-04-02,09:14:05.755,153.0
2016-04-02,09:14:06.748,153.0
2016-04-02,09:14:07.755,151.0
2016-04-02,09:14:08.757,151.0
2016-04-02,09:14:09.749,149.0
2016-04-02,09:14:10.852,148.0
2016-04-02,09:14:11.750,148.0
2016-04-02,09:14:12.750,147.0
2016-04-02,09:14:13.754,148.0
2016-04-02,09:14:14.749,148.0
2016-04-02,09:14:15.754,148.0
2016-04-02,09:14:16.751,148.0
2016-04-02,09:14:17.833,147.0
2016-04-02,09:14:18.749,147.0
2016-04-02,09:14:19.749,147.0
2016-04-02,09:14:20.753,147.0
2016-04-02,09:14:21.766,147.0
2016-04-02,09:14:22.759,147.0
2016-04-02,09:14:23.753,148.0
2016-04-02,09:14:24.747,148.0
2016-04-02,09:14:25.752,149.0
2016-04-02,09:14:26.750,149.0
2016-04-02,09:14:27.751,151.0
2016-04-02,09:14:28.752,150.0
2016-04-02,09:14:29.751,149.0
2016-04-02,09:14:30.748,149.0
2016-04-02,09:14:31.751,149.0
2016-04-02,09:14:32.749,149.0
2016-04-02,09:14:33.751,149.0
2016-04-02,09:14:34.749,149.0
2016-04-02,09:14:35.749,150.0
2016-04-02,09:14:36.749,149.0
2016-04-02,09:14:37.753,149.0
2016-04-02,09:14:38.751,149.0
2016-04-02,09:14:39.748,149.0
2016-04-02,09:14:40.750,149.0
2016-04-02,09:14:41.752,149.0
2016-04-02,09:14:42.751,150.0
2016-04-02,09:14:43.747,150.0
2016-04-02,09:14:44.754,150.0
2016-04-02,09:14:45.749,151.0
2016-04-02,09:14:46.749,151.0
2016-04-02,09:14:47.751,151.0
2016-04-02,09:14:48.749,151.0
2016-04-02,09:14:49.766,153.0
2016-04-02,09:14:50.749,153.0
2016-04-02,09:14:51.755,154.0
2016-04-02,09:14:52.751,154.0
2016-04-02,09:14:53.751,154.0
2016-04-02,09:14:54.749,154.0
2016-04-02,09:14:55.749,155.0
2016-04-02,09:14:56.750,155.0
2016-04-02,09:14:57.750,155.0
2016-04-02,09:14:58.754,155.0
2016-04-02,09:14:59.750,156.0
2016-04-02,09:15:00.750,156.0
2016-04-02,09:15:01.750,156.0
2016-04-02,09:15:02.750,156.0
2016-04-02,09:15:03.748,156.0
2016-04-02,09:15:04.748,156.0
2016-04-02,09:15:05.747,156.0
2016-04-02,09:15:06.748,156.0
2016-04-02,09:15:07.747,156.0
2016-04-02,09:15:08.755,156.0
2016-04-02,09:15:09.756,156.0
2016-04-02,09:15:10.764,155.0
2016-04-02,09:15:11.762,155.0
2016-04-02,09:15:12.755,155.0
2016-04-02,09:15:13.763,154.0
2016-04-02,09:15:14.754,153.0
2016-04-02,09:15:15.750,153.0
2016-04-02,09:15:16.756,154.0
2016-04-02,09:15:17.758,153.0
2016-04-02,09:15:18.758,152.0
2016-04-02,09:15:19.758,151.0
2016-04-02,09:15:20.757,152.0
2016-04-02,09:15:21.750,153.0
2016-04-02,09:15:22.748,154.0
2016-04-02,09:15:23.750,155.0
2016-04-02,09:15:24.749,153.0
2016-04-02,09:15:25.754,153.0
2016-04-02,09:15:26.764,153.0
2016-04-02,09:15:27.760,153.0
2016-04-02,09:15:28.756,153.0
2016-04-02,09:15:29.754,154.0
2016-04-02,09:15:30.750,154.0
2016-04-02,09:15:31.748,152.0
2016-04-02,09:15:32.757,153.0
2016-04-02,09:15:33.762,154.0
2016-04-02,09:15:34.751,154.0
2016-04-02,09:15:35.748,155.0
2016-04-02,09:15:36.748,155.0
2016-04-02,09:15:37.755,156.0
2016-04-02,09:15:38.750,156.0
2016-04-02,09:15:39.747,154.0
2016-04-02,09:15:40.756,155.0
2016-04-02,09:15:41.758,156.0
2016-04-02,09:15:42.757,155.0
2016-04-02,09:15:43.787,156.0
2016-04-02,09:15:44.759,155.0
2016-04-02,09:15:45.756,154.0
2016-04-02,09:15:46.750,154.0
2016-04-02,09:15:47.756,154.0
2016-04-02,09:15:48.751,154.0
2016-04-02,09:15:49.748,155.0
2016-04-02,09:15:50.756,154.0
2016-04-02,09:15:51.757,154.0
2016-04-02,09:15:52.760,153.0
2016-04-02,09:15:53.750,154.0
2016-04-02,09:15:54.747,153.0
2016-04-02,09:15:55.748,153.0
2016-04-02,09:15:56.755,153.0
2016-04-02,09:15:57.765,153.0
2016-04-02,09:15:58.756,152.0
2016-04-02,09:15:59.777,152.0
2016-04-02,09:16:00.757,151.0
2016-04-02,09:16:01.753,152.0
2016-04-02,09:16:02.748,152.0
2016-04-02,09:16:03.751,151.0
2016-04-02,09:16:04.765,151.0
2016-04-02,09:16:05.750,152.0
2016-04-02,09:16:06.746,150.0
2016-04-02,09:16:07.761,150.0
2016-04-02,09:16:08.760,149.0
2016-04-02,09:16:09.751,149.0
2016-04-02,09:16:10.748,150.0
2016-04-02,09:16:11.747,151.0
2016-04-02,09:16:12.748,151.0
2016-04-02,09:16:13.749,150.0
2016-04-02,09:16:14.758,151.0
2016-04-02,09:16:15.757,152.0
2016-04-02,09:16:16.755,152.0
2016-04-02,09:16:17.750,152.0
2016-04-02,09:16:18.748,152.0
2016-04-02,09:16:19.750,152.0
2016-04-02,09:16:20.747,153.0
2016-04-02,09:16:21.787,153.0
2016-04-02,09:16:22.758,153.0
2016-04-02,09:16:23.761,154.0
2016-04-02,09:16:24.757,153.0
2016-04-02,09:16:25.749,153.0
2016-04-02,09:16:26.749,153.0
2016-04-02,09:16:27.748,154.0
2016-04-02,09:16:28.748,154.0
2016-04-02,09:16:29.748,154.0
2016-04-02,09:16:30.756,154.0
2016-04-02,09:16:31.770,153.0
2016-04-02,09:16:32.790,153.0
2016-04-02,09:16:33.751,153.0
2016-04-02,09:16:34.749,153.0
2016-04-02,09:16:35.749,152.0
2016-04-02,09:16:36.749,152.0
2016-04-02,09:16:37.756,151.0
2016-04-02,09:16:38.756,150.0
2016-04-02,09:16:39.757,150.0
2016-04-02,09:16:40.757,150.0
2016-04-02,09:16:41.757,150.0
2016-04-02,09:16:42.748,150.0
2016-04-02,09:16:43.748,151.0
2016-04-02,09:16:44.749,150.0
2016-04-02,09:16:45.756,151.0
2016-04-02,09:16:46.768,151.0
2016-04-02,09:16:47.761,150.0
2016-04-02,09:16:48.760,151.0
2016-04-02,09:16:49.749,151.0
2016-04-02,09:16:50.757,151.0
2016-04-02,09:16:51.757,151.0
2016-04-02,09:16:52.750,151.0
2016-04-02,09:16:53.755,151.0
2016-04-02,09:16:54.750,152.0
2016-04-02,09:16:55.756,151.0
2016-04-02,09:16:56.757,151.0
2016-04-02,09:16:57.754,151.0
2016-04-02,09:16:58.757,150.0
2016-04-02,09:16:59.786,150.0
2016-04-02,09:17:00.751,150.0
2016-04-02,09:17:01.749,149.0
2016-04-02,09:17:02.749,149.0
2016-04-02,09:17:03.749,149.0
2016-04-02,09:17:04.754,148.0
2016-04-02,09:17:05.756,149.0
2016-04-02,09:17:06.756,148.0
2016-04-02,09:17:07.757,148.0
2016-04-02,09:17:08.749,148.0
2016-04-02,09:17:09.748,148.0
2016-04-02,09:17:10.757,147.0
2016-04-02,09:17:11.753,147.0
2016-04-02,09:17:12.756,147.0
2016-04-02,09:17:13.757,148.0
2016-04-02,09:17:14.750,148.0
2016-04-02,09:17:15.764,150.0
2016-04-02,09:17:16.753,150.0
2016-04-02,09:17:17.760,149.0
2016-04-02,09:17:18.765,149.0
2016-04-02,09:17:19.749,149.0
2016-04-02,09:17:20.757,149.0
2016-04-02,09:17:21.819,149.0
2016-04-02,09:17:22.773,149.0
2016-04-02,09:17:23.792,150.0
2016-04-02,09:17:24.832,151.0
2016-04-02,09:17:25.757,151.0
2016-04-02,09:17:26.750,150.0
2016-04-02,09:17:27.749,151.0
2016-04-02,09:17:28.755,150.0
2016-04-02,09:17:29.756,152.0
2016-04-02,09:17:30.749,152.0
2016-04-02,09:17:31.749,152.0
2016-04-02,09:17:32.748,152.0
2016-04-02,09:17:33.757,151.0
2016-04-02,09:17:34.757,150.0
2016-04-02,09:17:35.755,150.0
2016-04-02,09:17:36.755,150.0
2016-04-02,09:17:37.777,149.0
2016-04-02,09:17:38.759,149.0
2016-04-02,09:17:39.750,149.0
2016-04-02,09:17:40.753,149.0
2016-04-02,09:17:41.748,148.0
2016-04-02,09:17:42.757,150.0
2016-04-02,09:17:43.757,150.0
2016-04-02,09:17:44.750,150.0
2016-04-02,09:17:45.756,151.0
2016-04-02,09:17:46.749,151.0
2016-04-02,09:17:47.749,151.0
2016-04-02,09:17:48.748,151.0
2016-04-02,09:17:49.757,148.0
2016-04-02,09:17:50.757,148.0
2016-04-02,09:17:51.752,148.0
2016-04-02,09:17:52.757,149.0
2016-04-02,09:17:53.758,150.0
2016-04-02,09:17:54.758,149.0
2016-04-02,09:17:55.749,149.0
2016-04-02,09:17:56.756,150.0
2016-04-02,09:17:57.755,150.0
2016-04-02,09:17:58.756,151.0
2016-04-02,09:17:59.787,151.0
2016-04-02,09:18:00.755,151.0
2016-04-02,09:18:01.758,150.0
2016-04-02,09:18:02.748,149.0
2016-04-02,09:18:03.748,150.0
2016-04-02,09:18:04.752,149.0
2016-04-02,09:18:05.757,148.0
2016-04-02,09:18:06.758,149.0
2016-04-02,09:18:07.757,149.0
2016-04-02,09:18:08.760,150.0
2016-04-02,09:18:09.760,150.0
2016-04-02,09:18:10.755,151.0
2016-04-02,09:18:11.751,151.0
2016-04-02,09:18:12.752,150.0
2016-04-02,09:18:13.755,151.0
2016-04-02,09:18:14.750,151.0
2016-04-02,09:18:15.751,151.0
2016-04-02,09:18:16.755,152.0
2016-04-02,09:18:17.757,153.0
2016-04-02,09:18:18.749,152.0
2016-04-02,09:18:19.750,151.0
2016-04-02,09:18:20.748,150.0
2016-04-02,09:18:21.755,151.0
2016-04-02,09:18:22.751,151.0
2016-04-02,09:18:23.747,150.0
2016-04-02,09:18:24.754,151.0
2016-04-02,09:18:25.757,152.0
2016-04-02,09:18:26.750,152.0
2016-04-02,09:18:27.755,150.0
2016-04-02,09:18:28.750,150.0
2016-04-02,09:18:29.750,150.0
2016-04-02,09:18:30.755,150.0
2016-04-02,09:18:31.762,150.0
2016-04-02,09:18:32.760,148.0
2016-04-02,09:18:33.762,147.0
2016-04-02,09:18:34.752,147.0
2016-04-02,09:18:35.749,147.0
2016-04-02,09:18:36.751,148.0
2016-04-02,09:18:37.750,149.0
2016-04-02,09:18:38.760,149.0
2016-04-02,09:18:39.762,149.0
2016-04-02,09:18:40.758,149.0
2016-04-02,09:18:41.757,149.0
2016-04-02,09:18:42.779,149.0
2016-04-02,09:18:43.751,149.0
2016-04-02,09:18:44.750,148.0
2016-04-02,09:18:45.754,148.0
2016-04-02,09:18:46.752,148.0
2016-04-02,09:18:47.755,150.0
2016-04-02,09:18:48.763,150.0
2016-04-02,09:18:49.761,149.0
2016-04-02,09:18:50.751,149.0
2016-04-02,09:18:51.749,148.0
2016-04-02,09:18:52.754,149.0
2016-04-02,09:18:53.759,149.0
2016-04-02,09:18:54.762,148.0
2016-04-02,09:18:55.804,147.0
2016-04-02,09:18:56.758,147.0
2016-04-02,09:18:57.758,147.0
2016-04-02,09:18:58.760,147.0
2016-04-02,09:18:59.757,148.0
2016-04-02,09:19:00.749,148.0
2016-04-02,09:19:01.748,148.0
2016-04-02,09:19:02.755,149.0
2016-04-02,09:19:03.758,149.0
2016-04-02,09:19:04.764,149.0
2016-04-02,09:19:05.804,149.0
2016-04-02,09:19:06.767,149.0
2016-04-02,09:19:07.749,150.0
2016-04-02,09:19:08.749,150.0
2016-04-02,09:19:09.750,150.0
2016-04-02,09:19:10.797,150.0
2016-04-02,09:19:11.759,150.0
2016-04-02,09:19:12.759,150.0
2016-04-02,09:19:13.764,150.0
2016-04-02,09:19:14.759,150.0
2016-04-02,09:19:15.751,150.0
2016-04-02,09:19:16.747,150.0
2016-04-02,09:19:17.749,150.0
2016-04-02,09:19:18.748,150.0
2016-04-02,09:19:19.755,149.0
2016-04-02,09:19:20.760,149.0
2016-04-02,09:19:21.757,149.0
2016-04-02,09:19:22.753,148.0
2016-04-02,09:19:23.757,148.0
2016-04-02,09:19:24.749,148.0
2016-04-02,09:19:25.751,147.0
2016-04-02,09:19:26.758,146.0
2016-04-02,09:19:27.757,146.0
2016-04-02,09:19:28.758,148.0
2016-04-02,09:19:29.761,149.0
2016-04-02,09:19:30.758,149.0
2016-04-02,09:19:31.751,149.0
2016-04-02,09:19:32.755,149.0
2016-04-02,09:19:33.751,149.0
2016-04-02,09:19:34.748,149.0
2016-04-02,09:19:35.759,149.0
2016-04-02,09:19:36.762,149.0
2016-04-02,09:19:37.765,149.0
2016-04-02,09:19:38.763,151.0
2016-04-02,09:19:39.751,152.0
2016-04-02,09:19:40.749,152.0
2016-04-02,09:19:41.754,152.0
2016-04-02,09:19:42.763,151.0
2016-04-02,09:19:43.760,150.0
2016-04-02,09:19:44.760,151.0
2016-04-02,09:19:45.757,151.0
2016-04-02,09:19:46.756,151.0
2016-04-02,09:19:47.750,151.0
2016-04-02,09:19:48.748,151.0
2016-04-02,09:19:49.749,151.0
2016-04-02,09:19:50.756,151.0
2016-04-02,09:19:51.765,151.0
2016-04-02,09:19:52.762,151.0
2016-04-02,09:19:53.761,151.0
2016-04-02,09:19:54.758,151.0
2016-04-02,09:19:55.753,151.0
2016-04-02,09:19:56.751,150.0
2016-04-02,09:19:57.748,151.0
2016-04-02,09:19:58.756,152.0
2016-04-02,09:19:59.750,152.0
2016-04-02,09:20:00.756,152.0
2016-04-02,09:20:01.763,152.0
2016-04-02,09:20:02.763,152.0
2016-04-02,09:20:03.751,152.0
2016-04-02,09:20:04.756,153.0
2016-04-02,09:20:05.750,153.0
2016-04-02,09:20:06.760,151.0
2016-04-02,09:20:07.757,152.0
2016-04-02,09:20:08.757,151.0
2016-04-02,09:20:09.755,151.0
2016-04-02,09:20:10.764,151.0
2016-04-02,09:20:11.751,151.0
2016-04-02,09:20:12.750,151.0
2016-04-02,09:20:13.751,152.0
2016-04-02,09:20:14.756,152.0
2016-04-02,09:20:15.757,152.0
2016-04-02,09:20:16.757,152.0
2016-04-02,09:20:17.764,152.0
2016-04-02,09:20:18.763,154.0
2016-04-02,09:20:19.751,154.0
2016-04-02,09:20:20.750,155.0
2016-04-02,09:20:21.750,154.0
2016-04-02,09:20:22.760,154.0
2016-04-02,09:20:23.759,155.0
2016-04-02,09:20:24.755,154.0
2016-04-02,09:20:25.756,155.0
2016-04-02,09:20:26.758,154.0
2016-04-02,09:20:27.755,154.0
2016-04-02,09:20:28.757,155.0
2016-04-02,09:20:29.750,157.0
2016-04-02,09:20:30.750,157.0
2016-04-02,09:20:31.748,157.0
2016-04-02,09:20:32.763,155.0
2016-04-02,09:20:33.762,155.0
2016-04-02,09:20:34.760,155.0
2016-04-02,09:20:35.751,154.0
2016-04-02,09:20:36.750,153.0
2016-04-02,09:20:37.750,153.0
2016-04-02,09:20:38.759,152.0
2016-04-02,09:20:39.763,152.0
2016-04-02,09:20:40.758,152.0
2016-04-02,09:20:41.760,152.0
2016-04-02,09:20:42.764,152.0
2016-04-02,09:20:43.754,152.0
2016-04-02,09:20:44.754,151.0
2016-04-02,09:20:45.753,151.0
2016-04-02,09:20:46.762,151.0
2016-04-02,09:20:47.752,151.0
2016-04-02,09:20:48.757,151.0
2016-04-02,09:20:49.751,151.0
2016-04-02,09:20:50.760,152.0
2016-04-02,09:20:51.762,151.0
2016-04-02,09:20:52.757,152.0
2016-04-02,09:20:53.755,152.0
2016-04-02,09:20:54.759,152.0
2016-04-02,09:20:55.761,152.0
2016-04-02,09:20:56.758,152.0
2016-04-02,09:20:57.758,152.0
2016-04-02,09:20:58.764,151.0
2016-04-02,09:20:59.750,151.0
2016-04-02,09:21:00.749,151.0
2016-04-02,09:21:01.750,151.0
2016-04-02,09:21:02.753,151.0
2016-04-02,09:21:03.759,150.0
2016-04-02,09:21:04.751,153.0
2016-04-02,09:21:05.749,154.0
2016-04-02,09:21:06.757,153.0
2016-04-02,09:21:07.757,153.0
2016-04-02,09:21:08.757,153.0
2016-04-02,09:21:09.756,153.0
2016-04-02,09:21:10.752,152.0
2016-04-02,09:21:11.756,152.0
2016-04-02,09:21:12.758,152.0
2016-04-02,09:21:13.750,152.0
2016-04-02,09:21:14.758,153.0
2016-04-02,09:21:15.762,152.0
2016-04-02,09:21:16.756,152.0
2016-04-02,09:21:17.749,152.0
2016-04-02,09:21:18.763,152.0
2016-04-02,09:21:19.757,151.0
2016-04-02,09:21:20.758,152.0
2016-04-02,09:21:21.762,151.0
2016-04-02,09:21:22.763,151.0
2016-04-02,09:21:23.756,151.0
2016-04-02,09:21:24.749,151.0
2016-04-02,09:21:25.756,151.0
2016-04-02,09:21:26.750,150.0
2016-04-02,09:21:27.754,148.0
2016-04-02,09:21:28.786,148.0
2016-04-02,09:21:29.760,147.0
2016-04-02,09:21:30.765,148.0
2016-04-02,09:21:31.763,148.0
2016-04-02,09:21:32.750,148.0
2016-04-02,09:21:33.750,148.0
2016-04-02,09:21:34.750,147.0
2016-04-02,09:21:35.761,148.0
2016-04-02,09:21:36.752,147.0
2016-04-02,09:21:37.765,149.0
2016-04-02,09:21:38.761,149.0
2016-04-02,09:21:39.766,148.0
2016-04-02,09:21:40.757,148.0
2016-04-02,09:21:41.750,148.0
2016-04-02,09:21:42.750,147.0
2016-04-02,09:21:43.759,146.0
2016-04-02,09:21:44.759,147.0
2016-04-02,09:21:45.749,148.0
2016-04-02,09:21:46.750,148.0
2016-04-02,09:21:47.757,148.0
2016-04-02,09:21:48.754,146.0
2016-04-02,09:21:49.749,146.0
2016-04-02,09:21:50.752,144.0
2016-04-02,09:21:51.757,144.0
2016-04-02,09:21:52.754,144.0
2016-04-02,09:21:53.750,145.0
2016-04-02,09:21:54.754,144.0
2016-04-02,09:21:55.757,143.0
2016-04-02,09:21:56.755,142.0
2016-04-02,09:21:57.750,142.0
2016-04-02,09:21:58.756,142.0
2016-04-02,09:21:59.753,142.0
2016-04-02,09:22:00.750,143.0
2016-04-02,09:22:01.766,143.0
2016-04-02,09:22:02.760,141.0
2016-04-02,09:22:03.759,140.0
2016-04-02,09:22:04.750,141.0
2016-04-02,09:22:05.760,141.0
2016-04-02,09:22:06.753,142.0
2016-04-02,09:22:07.751,142.0
2016-04-02,09:22:08.758,143.0
2016-04-02,09:22:09.760,143.0
2016-04-02,09:22:10.762,144.0
2016-04-02,09:22:11.758,143.0
2016-04-02,09:22:12.757,143.0
2016-04-02,09:22:13.749,143.0
2016-04-02,09:22:14.751,144.0
2016-04-02,09:22:15.766,144.0
2016-04-02,09:22:16.760,144.0
2016-04-02,09:22:17.760,144.0
2016-04-02,09:22:18.761,145.0
2016-04-02,09:22:19.762,145.0
2016-04-02,09:22:20.752,144.0
2016-04-02,09:22:21.759,145.0
2016-04-02,09:22:22.755,145.0
2016-04-02,09:22:23.759,146.0
2016-04-02,09:22:24.757,146.0
2016-04-02,09:22:25.759,146.0
2016-04-02,09:22:26.760,146.0
2016-04-02,09:22:27.760,147.0
2016-04-02,09:22:28.752,147.0
2016-04-02,09:22:29.758,147.0
2016-04-02,09:22:30.758,146.0
2016-04-02,09:22:31.752,148.0
2016-04-02,09:22:32.750,148.0
2016-04-02,09:22:33.755,148.0
2016-04-02,09:22:34.757,146.0
2016-04-02,09:22:35.761,146.0
2016-04-02,09:22:36.751,144.0
2016-04-02,09:22:37.756,144.0
2016-04-02,09:22:38.751,143.0
2016-04-02,09:22:39.757,142.0
2016-04-02,09:22:40.759,141.0
2016-04-02,09:22:41.761,143.0
2016-04-02,09:22:42.753,143.0
2016-04-02,09:22:43.756,142.0
2016-04-02,09:22:44.759,142.0
2016-04-02,09:22:45.752,142.0
2016-04-02,09:22:46.751,143.0
2016-04-02,09:22:47.785,144.0
2016-04-02,09:22:48.759,146.0
2016-04-02,09:22:49.760,147.0
2016-04-02,09:22:50.769,148.0
2016-04-02,09:22:51.752,148.0
2016-04-02,09:22:52.761,149.0
2016-04-02,09:22:53.761,150.0
2016-04-02,09:22:54.775,150.0
2016-04-02,09:22:55.758,150.0
2016-04-02,09:22:56.761,151.0
2016-04-02,09:22:57.771,150.0
2016-04-02,09:22:58.892,150.0
2016-04-02,09:22:59.762,149.0
2016-04-02,09:23:00.752,149.0
2016-04-02,09:23:01.749,149.0
2016-04-02,09:23:02.751,149.0
2016-04-02,09:23:03.760,149.0
2016-04-02,09:23:04.769,149.0
2016-04-02,09:23:05.836,150.0
2016-04-02,09:23:06.761,150.0
2016-04-02,09:23:07.759,150.0
2016-04-02,09:23:08.761,150.0
2016-04-02,09:23:09.751,149.0
2016-04-02,09:23:10.750,149.0
2016-04-02,09:23:11.751,150.0
2016-04-02,09:23:12.843,150.0
2016-04-02,09:23:13.761,150.0
2016-04-02,09:23:14.768,150.0
2016-04-02,09:23:15.765,150.0
2016-04-02,09:23:16.751,149.0
2016-04-02,09:23:17.751,149.0
2016-04-02,09:23:18.753,148.0
2016-04-02,09:23:19.877,148.0
2016-04-02,09:23:20.761,148.0
2016-04-02,09:23:21.766,148.0
2016-04-02,09:23:22.757,148.0
2016-04-02,09:23:23.757,147.0
2016-04-02,09:23:24.817,147.0
2016-04-02,09:23:25.757,149.0
2016-04-02,09:23:26.895,149.0
2016-04-02,09:23:27.752,150.0
2016-04-02,09:23:28.752,152.0
2016-04-02,09:23:29.754,151.0
2016-04-02,09:23:30.752,151.0
2016-04-02,09:23:31.752,150.0
2016-04-02,09:23:32.753,150.0
2016-04-02,09:23:33.854,150.0
2016-04-02,09:23:34.751,151.0
2016-04-02,09:23:35.751,152.0
2016-04-02,09:23:36.760,153.0
2016-04-02,09:23:37.752,154.0
2016-04-02,09:23:38.753,155.0
2016-04-02,09:23:39.751,155.0
2016-04-02,09:23:40.870,155.0
2016-04-02,09:23:41.753,154.0
2016-04-02,09:23:42.752,153.0
2016-04-02,09:23:43.752,153.0
2016-04-02,09:23:44.753,152.0
2016-04-02,09:23:45.753,152.0
2016-04-02,09:23:46.752,152.0
2016-04-02,09:23:47.754,150.0
2016-04-02,09:23:48.757,151.0
2016-04-02,09:23:49.751,150.0
2016-04-02,09:23:50.756,150.0
2016-04-02,09:23:51.759,150.0
2016-04-02,09:23:52.805,148.0
2016-04-02,09:23:53.760,149.0
2016-04-02,09:23:54.756,148.0
2016-04-02,09:23:55.757,148.0
2016-04-02,09:23:56.752,148.0
2016-04-02,09:23:57.750,148.0
2016-04-02,09:23:58.756,148.0
2016-04-02,09:23:59.751,148.0
2016-04-02,09:24:00.759,148.0
2016-04-02,09:24:01.760,148.0
2016-04-02,09:24:02.759,149.0
2016-04-02,09:24:03.758,148.0
2016-04-02,09:24:04.757,149.0
2016-04-02,09:24:05.751,149.0
2016-04-02,09:24:06.757,151.0
2016-04-02,09:24:07.759,151.0
2016-04-02,09:24:08.759,152.0
2016-04-02,09:24:09.760,151.0
2016-04-02,09:24:10.760,150.0
2016-04-02,09:24:11.761,151.0
2016-04-02,09:24:12.762,151.0
2016-04-02,09:24:13.759,152.0
2016-04-02,09:24:14.751,152.0
2016-04-02,09:24:15.755,152.0
2016-04-02,09:24:16.774,152.0
2016-04-02,09:24:17.761,152.0
2016-04-02,09:24:18.768,153.0
2016-04-02,09:24:19.760,153.0
2016-04-02,09:24:20.759,154.0
2016-04-02,09:24:21.751,153.0
2016-04-02,09:24:22.755,153.0
2016-04-02,09:24:23.750,153.0
2016-04-02,09:24:24.756,153.0
2016-04-02,09:24:25.758,153.0
2016-04-02,09:24:26.756,152.0
2016-04-02,09:24:27.761,153.0
2016-04-02,09:24:28.762,153.0
2016-04-02,09:24:29.757,154.0
2016-04-02,09:24:30.750,155.0
2016-04-02,09:24:31.751,156.0
2016-04-02,09:24:32.751,156.0
2016-04-02,09:24:33.751,156.0
2016-04-02,09:24:34.750,156.0
2016-04-02,09:24:35.759,154.0
2016-04-02,09:24:36.761,156.0
2016-04-02,09:24:37.752,155.0
2016-04-02,09:24:38.751,154.0
2016-04-02,09:24:39.749,154.0
2016-04-02,09:24:40.757,154.0
2016-04-02,09:24:41.760,154.0
2016-04-02,09:24:42.752,154.0
2016-04-02,09:24:43.754,154.0
2016-04-02,09:24:44.753,155.0
2016-04-02,09:24:45.751,154.0
2016-04-02,09:24:46.750,152.0
2016-04-02,09:24:47.750,152.0
2016-04-02,09:24:48.751,152.0
2016-04-02,09:24:49.752,152.0
2016-04-02,09:24:50.758,153.0
2016-04-02,09:24:51.761,153.0
2016-04-02,09:24:52.750,154.0
2016-04-02,09:24:53.752,153.0
2016-04-02,09:24:54.751,154.0
2016-04-02,09:24:55.751,154.0
2016-04-02,09:24:56.751,153.0
2016-04-02,09:24:57.757,153.0
2016-04-02,09:24:58.751,153.0
2016-04-02,09:24:59.753,153.0
2016-04-02,09:25:00.752,153.0
2016-04-02,09:25:01.752,153.0
2016-04-02,09:25:02.751,154.0
2016-04-02,09:25:03.751,153.0
2016-04-02,09:25:04.757,154.0
2016-04-02,09:25:05.752,154.0
2016-04-02,09:25:06.751,154.0
2016-04-02,09:25:07.752,154.0
2016-04-02,09:25:08.751,154.0
2016-04-02,09:25:09.751,154.0
2016-04-02,09:25:10.751,154.0
2016-04-02,09:25:11.759,155.0
2016-04-02,09:25:12.751,155.0
2016-04-02,09:25:13.753,155.0
2016-04-02,09:25:14.751,155.0
2016-04-02,09:25:15.752,155.0
2016-04-02,09:25:16.751,156.0
2016-04-02,09:25:17.754,156.0
2016-04-02,09:25:18.756,157.0
2016-04-02,09:25:19.753,157.0
2016-04-02,09:25:20.750,157.0
2016-04-02,09:25:21.751,157.0
2016-04-02,09:25:22.752,156.0
2016-04-02,09:25:23.754,156.0
2016-04-02,09:25:24.752,156.0
2016-04-02,09:25:25.760,156.0
2016-04-02,09:25:26.752,156.0
2016-04-02,09:25:27.753,157.0
2016-04-02,09:25:28.753,157.0
2016-04-02,09:25:29.751,156.0
2016-04-02,09:25:30.750,156.0
2016-04-02,09:25:31.751,156.0
2016-04-02,09:25:32.754,156.0
2016-04-02,09:25:33.752,156.0
2016-04-02,09:25:34.752,156.0
2016-04-02,09:25:35.751,155.0
2016-04-02,09:25:36.751,156.0
2016-04-02,09:25:37.752,156.0
2016-04-02,09:25:38.751,155.0
2016-04-02,09:25:39.754,155.0
2016-04-02,09:25:40.752,155.0
2016-04-02,09:25:41.752,155.0
2016-04-02,09:25:42.752,155.0
2016-04-02,09:25:43.751,155.0
2016-04-02,09:25:44.751,156.0
2016-04-02,09:25:45.752,156.0
2016-04-02,09:25:46.761,155.0
2016-04-02,09:25:47.756,155.0
2016-04-02,09:25:48.751,155.0
2016-04-02,09:25:49.752,155.0
2016-04-02,09:25:50.751,155.0
2016-04-02,09:25:51.750,154.0
2016-04-02,09:25:52.752,154.0
2016-04-02,09:25:53.753,154.0
2016-04-02,09:25:54.752,153.0
2016-04-02,09:25:55.751,153.0
2016-04-02,09:25:56.751,153.0
2016-04-02,09:25:57.752,154.0
2016-04-02,09:25:58.756,155.0
2016-04-02,09:25:59.751,155.0
2016-04-02,09:26:00.754,155.0
2016-04-02,09:26:01.752,156.0
2016-04-02,09:26:02.752,156.0
2016-04-02,09:26:03.752,155.0
2016-04-02,09:26:04.752,155.0
2016-04-02,09:26:05.751,156.0
2016-04-02,09:26:06.751,155.0
2016-04-02,09:26:07.757,155.0
2016-04-02,09:26:08.751,154.0
2016-04-02,09:26:09.751,155.0
2016-04-02,09:26:10.752,154.0
2016-04-02,09:26:11.756,155.0
2016-04-02,09:26:12.753,155.0
2016-04-02,09:26:13.753,156.0
2016-04-02,09:26:14.759,156.0
2016-04-02,09:26:15.754,156.0
2016-04-02,09:26:16.753,155.0
2016-04-02,09:26:17.754,155.0
2016-04-02,09:26:18.752,155.0
2016-04-02,09:26:19.753,154.0
2016-04-02,09:26:20.754,154.0
2016-04-02,09:26:21.755,154.0
2016-04-02,09:26:22.754,154.0
2016-04-02,09:26:23.755,154.0
2016-04-02,09:26:24.751,154.0
2016-04-02,09:26:25.754,154.0
2016-04-02,09:26:26.753,154.0
2016-04-02,09:26:27.754,154.0
2016-04-02,09:26:28.757,154.0
2016-04-02,09:26:29.752,154.0
2016-04-02,09:26:30.759,154.0
2016-04-02,09:26:31.753,154.0
2016-04-02,09:26:32.751,154.0
2016-04-02,09:26:33.755,153.0
2016-04-02,09:26:34.751,152.0
2016-04-02,09:26:35.757,152.0
2016-04-02,09:26:36.754,152.0
2016-04-02,09:26:37.755,152.0
2016-04-02,09:26:38.753,152.0
2016-04-02,09:26:39.752,152.0
2016-04-02,09:26:40.753,153.0
2016-04-02,09:26:41.753,153.0
2016-04-02,09:26:42.852,153.0
2016-04-02,09:26:43.843,153.0
2016-04-02,09:26:44.834,153.0
2016-04-02,09:26:45.751,153.0
2016-04-02,09:26:46.754,154.0
2016-04-02,09:26:47.755,153.0
2016-04-02,09:26:48.752,153.0
2016-04-02,09:26:49.752,154.0
2016-04-02,09:26:50.752,154.0
2016-04-02,09:26:51.753,154.0
2016-04-02,09:26:52.753,154.0
2016-04-02,09:26:53.752,153.0
2016-04-02,09:26:54.759,155.0
2016-04-02,09:26:55.768,154.0
2016-04-02,09:26:56.752,153.0
2016-04-02,09:26:57.753,155.0
2016-04-02,09:26:58.754,156.0
2016-04-02,09:26:59.752,156.0
2016-04-02,09:27:00.753,156.0
2016-04-02,09:27:01.756,156.0
2016-04-02,09:27:02.753,156.0
2016-04-02,09:27:03.751,157.0
2016-04-02,09:27:04.752,157.0
2016-04-02,09:27:05.752,157.0
2016-04-02,09:27:06.752,157.0
2016-04-02,09:27:07.754,157.0
2016-04-02,09:27:08.753,156.0
2016-04-02,09:27:09.754,156.0
2016-04-02,09:27:10.752,157.0
2016-04-02,09:27:11.755,157.0
2016-04-02,09:27:12.753,157.0
2016-04-02,09:27:13.757,156.0
2016-04-02,09:27:14.752,156.0
2016-04-02,09:27:15.758,156.0
2016-04-02,09:27:16.762,156.0
2016-04-02,09:27:17.760,156.0
2016-04-02,09:27:18.754,156.0
2016-04-02,09:27:19.755,156.0
2016-04-02,09:27:20.751,155.0
2016-04-02,09:27:21.754,156.0
2016-04-02,09:27:22.755,156.0
2016-04-02,09:27:23.755,155.0
2016-04-02,09:27:24.754,155.0
2016-04-02,09:27:25.755,155.0
2016-04-02,09:27:26.759,155.0
2016-04-02,09:27:27.754,155.0
2016-04-02,09:27:28.760,155.0
2016-04-02,09:27:29.755,155.0
2016-04-02,09:27:30.754,156.0
2016-04-02,09:27:31.753,156.0
2016-04-02,09:27:32.754,156.0
2016-04-02,09:27:33.754,156.0
2016-04-02,09:27:34.755,156.0
2016-04-02,09:27:35.753,156.0
2016-04-02,09:27:36.757,156.0
2016-04-02,09:27:37.752,156.0
2016-04-02,09:27:38.753,156.0
2016-04-02,09:27:39.752,155.0
2016-04-02,09:27:40.753,155.0
2016-04-02,09:27:41.753,155.0
2016-04-02,09:27:42.752,154.0
2016-04-02,09:27:43.760,153.0
2016-04-02,09:27:44.754,153.0
2016-04-02,09:27:45.751,153.0
2016-04-02,09:27:46.752,152.0
2016-04-02,09:27:47.751,153.0
2016-04-02,09:27:48.753,153.0
2016-04-02,09:27:49.752,152.0
2016-04-02,09:27:50.755,153.0
2016-04-02,09:27:51.751,153.0
2016-04-02,09:27:52.751,153.0
2016-04-02,09:27:53.754,152.0
2016-04-02,09:27:54.753,152.0
2016-04-02,09:27:55.752,152.0
2016-04-02,09:27:56.753,152.0
2016-04-02,09:27:57.756,152.0
2016-04-02,09:27:58.752,153.0
2016-04-02,09:27:59.752,153.0
2016-04-02,09:28:00.754,152.0
2016-04-02,09:28:01.752,153.0
2016-04-02,09:28:02.751,152.0
2016-04-02,09:28:03.752,152.0
2016-04-02,09:28:04.755,152.0
2016-04-02,09:28:05.753,151.0
2016-04-02,09:28:06.751,151.0
2016-04-02,09:28:07.752,150.0
2016-04-02,09:28:08.750,150.0
2016-04-02,09:28:09.753,151.0
2016-04-02,09:28:10.751,152.0
2016-04-02,09:28:11.752,152.0
2016-04-02,09:28:12.752,152.0
2016-04-02,09:28:13.753,153.0
2016-04-02,09:28:14.752,153.0
2016-04-02,09:28:15.752,153.0
2016-04-02,09:28:16.750,153.0
2016-04-02,09:28:17.752,153.0
2016-04-02,09:28:18.754,153.0
2016-04-02,09:28:19.751,154.0
2016-04-02,09:28:20.751,154.0
2016-04-02,09:28:21.752,154.0
2016-04-02,09:28:22.751,154.0
2016-04-02,09:28:23.752,154.0
2016-04-02,09:28:24.750,155.0
2016-04-02,09:28:25.755,155.0
2016-04-02,09:28:26.752,154.0
2016-04-02,09:28:27.752,154.0
2016-04-02,09:28:28.752,154.0
2016-04-02,09:28:29.752,154.0
2016-04-02,09:28:30.752,155.0
2016-04-02,09:28:31.752,155.0
2016-04-02,09:28:32.754,155.0
2016-04-02,09:28:33.752,157.0
2016-04-02,09:28:34.752,157.0
2016-04-02,09:28:35.752,157.0
2016-04-02,09:28:36.753,158.0
2016-04-02,09:28:37.752,158.0
2016-04-02,09:28:38.752,158.0
2016-04-02,09:28:39.754,159.0
2016-04-02,09:28:40.751,160.0
2016-04-02,09:28:41.752,159.0
2016-04-02,09:28:42.752,159.0
2016-04-02,09:28:43.752,159.0
2016-04-02,09:28:44.752,159.0
2016-04-02,09:28:45.752,159.0
2016-04-02,09:28:46.755,159.0
2016-04-02,09:28:47.752,161.0
2016-04-02,09:28:48.752,161.0
2016-04-02,09:28:49.753,161.0
2016-04-02,09:28:50.751,161.0
2016-04-02,09:28:51.752,162.0
2016-04-02,09:28:52.752,161.0
2016-04-02,09:28:53.755,162.0
2016-04-02,09:28:54.752,162.0
2016-04-02,09:28:55.752,163.0
2016-04-02,09:28:56.753,164.0
2016-04-02,09:28:57.752,164.0
2016-04-02,09:28:58.751,164.0
2016-04-02,09:28:59.753,163.0
2016-04-02,09:29:00.754,162.0
2016-04-02,09:29:01.753,162.0
2016-04-02,09:29:02.752,162.0
2016-04-02,09:29:03.753,160.0
2016-04-02,09:29:04.752,160.0
2016-04-02,09:29:05.752,160.0
2016-04-02,09:29:06.753,160.0
2016-04-02,09:29:07.756,160.0
2016-04-02,09:29:08.754,160.0
2016-04-02,09:29:09.752,160.0
2016-04-02,09:29:10.753,160.0
2016-04-02,09:29:11.752,159.0
2016-04-02,09:29:12.753,159.0
2016-04-02,09:29:13.752,160.0
2016-04-02,09:29:14.754,161.0
2016-04-02,09:29:15.754,160.0
2016-04-02,09:29:16.753,160.0
2016-04-02,09:29:17.752,159.0
2016-04-02,09:29:18.751,158.0
2016-04-02,09:29:19.751,159.0
2016-04-02,09:29:20.753,160.0
2016-04-02,09:29:21.756,161.0
2016-04-02,09:29:22.753,161.0
2016-04-02,09:29:23.752,161.0
2016-04-02,09:29:24.752,163.0
2016-04-02,09:29:25.752,162.0
2016-04-02,09:29:26.751,162.0
2016-04-02,09:29:27.754,162.0
2016-04-02,09:29:28.755,162.0
2016-04-02,09:29:29.752,164.0
2016-04-02,09:29:30.751,164.0
2016-04-02,09:29:31.752,164.0
2016-04-02,09:29:32.751,164.0
2016-04-02,09:29:33.753,163.0
2016-04-02,09:29:34.752,163.0
2016-04-02,09:29:35.753,163.0
2016-04-02,09:29:36.751,164.0
2016-04-02,09:29:37.753,164.0
2016-04-02,09:29:38.752,164.0
2016-04-02,09:29:39.752,164.0
2016-04-02,09:29:40.750,164.0
2016-04-02,09:29:41.752,165.0
2016-04-02,09:29:42.754,164.0
2016-04-02,09:29:43.754,161.0
2016-04-02,09:29:44.754,161.0
2016-04-02,09:29:45.754,162.0
2016-04-02,09:29:46.751,162.0
2016-04-02,09:29:47.752,162.0
2016-04-02,09:29:48.752,162.0
2016-04-02,09:29:49.753,163.0
2016-04-02,09:29:50.752,162.0
2016-04-02,09:29:51.752,163.0
2016-04-02,09:29:52.782,164.0
2016-04-02,09:29:53.751,163.0
2016-04-02,09:29:54.752,163.0
2016-04-02,09:29:55.751,164.0
2016-04-02,09:29:56.752,164.0
2016-04-02,09:29:57.751,164.0
2016-04-02,09:29:58.752,164.0
2016-04-02,09:29:59.755,164.0
2016-04-02,09:30:00.756,165.0
2016-04-02,09:30:01.750,165.0
2016-04-02,09:30:02.751,164.0
2016-04-02,09:30:03.751,164.0
2016-04-02,09:30:04.752,164.0
2016-04-02,09:30:05.751,164.0
2016-04-02,09:30:06.756,164.0
2016-04-02,09:30:07.752,164.0
2016-04-02,09:30:08.753,164.0
2016-04-02,09:30:09.751,161.0
2016-04-02,09:30:10.752,161.0
2016-04-02,09:30:11.751,159.0
2016-04-02,09:30:12.753,159.0
2016-04-02,09:30:13.763,158.0
2016-04-02,09:30:14.752,157.0
2016-04-02,09:30:15.752,156.0
2016-04-02,09:30:16.752,155.0
2016-04-02,09:30:17.751,155.0
2016-04-02,09:30:18.754,155.0
2016-04-02,09:30:19.753,154.0
2016-04-02,09:30:20.772,154.0
2016-04-02,09:30:21.752,154.0
2016-04-02,09:30:22.751,153.0
2016-04-02,09:30:23.753,152.0
2016-04-02,09:30:24.751,152.0
2016-04-02,09:30:25.751,152.0
2016-04-02,09:30:26.753,152.0
2016-04-02,09:30:27.755,153.0
2016-04-02,09:30:28.752,154.0
2016-04-02,09:30:29.751,154.0
2016-04-02,09:30:30.751,154.0
2016-04-02,09:30:31.752,154.0
2016-04-02,09:30:32.751,153.0
2016-04-02,09:30:33.751,152.0
2016-04-02,09:30:34.756,151.0
2016-04-02,09:30:35.760,151.0
2016-04-02,09:30:36.752,151.0
2016-04-02,09:30:37.753,151.0
2016-04-02,09:30:38.753,152.0
2016-04-02,09:30:39.759,153.0
2016-04-02,09:30:40.761,154.0
2016-04-02,09:30:41.757,154.0
2016-04-02,09:30:42.753,154.0
2016-04-02,09:30:43.760,153.0
2016-04-02,09:30:44.759,153.0
2016-04-02,09:30:45.760,152.0
2016-04-02,09:30:46.761,152.0
2016-04-02,09:30:47.755,152.0
2016-04-02,09:30:48.759,151.0
2016-04-02,09:30:49.754,151.0
2016-04-02,09:30:50.757,151.0
2016-04-02,09:30:51.754,152.0
2016-04-02,09:30:52.750,152.0
2016-04-02,09:30:53.751,150.0
2016-04-02,09:30:54.759,150.0
2016-04-02,09:30:55.761,150.0
2016-04-02,09:30:56.755,150.0
2016-04-02,09:30:57.764,150.0
2016-04-02,09:30:58.750,150.0
2016-04-02,09:30:59.759,150.0
2016-04-02,09:31:00.756,149.0
2016-04-02,09:31:01.758,149.0
2016-04-02,09:31:02.775,149.0
2016-04-02,09:31:03.762,149.0
2016-04-02,09:31:04.756,149.0
2016-04-02,09:31:05.752,148.0
2016-04-02,09:31:06.751,145.0
2016-04-02,09:31:07.763,146.0
2016-04-02,09:31:08.762,147.0
2016-04-02,09:31:09.760,147.0
2016-04-02,09:31:10.763,148.0
2016-04-02,09:31:11.756,149.0
2016-04-02,09:31:12.769,148.0
2016-04-02,09:31:13.765,149.0
2016-04-02,09:31:14.755,148.0
2016-04-02,09:31:15.759,148.0
2016-04-02,09:31:16.754,147.0
2016-04-02,09:31:17.759,148.0
2016-04-02,09:31:18.755,145.0
2016-04-02,09:31:19.785,145.0
2016-04-02,09:31:20.755,145.0
2016-04-02,09:31:21.752,146.0
2016-04-02,09:31:22.752,146.0
2016-04-02,09:31:23.759,145.0
2016-04-02,09:31:24.752,144.0
2016-04-02,09:31:25.752,143.0
2016-04-02,09:31:26.766,146.0
2016-04-02,09:31:27.758,148.0
2016-04-02,09:31:28.760,148.0
2016-04-02,09:31:29.752,148.0
2016-04-02,09:31:30.752,148.0
2016-04-02,09:31:31.761,147.0
2016-04-02,09:31:32.753,147.0
2016-04-02,09:31:33.758,146.0
2016-04-02,09:31:34.760,146.0
2016-04-02,09:31:35.752,146.0
2016-04-02,09:31:36.757,147.0
2016-04-02,09:31:37.757,148.0
2016-04-02,09:31:38.752,148.0
2016-04-02,09:31:39.751,148.0
2016-04-02,09:31:40.752,148.0
2016-04-02,09:31:41.751,148.0
2016-04-02,09:31:42.753,148.0
2016-04-02,09:31:43.758,149.0
2016-04-02,09:31:44.756,149.0
2016-04-02,09:31:45.758,151.0
2016-04-02,09:31:46.753,150.0
2016-04-02,09:31:47.752,151.0
2016-04-02,09:31:48.752,151.0
2016-04-02,09:31:49.753,151.0
2016-04-02,09:31:50.753,151.0
2016-04-02,09:31:51.758,150.0
2016-04-02,09:31:52.752,150.0
2016-04-02,09:31:53.759,151.0
2016-04-02,09:31:54.752,152.0
2016-04-02,09:31:55.760,151.0
2016-04-02,09:31:56.760,151.0
2016-04-02,09:31:57.762,150.0
2016-04-02,09:31:58.756,149.0
2016-04-02,09:31:59.756,150.0
2016-04-02,09:32:00.751,150.0
2016-04-02,09:32:01.764,150.0
2016-04-02,09:32:02.752,150.0
2016-04-02,09:32:03.758,149.0
2016-04-02,09:32:04.760,148.0
2016-04-02,09:32:05.754,148.0
2016-04-02,09:32:06.760,148.0
2016-04-02,09:32:07.752,148.0
2016-04-02,09:32:08.759,147.0
2016-04-02,09:32:09.751,148.0
2016-04-02,09:32:10.751,148.0
2016-04-02,09:32:11.761,148.0
2016-04-02,09:32:12.789,147.0
2016-04-02,09:32:13.762,148.0
2016-04-02,09:32:14.764,145.0
2016-04-02,09:32:15.753,144.0
2016-04-02,09:32:16.761,145.0
2016-04-02,09:32:17.754,145.0
2016-04-02,09:32:18.756,145.0
2016-04-02,09:32:19.754,146.0
2016-04-02,09:32:20.750,146.0
2016-04-02,09:32:21.752,146.0
2016-04-02,09:32:22.767,146.0
2016-04-02,09:32:23.753,146.0
2016-04-02,09:32:24.765,147.0
2016-04-02,09:32:25.761,148.0
2016-04-02,09:32:26.755,149.0
2016-04-02,09:32:27.752,150.0
2016-04-02,09:32:28.751,149.0
2016-04-02,09:32:29.753,149.0
2016-04-02,09:32:30.752,150.0
2016-04-02,09:32:31.754,150.0
2016-04-02,09:32:32.752,149.0
2016-04-02,09:32:33.758,149.0
2016-04-02,09:32:34.760,151.0
2016-04-02,09:32:35.751,151.0
2016-04-02,09:32:36.764,152.0
2016-04-02,09:32:37.753,151.0
2016-04-02,09:32:38.751,151.0
2016-04-02,09:32:39.751,151.0
2016-04-02,09:32:40.760,152.0
2016-04-02,09:32:41.761,153.0
2016-04-02,09:32:42.753,152.0
2016-04-02,09:32:43.755,152.0
2016-04-02,09:32:44.750,152.0
2016-04-02,09:32:45.760,150.0
2016-04-02,09:32:46.753,149.0
2016-04-02,09:32:47.759,149.0
2016-04-02,09:32:48.763,151.0
2016-04-02,09:32:49.753,152.0
2016-04-02,09:32:50.760,151.0
2016-04-02,09:32:51.753,152.0
2016-04-02,09:32:52.753,152.0
2016-04-02,09:32:53.753,154.0
2016-04-02,09:32:54.760,154.0
2016-04-02,09:32:55.763,152.0
2016-04-02,09:32:56.752,153.0
2016-04-02,09:32:57.765,153.0
2016-04-02,09:32:58.752,154.0
2016-04-02,09:32:59.752,154.0
2016-04-02,09:33:00.751,154.0
2016-04-02,09:33:01.751,152.0
2016-04-02,09:33:02.762,152.0
2016-04-02,09:33:03.755,153.0
2016-04-02,09:33:04.756,153.0
2016-04-02,09:33:05.761,151.0
2016-04-02,09:33:06.765,152.0
2016-04-02,09:33:07.753,152.0
2016-04-02,09:33:08.753,152.0
2016-04-02,09:33:09.755,152.0
2016-04-02,09:33:10.757,153.0
2016-04-02,09:33:11.756,153.0
2016-04-02,09:33:12.754,153.0
2016-04-02,09:33:13.755,153.0
2016-04-02,09:33:14.754,153.0
2016-04-02,09:33:15.753,152.0
2016-04-02,09:33:16.752,153.0
2016-04-02,09:33:17.751,153.0
2016-04-02,09:33:18.752,153.0
2016-04-02,09:33:19.760,153.0
2016-04-02,09:33:20.754,153.0
2016-04-02,09:33:21.753,154.0
2016-04-02,09:33:22.762,154.0
2016-04-02,09:33:23.752,154.0
2016-04-02,09:33:24.762,154.0
2016-04-02,09:33:25.753,154.0
2016-04-02,09:33:26.751,153.0
2016-04-02,09:33:27.760,153.0
2016-04-02,09:33:28.752,153.0
2016-04-02,09:33:29.761,153.0
2016-04-02,09:33:30.753,153.0
2016-04-02,09:33:31.761,153.0
2016-04-02,09:33:32.757,153.0
2016-04-02,09:33:33.753,153.0
2016-04-02,09:33:34.763,153.0
2016-04-02,09:33:35.755,153.0
2016-04-02,09:33:36.766,153.0
2016-04-02,09:33:37.756,153.0
2016-04-02,09:33:38.760,153.0
2016-04-02,09:33:39.755,153.0
2016-04-02,09:33:40.760,153.0
2016-04-02,09:33:41.759,153.0
2016-04-02,09:33:42.752,153.0
2016-04-02,09:33:43.762,153.0
2016-04-02,09:33:44.754,153.0
2016-04-02,09:33:45.759,152.0
2016-04-02,09:33:46.754,151.0
2016-04-02,09:33:47.761,151.0
2016-04-02,09:33:48.752,151.0
2016-04-02,09:33:49.751,152.0
2016-04-02,09:33:50.758,150.0
2016-04-02,09:33:51.762,150.0
2016-04-02,09:33:52.762,150.0
2016-04-02,09:33:53.761,149.0
2016-04-02,09:33:54.761,148.0
2016-04-02,09:33:55.752,148.0
2016-04-02,09:33:56.764,149.0
2016-04-02,09:33:57.753,148.0
2016-04-02,09:33:58.755,147.0
2016-04-02,09:33:59.759,148.0
2016-04-02,09:34:00.760,146.0
2016-04-02,09:34:01.755,145.0
2016-04-02,09:34:02.750,146.0
2016-04-02,09:34:03.753,144.0
2016-04-02,09:34:04.751,145.0
2016-04-02,09:34:05.753,146.0
2016-04-02,09:34:06.752,150.0
2016-04-02,09:34:07.764,151.0
2016-04-02,09:34:08.754,152.0
2016-04-02,09:34:09.760,152.0
2016-04-02,09:34:10.785,152.0
2016-04-02,09:34:11.752,152.0
2016-04-02,09:34:12.763,153.0
2016-04-02,09:34:13.752,153.0
2016-04-02,09:34:14.763,153.0
2016-04-02,09:34:15.760,152.0
2016-04-02,09:34:16.757,152.0
2016-04-02,09:34:17.759,152.0
2016-04-02,09:34:18.757,152.0
2016-04-02,09:34:19.762,153.0
2016-04-02,09:34:20.752,151.0
2016-04-02,09:34:21.760,151.0
2016-04-02,09:34:22.752,148.0
2016-04-02,09:34:23.751,148.0
2016-04-02,09:34:24.752,148.0
2016-04-02,09:34:25.756,148.0
2016-04-02,09:34:26.761,149.0
2016-04-02,09:34:27.754,150.0
2016-04-02,09:34:28.754,150.0
2016-04-02,09:34:29.753,150.0
2016-04-02,09:34:30.754,150.0
2016-04-02,09:34:31.758,150.0
2016-04-02,09:34:32.753,150.0
2016-04-02,09:34:33.751,150.0
2016-04-02,09:34:34.759,151.0
2016-04-02,09:34:35.756,151.0
2016-04-02,09:34:36.753,152.0
2016-04-02,09:34:37.752,152.0
2016-04-02,09:34:38.763,152.0
2016-04-02,09:34:39.752,151.0
2016-04-02,09:34:40.760,152.0
2016-04-02,09:34:41.755,152.0
2016-04-02,09:34:42.754,152.0
2016-04-02,09:34:43.751,151.0
2016-04-02,09:34:44.752,151.0
2016-04-02,09:34:45.751,150.0
2016-04-02,09:34:46.753,148.0
2016-04-02,09:34:47.754,148.0
2016-04-02,09:34:48.756,147.0
2016-04-02,09:34:49.756,147.0
2016-04-02,09:34:50.756,147.0
2016-04-02,09:34:51.755,147.0
2016-04-02,09:34:52.756,147.0
2016-04-02,09:34:53.754,147.0
2016-04-02,09:34:54.754,147.0
2016-04-02,09:34:55.753,146.0
2016-04-02,09:34:56.760,147.0
2016-04-02,09:34:57.755,148.0
2016-04-02,09:34:58.753,146.0
2016-04-02,09:34:59.755,148.0
2016-04-02,09:35:00.754,148.0
2016-04-02,09:35:01.757,147.0
2016-04-02,09:35:02.758,147.0
2016-04-02,09:35:03.758,147.0
2016-04-02,09:35:04.754,148.0
2016-04-02,09:35:05.753,148.0
2016-04-02,09:35:06.754,148.0
2016-04-02,09:35:07.755,149.0
2016-04-02,09:35:08.755,148.0
2016-04-02,09:35:09.753,148.0
2016-04-02,09:35:10.754,148.0
2016-04-02,09:35:11.753,148.0
2016-04-02,09:35:12.755,149.0
2016-04-02,09:35:13.754,149.0
2016-04-02,09:35:14.754,149.0
2016-04-02,09:35:15.755,149.0
2016-04-02,09:35:16.754,149.0
2016-04-02,09:35:17.756,149.0
2016-04-02,09:35:18.754,150.0
2016-04-02,09:35:19.753,150.0
2016-04-02,09:35:20.755,151.0
2016-04-02,09:35:21.754,151.0
2016-04-02,09:35:22.753,152.0
2016-04-02,09:35:23.755,151.0
2016-04-02,09:35:24.756,151.0
2016-04-02,09:35:25.753,152.0
2016-04-02,09:35:26.753,152.0
2016-04-02,09:35:27.754,154.0
2016-04-02,09:35:28.753,154.0
2016-04-02,09:35:29.753,155.0
2016-04-02,09:35:30.755,155.0
2016-04-02,09:35:31.754,154.0
2016-04-02,09:35:32.756,154.0
2016-04-02,09:35:33.756,154.0
2016-04-02,09:35:34.755,154.0
2016-04-02,09:35:35.753,153.0
2016-04-02,09:35:36.755,154.0
2016-04-02,09:35:37.754,155.0
2016-04-02,09:35:38.760,155.0
2016-04-02,09:35:39.754,155.0
2016-04-02,09:35:40.753,155.0
2016-04-02,09:35:41.754,155.0
2016-04-02,09:35:44.305,155.0
2016-04-02,09:35:44.309,155.0
2016-04-02,09:35:44.754,155.0
2016-04-02,09:35:45.754,155.0
2016-04-02,09:35:46.754,155.0
2016-04-02,09:35:47.752,156.0
2016-04-02,09:35:48.755,155.0
2016-04-02,09:35:49.755,155.0
2016-04-02,09:35:50.760,156.0
2016-04-02,09:35:51.755,156.0
2016-04-02,09:35:52.760,156.0
2016-04-02,09:35:53.761,156.0
2016-04-02,09:35:54.753,155.0
2016-04-02,09:35:55.767,154.0
2016-04-02,09:35:56.753,155.0
2016-04-02,09:35:57.753,154.0
2016-04-02,09:35:58.757,154.0
2016-04-02,09:35:59.753,154.0
2016-04-02,09:36:00.754,154.0
2016-04-02,09:36:01.753,154.0
2016-04-02,09:36:02.755,155.0
2016-04-02,09:36:03.753,154.0
2016-04-02,09:36:04.755,154.0
2016-04-02,09:36:05.753,154.0
2016-04-02,09:36:06.754,154.0
2016-04-02,09:36:07.753,155.0
2016-04-02,09:36:08.753,155.0
2016-04-02,09:36:09.757,156.0
2016-04-02,09:36:10.784,154.0
2016-04-02,09:36:11.753,154.0
2016-04-02,09:36:12.754,153.0
2016-04-02,09:36:13.753,153.0
2016-04-02,09:36:14.753,152.0
2016-04-02,09:36:15.754,153.0
2016-04-02,09:36:16.755,154.0
2016-04-02,09:36:17.753,155.0
2016-04-02,09:36:18.754,154.0
2016-04-02,09:36:19.753,154.0
2016-04-02,09:36:20.756,153.0
2016-04-02,09:36:21.753,153.0
2016-04-02,09:36:22.760,153.0
2016-04-02,09:36:23.754,153.0
2016-04-02,09:36:24.752,153.0
2016-04-02,09:36:25.751,154.0
2016-04-02,09:36:26.752,153.0
2016-04-02,09:36:27.760,153.0
2016-04-02,09:36:28.752,153.0
2016-04-02,09:36:29.760,152.0
2016-04-02,09:36:30.761,153.0
2016-04-02,09:36:31.752,153.0
2016-04-02,09:36:32.751,152.0
2016-04-02,09:36:33.752,153.0
2016-04-02,09:36:34.752,153.0
2016-04-02,09:36:35.761,153.0
2016-04-02,09:36:36.752,152.0
2016-04-02,09:36:37.759,153.0
2016-04-02,09:36:38.761,153.0
2016-04-02,09:36:39.759,153.0
2016-04-02,09:36:40.755,152.0
2016-04-02,09:36:41.761,151.0
2016-04-02,09:36:42.754,150.0
2016-04-02,09:36:43.766,152.0
2016-04-02,09:36:44.754,152.0
2016-04-02,09:36:45.768,152.0
2016-04-02,09:36:46.761,152.0
2016-04-02,09:36:47.754,152.0
2016-04-02,09:36:48.752,152.0
2016-04-02,09:36:49.762,154.0
2016-04-02,09:36:50.767,154.0
2016-04-02,09:36:51.754,154.0
2016-04-02,09:36:52.753,154.0
2016-04-02,09:36:53.754,154.0
2016-04-02,09:36:54.770,155.0
2016-04-02,09:36:55.859,156.0
2016-04-02,09:36:56.760,157.0
2016-04-02,09:36:57.765,156.0
2016-04-02,09:36:58.755,157.0
2016-04-02,09:36:59.761,157.0
2016-04-02,09:37:00.753,157.0
2016-04-02,09:37:01.769,157.0
2016-04-02,09:37:02.761,156.0
2016-04-02,09:37:03.763,155.0
2016-04-02,09:37:04.762,155.0
2016-04-02,09:37:05.770,155.0
2016-04-02,09:37:06.761,156.0
2016-04-02,09:37:07.753,156.0
2016-04-02,09:37:08.754,156.0
2016-04-02,09:37:09.754,157.0
2016-04-02,09:37:10.762,158.0
2016-04-02,09:37:11.766,158.0
2016-04-02,09:37:12.760,159.0
2016-04-02,09:37:13.765,159.0
2016-04-02,09:37:14.789,159.0
2016-04-02,09:37:15.794,159.0
2016-04-02,09:37:16.754,158.0
2016-04-02,09:37:17.760,157.0
2016-04-02,09:37:18.753,157.0
2016-04-02,09:37:19.760,158.0
2016-04-02,09:37:20.753,158.0
2016-04-02,09:37:21.753,157.0
2016-04-02,09:37:22.756,158.0
2016-04-02,09:37:23.754,157.0
2016-04-02,09:37:24.755,157.0
2016-04-02,09:37:25.754,156.0
2016-04-02,09:37:26.752,156.0
2016-04-02,09:37:27.756,156.0
2016-04-02,09:37:28.765,156.0
2016-04-02,09:37:29.764,156.0
2016-04-02,09:37:30.754,156.0
2016-04-02,09:37:31.757,156.0
2016-04-02,09:37:32.752,156.0
2016-04-02,09:37:33.760,156.0
2016-04-02,09:37:34.755,156.0
2016-04-02,09:37:35.752,156.0
2016-04-02,09:37:36.751,156.0
2016-04-02,09:37:37.762,155.0
2016-04-02,09:37:38.762,156.0
2016-04-02,09:37:39.753,156.0
2016-04-02,09:37:40.761,155.0
2016-04-02,09:37:41.758,154.0
2016-04-02,09:37:42.763,155.0
2016-04-02,09:37:43.771,154.0
2016-04-02,09:37:44.760,154.0
2016-04-02,09:37:45.763,155.0
2016-04-02,09:37:46.753,155.0
2016-04-02,09:37:47.762,156.0
2016-04-02,09:37:48.754,155.0
2016-04-02,09:37:49.752,156.0
2016-04-02,09:37:50.763,157.0
2016-04-02,09:37:51.753,157.0
2016-04-02,09:37:52.756,156.0
2016-04-02,09:37:53.762,157.0
2016-04-02,09:37:54.761,156.0
2016-04-02,09:37:55.754,157.0
2016-04-02,09:37:56.760,158.0
2016-04-02,09:37:57.755,157.0
2016-04-02,09:37:58.760,157.0
2016-04-02,09:37:59.754,157.0
2016-04-02,09:38:00.751,157.0
2016-04-02,09:38:01.760,157.0
2016-04-02,09:38:02.761,157.0
2016-04-02,09:38:03.762,156.0
2016-04-02,09:38:04.755,156.0
2016-04-02,09:38:05.759,155.0
2016-04-02,09:38:06.762,156.0
2016-04-02,09:38:07.761,156.0
2016-04-02,09:38:08.762,155.0
2016-04-02,09:38:09.753,156.0
2016-04-02,09:38:10.753,156.0
2016-04-02,09:38:11.757,156.0
2016-04-02,09:38:12.763,156.0
2016-04-02,09:38:13.755,156.0
2016-04-02,09:38:14.768,156.0
2016-04-02,09:38:15.761,156.0
2016-04-02,09:38:16.760,156.0
2016-04-02,09:38:17.760,156.0
2016-04-02,09:38:18.765,157.0
2016-04-02,09:38:19.763,156.0
2016-04-02,09:38:20.753,156.0
2016-04-02,09:38:21.765,157.0
2016-04-02,09:38:22.753,157.0
2016-04-02,09:38:23.801,156.0
2016-04-02,09:38:24.764,156.0
2016-04-02,09:38:25.784,156.0
2016-04-02,09:38:26.752,155.0
2016-04-02,09:38:27.753,156.0
2016-04-02,09:38:28.766,155.0
2016-04-02,09:38:29.754,155.0
2016-04-02,09:38:30.761,154.0
2016-04-02,09:38:31.761,154.0
2016-04-02,09:38:32.754,154.0
2016-04-02,09:38:33.763,154.0
2016-04-02,09:38:34.754,155.0
2016-04-02,09:38:35.767,155.0
2016-04-02,09:38:36.754,155.0
2016-04-02,09:38:37.754,156.0
2016-04-02,09:38:38.756,156.0
2016-04-02,09:38:39.760,156.0
2016-04-02,09:38:40.753,155.0
2016-04-02,09:38:41.754,155.0
2016-04-02,09:38:42.769,156.0
2016-04-02,09:38:43.753,156.0
2016-04-02,09:38:44.757,159.0
2016-04-02,09:38:45.753,159.0
2016-04-02,09:38:46.763,157.0
2016-04-02,09:38:47.753,159.0
2016-04-02,09:38:48.759,160.0
2016-04-02,09:38:49.755,160.0
2016-04-02,09:38:50.757,158.0
2016-04-02,09:38:51.762,159.0
2016-04-02,09:38:52.753,159.0
2016-04-02,09:38:53.762,159.0
2016-04-02,09:38:54.756,158.0
2016-04-02,09:38:55.752,158.0
2016-04-02,09:38:56.763,157.0
2016-04-02,09:38:57.761,158.0
2016-04-02,09:38:58.760,157.0
2016-04-02,09:38:59.753,157.0
2016-04-02,09:39:00.760,157.0
2016-04-02,09:39:01.757,156.0
2016-04-02,09:39:02.752,155.0
2016-04-02,09:39:03.753,156.0
2016-04-02,09:39:04.777,155.0
2016-04-02,09:39:05.761,155.0
2016-04-02,09:39:06.753,155.0
2016-04-02,09:39:07.760,154.0
2016-04-02,09:39:08.753,154.0
2016-04-02,09:39:09.762,154.0
2016-04-02,09:39:10.754,154.0
2016-04-02,09:39:11.760,152.0
2016-04-02,09:39:12.755,151.0
2016-04-02,09:39:13.761,151.0
2016-04-02,09:39:14.794,151.0
2016-04-02,09:39:15.763,150.0
2016-04-02,09:39:16.765,148.0
2016-04-02,09:39:17.758,149.0
2016-04-02,09:39:18.753,149.0
2016-04-02,09:39:19.759,150.0
2016-04-02,09:39:20.753,149.0
2016-04-02,09:39:21.760,149.0
2016-04-02,09:39:22.758,148.0
2016-04-02,09:39:23.761,149.0
2016-04-02,09:39:24.757,149.0
2016-04-02,09:39:25.782,149.0
2016-04-02,09:39:26.760,149.0
2016-04-02,09:39:27.756,149.0
2016-04-02,09:39:28.763,149.0
2016-04-02,09:39:29.755,148.0
2016-04-02,09:39:30.758,148.0
2016-04-02,09:39:31.757,147.0
2016-04-02,09:39:32.761,146.0
2016-04-02,09:39:33.755,144.0
2016-04-02,09:39:34.753,145.0
2016-04-02,09:39:35.763,145.0
2016-04-02,09:39:36.755,145.0
2016-04-02,09:39:37.760,145.0
2016-04-02,09:39:38.755,143.0
2016-04-02,09:39:39.759,144.0
2016-04-02,09:39:40.753,144.0
2016-04-02,09:39:41.769,144.0
2016-04-02,09:39:42.762,144.0
2016-04-02,09:39:43.752,146.0
2016-04-02,09:39:44.767,146.0
2016-04-02,09:39:45.754,146.0
2016-04-02,09:39:46.796,146.0
2016-04-02,09:39:47.751,147.0
2016-04-02,09:39:48.761,147.0
2016-04-02,09:39:49.757,147.0
2016-04-02,09:39:50.754,147.0
2016-04-02,09:39:51.772,146.0
2016-04-02,09:39:52.753,146.0
2016-04-02,09:39:53.752,146.0
2016-04-02,09:39:54.756,145.0
2016-04-02,09:39:55.760,145.0
2016-04-02,09:39:56.780,144.0
2016-04-02,09:39:57.751,145.0
2016-04-02,09:39:58.755,146.0
2016-04-02,09:39:59.753,147.0
2016-04-02,09:40:00.753,148.0
2016-04-02,09:40:01.766,147.0
2016-04-02,09:40:02.761,146.0
2016-04-02,09:40:03.755,145.0
2016-04-02,09:40:04.761,145.0
2016-04-02,09:40:05.754,144.0
2016-04-02,09:40:06.778,144.0
2016-04-02,09:40:07.761,143.0
2016-04-02,09:40:08.760,144.0
2016-04-02,09:40:09.754,143.0
2016-04-02,09:40:10.756,143.0
2016-04-02,09:40:11.779,143.0
2016-04-02,09:40:12.757,143.0
2016-04-02,09:40:13.767,143.0
2016-04-02,09:40:14.755,143.0
2016-04-02,09:40:15.757,143.0
2016-04-02,09:40:16.754,143.0
2016-04-02,09:40:17.761,144.0
2016-04-02,09:40:18.772,143.0
2016-04-02,09:40:19.754,142.0
2016-04-02,09:40:20.765,142.0
2016-04-02,09:40:21.754,142.0
2016-04-02,09:40:22.761,142.0
2016-04-02,09:40:23.754,141.0
2016-04-02,09:40:24.760,140.0
2016-04-02,09:40:25.754,138.0
2016-04-02,09:40:26.761,138.0
2016-04-02,09:40:27.754,137.0
2016-04-02,09:40:28.753,139.0
2016-04-02,09:40:29.754,139.0
2016-04-02,09:40:30.754,140.0
2016-04-02,09:40:31.755,141.0
2016-04-02,09:40:32.787,142.0
2016-04-02,09:40:33.756,141.0
2016-04-02,09:40:34.770,141.0
2016-04-02,09:40:35.754,142.0
2016-04-02,09:40:36.756,142.0
2016-04-02,09:40:37.753,142.0
2016-04-02,09:40:38.756,142.0
2016-04-02,09:40:39.753,143.0
2016-04-02,09:40:40.754,143.0
2016-04-02,09:40:41.756,143.0
2016-04-02,09:40:42.753,143.0
2016-04-02,09:40:43.754,144.0
2016-04-02,09:40:44.754,143.0
2016-04-02,09:40:45.755,143.0
2016-04-02,09:40:46.753,143.0
2016-04-02,09:40:47.754,144.0
2016-04-02,09:40:48.754,145.0
2016-04-02,09:40:49.753,145.0
2016-04-02,09:40:50.753,146.0
2016-04-02,09:40:51.755,147.0
2016-04-02,09:40:52.759,148.0
2016-04-02,09:40:53.755,149.0
2016-04-02,09:40:54.760,148.0
2016-04-02,09:40:55.755,149.0
2016-04-02,09:40:56.752,149.0
2016-04-02,09:40:57.760,151.0
2016-04-02,09:40:58.754,151.0
2016-04-02,09:40:59.759,150.0
2016-04-02,09:41:00.754,152.0
2016-04-02,09:41:01.761,153.0
2016-04-02,09:41:02.755,153.0
2016-04-02,09:41:03.760,152.0
2016-04-02,09:41:04.762,153.0
2016-04-02,09:41:05.755,154.0
2016-04-02,09:41:06.756,154.0
2016-04-02,09:41:07.752,154.0
2016-04-02,09:41:08.754,152.0
2016-04-02,09:41:09.755,151.0
2016-04-02,09:41:10.753,151.0
2016-04-02,09:41:11.752,150.0
2016-04-02,09:41:12.753,150.0
2016-04-02,09:41:13.753,150.0
2016-04-02,09:41:14.753,150.0
2016-04-02,09:41:15.753,150.0
2016-04-02,09:41:16.756,150.0
2016-04-02,09:41:17.753,151.0
2016-04-02,09:41:18.754,153.0
2016-04-02,09:41:19.755,154.0
2016-04-02,09:41:20.753,154.0
2016-04-02,09:41:21.755,154.0
2016-04-02,09:41:22.753,154.0
2016-04-02,09:41:23.756,154.0
2016-04-02,09:41:24.752,154.0
2016-04-02,09:41:25.754,154.0
2016-04-02,09:41:26.753,155.0
2016-04-02,09:41:27.753,155.0
2016-04-02,09:41:28.754,155.0
2016-04-02,09:41:29.753,155.0
2016-04-02,09:41:30.756,155.0
2016-04-02,09:41:31.752,157.0
2016-04-02,09:41:32.752,156.0
2016-04-02,09:41:33.753,157.0
2016-04-02,09:41:34.753,157.0
2016-04-02,09:41:35.753,158.0
2016-04-02,09:41:36.753,158.0
2016-04-02,09:41:37.756,159.0
2016-04-02,09:41:38.753,159.0
2016-04-02,09:41:39.752,159.0
2016-04-02,09:41:40.753,159.0
2016-04-02,09:41:41.753,158.0
2016-04-02,09:41:42.753,158.0
2016-04-02,09:41:43.753,157.0
2016-04-02,09:41:44.754,157.0
2016-04-02,09:41:45.753,157.0
2016-04-02,09:41:46.752,157.0
2016-04-02,09:41:47.753,157.0
2016-04-02,09:41:48.755,158.0
2016-04-02,09:41:49.754,158.0
2016-04-02,09:41:50.755,159.0
2016-04-02,09:41:51.752,159.0
2016-04-02,09:41:52.752,160.0
2016-04-02,09:41:53.755,160.0
2016-04-02,09:41:54.757,159.0
2016-04-02,09:41:55.752,159.0
2016-04-02,09:41:56.751,158.0
2016-04-02,09:41:57.753,159.0
2016-04-02,09:41:58.753,159.0
2016-04-02,09:41:59.751,159.0
2016-04-02,09:42:00.753,160.0
2016-04-02,09:42:01.753,159.0
2016-04-02,09:42:02.753,160.0
2016-04-02,09:42:03.753,159.0
2016-04-02,09:42:04.753,159.0
2016-04-02,09:42:05.751,159.0
2016-04-02,09:42:06.753,159.0
2016-04-02,09:42:07.752,160.0
2016-04-02,09:42:08.756,160.0
2016-04-02,09:42:09.752,160.0
2016-04-02,09:42:10.753,159.0
2016-04-02,09:42:11.753,160.0
2016-04-02,09:42:12.753,160.0
2016-04-02,09:42:13.753,159.0
2016-04-02,09:42:14.786,159.0
2016-04-02,09:42:15.755,160.0
2016-04-02,09:42:18.327,159.0
2016-04-02,09:42:18.333,159.0
2016-04-02,09:42:18.755,158.0
2016-04-02,09:42:19.753,158.0
2016-04-02,09:42:20.753,158.0
2016-04-02,09:42:21.754,158.0
2016-04-02,09:42:22.756,158.0
2016-04-02,09:42:23.753,158.0
2016-04-02,09:42:24.754,158.0
2016-04-02,09:42:25.752,159.0
2016-04-02,09:42:26.753,159.0
2016-04-02,09:42:27.752,158.0
2016-04-02,09:42:28.797,158.0
2016-04-02,09:42:29.754,159.0
2016-04-02,09:42:30.752,159.0
2016-04-02,09:42:31.753,159.0
2016-04-02,09:42:32.753,159.0
2016-04-02,09:42:33.752,159.0
2016-04-02,09:42:34.753,159.0
2016-04-02,09:42:35.752,159.0
2016-04-02,09:42:36.754,159.0
2016-04-02,09:42:37.752,159.0
2016-04-02,09:42:38.753,159.0
2016-04-02,09:42:39.753,160.0
2016-04-02,09:42:40.753,160.0
2016-04-02,09:42:41.754,159.0
2016-04-02,09:42:42.752,159.0
2016-04-02,09:42:43.754,160.0
2016-04-02,09:42:44.752,160.0
2016-04-02,09:42:45.754,160.0
2016-04-02,09:42:46.752,160.0
2016-04-02,09:42:47.753,160.0
2016-04-02,09:42:48.753,160.0
2016-04-02,09:42:49.753,161.0
2016-04-02,09:42:50.762,162.0
2016-04-02,09:42:51.753,162.0
2016-04-02,09:42:52.754,162.0
2016-04-02,09:42:53.752,162.0
2016-04-02,09:42:54.752,162.0
2016-04-02,09:42:55.752,162.0
2016-04-02,09:42:56.753,162.0
2016-04-02,09:42:57.755,162.0
2016-04-02,09:42:58.753,163.0
2016-04-02,09:42:59.756,163.0
2016-04-02,09:43:00.756,162.0
2016-04-02,09:43:01.753,161.0
2016-04-02,09:43:02.753,160.0
2016-04-02,09:43:03.752,160.0
2016-04-02,09:43:04.753,161.0
2016-04-02,09:43:05.754,161.0
2016-04-02,09:43:06.753,162.0
2016-04-02,09:43:07.757,162.0
2016-04-02,09:43:08.753,163.0
2016-04-02,09:43:09.753,164.0
2016-04-02,09:43:10.752,162.0
2016-04-02,09:43:11.754,162.0
2016-04-02,09:43:12.753,162.0
2016-04-02,09:43:13.754,161.0
2016-04-02,09:43:14.753,161.0
2016-04-02,09:43:15.752,162.0
2016-04-02,09:43:16.753,161.0
2016-04-02,09:43:17.753,161.0
2016-04-02,09:43:18.754,161.0
2016-04-02,09:43:19.755,162.0
2016-04-02,09:43:20.753,162.0
2016-04-02,09:43:21.752,162.0
2016-04-02,09:43:22.753,163.0
2016-04-02,09:43:23.754,163.0
2016-04-02,09:43:24.753,162.0
2016-04-02,09:43:25.779,162.0
2016-04-02,09:43:26.752,162.0
2016-04-02,09:43:27.754,163.0
2016-04-02,09:43:28.754,162.0
2016-04-02,09:43:29.752,162.0
2016-04-02,09:43:30.757,162.0
2016-04-02,09:43:31.752,163.0
2016-04-02,09:43:32.758,165.0
2016-04-02,09:43:33.753,165.0
2016-04-02,09:43:34.752,165.0
2016-04-02,09:43:35.753,165.0
2016-04-02,09:43:36.756,165.0
2016-04-02,09:43:37.753,164.0
2016-04-02,09:43:38.753,163.0
2016-04-02,09:43:39.755,163.0
2016-04-02,09:43:40.753,163.0
2016-04-02,09:43:41.753,164.0
2016-04-02,09:43:42.752,163.0
2016-04-02,09:43:43.752,163.0
2016-04-02,09:43:44.753,162.0
2016-04-02,09:43:45.755,161.0
2016-04-02,09:43:46.757,161.0
2016-04-02,09:43:47.755,162.0
2016-04-02,09:43:48.752,163.0
2016-04-02,09:43:49.752,163.0
2016-04-02,09:43:50.751,163.0
2016-04-02,09:43:51.752,162.0
2016-04-02,09:43:52.752,162.0
2016-04-02,09:43:53.754,162.0
2016-04-02,09:43:54.754,161.0
2016-04-02,09:43:55.754,163.0
2016-04-02,09:43:56.754,164.0
2016-04-02,09:43:57.755,164.0
2016-04-02,09:43:58.753,164.0
2016-04-02,09:43:59.754,165.0
2016-04-02,09:44:00.760,164.0
2016-04-02,09:44:01.753,163.0
2016-04-02,09:44:02.755,163.0
2016-04-02,09:44:03.753,163.0
2016-04-02,09:44:04.755,161.0
2016-04-02,09:44:05.753,161.0
2016-04-02,09:44:06.757,161.0
2016-04-02,09:44:07.761,161.0
2016-04-02,09:44:08.770,160.0
2016-04-02,09:44:09.756,160.0
2016-04-02,09:44:10.754,159.0
2016-04-02,09:44:11.756,158.0
2016-04-02,09:44:12.754,157.0
2016-04-02,09:44:13.756,157.0
2016-04-02,09:44:14.758,157.0
2016-04-02,09:44:15.755,158.0
2016-04-02,09:44:16.753,159.0
2016-04-02,09:44:17.753,157.0
2016-04-02,09:44:18.754,156.0
2016-04-02,09:44:19.752,156.0
2016-04-02,09:44:20.751,154.0
2016-04-02,09:44:21.761,154.0
2016-04-02,09:44:22.754,155.0
2016-04-02,09:44:23.754,155.0
2016-04-02,09:44:24.752,154.0
2016-04-02,09:44:25.755,154.0
2016-04-02,09:44:26.762,154.0
2016-04-02,09:44:27.755,153.0
2016-04-02,09:44:28.761,154.0
2016-04-02,09:44:29.759,154.0
2016-04-02,09:44:30.758,153.0
2016-04-02,09:44:31.753,155.0
2016-04-02,09:44:32.753,155.0
2016-04-02,09:44:33.753,154.0
2016-04-02,09:44:34.753,154.0
2016-04-02,09:44:35.761,154.0
2016-04-02,09:44:36.754,153.0
2016-04-02,09:44:37.761,154.0
2016-04-02,09:44:38.754,153.0
2016-04-02,09:44:39.753,154.0
2016-04-02,09:44:40.753,153.0
2016-04-02,09:44:41.760,153.0
2016-04-02,09:44:42.765,153.0
2016-04-02,09:44:43.754,153.0
2016-04-02,09:44:44.755,152.0
2016-04-02,09:44:45.761,153.0
2016-04-02,09:44:46.753,153.0
2016-04-02,09:44:47.753,152.0
2016-04-02,09:44:48.756,152.0
2016-04-02,09:44:49.768,151.0
2016-04-02,09:44:50.765,150.0
2016-04-02,09:44:51.761,150.0
2016-04-02,09:44:52.796,150.0
2016-04-02,09:44:53.756,150.0
2016-04-02,09:44:54.763,150.0
2016-04-02,09:44:55.754,150.0
2016-04-02,09:44:56.754,150.0
2016-04-02,09:44:57.754,147.0
2016-04-02,09:44:58.755,145.0
2016-04-02,09:44:59.753,147.0
2016-04-02,09:45:00.755,146.0
2016-04-02,09:45:01.755,146.0
2016-04-02,09:45:02.753,146.0
2016-04-02,09:45:03.772,147.0
2016-04-02,09:45:04.754,147.0
2016-04-02,09:45:05.754,148.0
2016-04-02,09:45:06.753,149.0
2016-04-02,09:45:07.754,150.0
2016-04-02,09:45:08.753,150.0
2016-04-02,09:45:09.753,150.0
2016-04-02,09:45:10.755,149.0
2016-04-02,09:45:11.753,150.0
2016-04-02,09:45:12.755,150.0
2016-04-02,09:45:13.754,153.0
2016-04-02,09:45:14.754,154.0
2016-04-02,09:45:15.753,154.0
2016-04-02,09:45:16.754,154.0
2016-04-02,09:45:17.757,154.0
2016-04-02,09:45:18.755,154.0
2016-04-02,09:45:19.753,154.0
2016-04-02,09:45:20.753,154.0
2016-04-02,09:45:21.753,154.0
2016-04-02,09:45:22.754,155.0
2016-04-02,09:45:23.754,154.0
2016-04-02,09:45:24.757,154.0
2016-04-02,09:45:25.783,154.0
2016-04-02,09:45:26.754,153.0
2016-04-02,09:45:27.755,154.0
2016-04-02,09:45:28.763,154.0
2016-04-02,09:45:29.768,155.0
2016-04-02,09:45:30.767,155.0
2016-04-02,09:45:31.761,154.0
2016-04-02,09:45:32.762,154.0
2016-04-02,09:45:33.753,153.0
2016-04-02,09:45:34.772,153.0
2016-04-02,09:45:35.754,153.0
2016-04-02,09:45:36.761,152.0
2016-04-02,09:45:37.762,151.0
2016-04-02,09:45:38.763,150.0
2016-04-02,09:45:39.760,151.0
2016-04-02,09:45:40.753,150.0
2016-04-02,09:45:41.767,151.0
2016-04-02,09:45:42.765,151.0
2016-04-02,09:45:43.756,151.0
2016-04-02,09:45:44.754,152.0
2016-04-02,09:45:45.756,151.0
2016-04-02,09:45:46.753,151.0
2016-04-02,09:45:47.761,151.0
2016-04-02,09:45:48.754,152.0
2016-04-02,09:45:49.752,151.0
2016-04-02,09:45:50.751,150.0
2016-04-02,09:45:51.752,151.0
2016-04-02,09:45:52.761,150.0
2016-04-02,09:45:53.757,150.0
2016-04-02,09:45:54.763,149.0
2016-04-02,09:45:55.754,149.0
2016-04-02,09:45:56.754,149.0
2016-04-02,09:45:57.751,147.0
2016-04-02,09:45:58.752,147.0
2016-04-02,09:45:59.756,146.0
2016-04-02,09:46:00.752,146.0
2016-04-02,09:46:01.779,145.0
2016-04-02,09:46:02.753,145.0
2016-04-02,09:46:03.752,144.0
2016-04-02,09:46:04.753,144.0
2016-04-02,09:46:05.753,143.0
2016-04-02,09:46:06.763,143.0
2016-04-02,09:46:07.754,140.0
2016-04-02,09:46:08.754,140.0
2016-04-02,09:46:09.764,146.0
2016-04-02,09:46:10.754,146.0
2016-04-02,09:46:11.753,145.0
2016-04-02,09:46:12.763,145.0
2016-04-02,09:46:13.757,145.0
2016-04-02,09:46:14.755,145.0
2016-04-02,09:46:15.755,146.0
2016-04-02,09:46:16.769,146.0
2016-04-02,09:46:17.761,146.0
2016-04-02,09:46:18.762,145.0
2016-04-02,09:46:19.755,145.0
2016-04-02,09:46:20.763,144.0
2016-04-02,09:46:21.760,144.0
2016-04-02,09:46:22.753,143.0
2016-04-02,09:46:23.766,145.0
2016-04-02,09:46:24.761,145.0
2016-04-02,09:46:25.755,144.0
2016-04-02,09:46:26.762,144.0
2016-04-02,09:46:27.756,144.0
2016-04-02,09:46:28.762,145.0
2016-04-02,09:46:29.756,145.0
2016-04-02,09:46:30.787,145.0
2016-04-02,09:46:31.754,144.0
2016-04-02,09:46:32.753,144.0
2016-04-02,09:46:33.756,143.0
2016-04-02,09:46:34.755,143.0
2016-04-02,09:46:35.760,145.0
2016-04-02,09:46:36.754,145.0
2016-04-02,09:46:37.753,145.0
2016-04-02,09:46:38.752,145.0
2016-04-02,09:46:39.752,145.0
2016-04-02,09:46:40.762,144.0
2016-04-02,09:46:41.761,144.0
2016-04-02,09:46:42.755,144.0
2016-04-02,09:46:43.753,143.0
2016-04-02,09:46:44.769,142.0
2016-04-02,09:46:45.755,142.0
2016-04-02,09:46:46.766,141.0
2016-04-02,09:46:47.761,141.0
2016-04-02,09:46:48.760,142.0
2016-04-02,09:46:49.763,141.0
2016-04-02,09:46:50.755,141.0
2016-04-02,09:46:51.767,143.0
2016-04-02,09:46:52.754,143.0
2016-04-02,09:46:53.757,143.0
2016-04-02,09:46:54.753,143.0
2016-04-02,09:46:55.756,143.0
2016-04-02,09:46:56.762,144.0
2016-04-02,09:46:57.755,143.0
2016-04-02,09:46:58.752,146.0
2016-04-02,09:46:59.752,146.0
2016-04-02,09:47:00.763,147.0
2016-04-02,09:47:01.755,148.0
2016-04-02,09:47:02.755,148.0
2016-04-02,09:47:03.752,145.0
2016-04-02,09:47:04.753,145.0
2016-04-02,09:47:05.764,146.0
2016-04-02,09:47:06.760,149.0
2016-04-02,09:47:07.761,149.0
2016-04-02,09:47:08.753,149.0
2016-04-02,09:47:09.761,150.0
2016-04-02,09:47:10.763,150.0
2016-04-02,09:47:11.765,149.0
2016-04-02,09:47:12.766,151.0
2016-04-02,09:47:13.754,152.0
2016-04-02,09:47:14.760,152.0
2016-04-02,09:47:15.753,151.0
2016-04-02,09:47:16.767,152.0
2016-04-02,09:47:17.755,152.0
2016-04-02,09:47:18.764,152.0
2016-04-02,09:47:19.764,153.0
2016-04-02,09:47:20.759,151.0
2016-04-02,09:47:21.754,152.0
2016-04-02,09:47:22.753,152.0
2016-04-02,09:47:23.761,152.0
2016-04-02,09:47:24.752,152.0
2016-04-02,09:47:25.759,153.0
2016-04-02,09:47:26.753,153.0
2016-04-02,09:47:27.751,153.0
2016-04-02,09:47:28.760,152.0
2016-04-02,09:47:29.761,151.0
2016-04-02,09:47:30.792,151.0
2016-04-02,09:47:31.753,151.0
2016-04-02,09:47:32.760,150.0
2016-04-02,09:47:33.759,149.0
2016-04-02,09:47:34.760,150.0
2016-04-02,09:47:35.763,150.0
2016-04-02,09:47:36.762,150.0
2016-04-02,09:47:37.760,150.0
2016-04-02,09:47:38.758,151.0
2016-04-02,09:47:39.765,150.0
2016-04-02,09:47:40.755,151.0
2016-04-02,09:47:41.763,152.0
2016-04-02,09:47:42.764,152.0
2016-04-02,09:47:43.764,152.0
2016-04-02,09:47:44.761,152.0
2016-04-02,09:47:45.782,152.0
2016-04-02,09:47:46.759,152.0
2016-04-02,09:47:47.751,150.0
2016-04-02,09:47:48.768,150.0
2016-04-02,09:47:49.754,151.0
2016-04-02,09:47:50.753,152.0
2016-04-02,09:47:51.756,153.0
2016-04-02,09:47:52.761,153.0
2016-04-02,09:47:53.761,153.0
2016-04-02,09:47:54.753,154.0
2016-04-02,09:47:55.760,155.0
2016-04-02,09:47:56.754,154.0
2016-04-02,09:47:57.760,153.0
2016-04-02,09:47:58.779,153.0
2016-04-02,09:47:59.753,153.0
2016-04-02,09:48:00.752,152.0
2016-04-02,09:48:01.753,152.0
2016-04-02,09:48:02.759,152.0
2016-04-02,09:48:03.753,153.0
2016-04-02,09:48:04.761,152.0
2016-04-02,09:48:05.753,153.0
2016-04-02,09:48:06.751,153.0
2016-04-02,09:48:07.767,152.0
2016-04-02,09:48:08.841,154.0
2016-04-02,09:48:09.760,155.0
2016-04-02,09:48:10.754,155.0
2016-04-02,09:48:11.759,156.0
2016-04-02,09:48:12.764,155.0
2016-04-02,09:48:13.755,155.0
2016-04-02,09:48:14.752,155.0
2016-04-02,09:48:15.756,154.0
2016-04-02,09:48:16.761,155.0
2016-04-02,09:48:17.756,155.0
2016-04-02,09:48:18.763,155.0
2016-04-02,09:48:19.753,155.0
2016-04-02,09:48:20.755,156.0
2016-04-02,09:48:21.753,157.0
2016-04-02,09:48:22.756,157.0
2016-04-02,09:48:23.760,156.0
2016-04-02,09:48:24.757,152.0
2016-04-02,09:48:25.756,151.0
2016-04-02,09:48:26.754,150.0
2016-04-02,09:48:27.763,149.0
2016-04-02,09:48:28.756,149.0
2016-04-02,09:48:29.753,149.0
2016-04-02,09:48:30.761,149.0
2016-04-02,09:48:31.756,149.0
2016-04-02,09:48:32.754,149.0
2016-04-02,09:48:33.755,149.0
2016-04-02,09:48:34.758,149.0
2016-04-02,09:48:35.755,150.0
2016-04-02,09:48:36.753,150.0
2016-04-02,09:48:37.756,151.0
2016-04-02,09:48:38.765,152.0
2016-04-02,09:48:39.755,152.0
2016-04-02,09:48:40.762,150.0
2016-04-02,09:48:41.805,150.0
2016-04-02,09:48:42.755,151.0
2016-04-02,09:48:43.759,151.0
2016-04-02,09:48:44.758,153.0
2016-04-02,09:48:45.756,153.0
2016-04-02,09:48:46.757,154.0
2016-04-02,09:48:47.754,152.0
2016-04-02,09:48:48.759,153.0
2016-04-02,09:48:49.757,152.0
2016-04-02,09:48:50.752,151.0
2016-04-02,09:48:51.755,152.0
2016-04-02,09:48:52.753,152.0
2016-04-02,09:48:53.754,154.0
2016-04-02,09:48:54.771,155.0
2016-04-02,09:48:55.759,155.0
2016-04-02,09:48:56.757,156.0
2016-04-02,09:48:57.754,156.0
2016-04-02,09:48:58.756,157.0
2016-04-02,09:48:59.760,158.0
2016-04-02,09:49:00.753,156.0
2016-04-02,09:49:01.770,155.0
2016-04-02,09:49:02.757,154.0
2016-04-02,09:49:03.754,154.0
2016-04-02,09:49:04.756,154.0
2016-04-02,09:49:05.755,154.0
2016-04-02,09:49:06.753,154.0
2016-04-02,09:49:07.754,154.0
2016-04-02,09:49:08.755,155.0
2016-04-02,09:49:09.752,157.0
2016-04-02,09:49:10.754,158.0
2016-04-02,09:49:11.754,158.0
2016-04-02,09:49:12.756,158.0
2016-04-02,09:49:13.754,157.0
2016-04-02,09:49:14.755,156.0
2016-04-02,09:49:15.755,155.0
2016-04-02,09:49:16.753,154.0
2016-04-02,09:49:17.755,155.0
2016-04-02,09:49:18.753,155.0
2016-04-02,09:49:19.760,155.0
2016-04-02,09:49:20.754,156.0
2016-04-02,09:49:21.755,156.0
2016-04-02,09:49:22.755,156.0
2016-04-02,09:49:23.754,157.0
2016-04-02,09:49:24.754,157.0
2016-04-02,09:49:25.752,157.0
2016-04-02,09:49:26.759,157.0
2016-04-02,09:49:27.774,157.0
2016-04-02,09:49:28.754,156.0
2016-04-02,09:49:29.754,156.0
2016-04-02,09:49:30.755,157.0
2016-04-02,09:49:31.755,157.0
2016-04-02,09:49:32.754,156.0
2016-04-02,09:49:33.760,156.0
2016-04-02,09:49:34.760,157.0
2016-04-02,09:49:35.756,156.0
2016-04-02,09:49:36.771,157.0
2016-04-02,09:49:37.755,158.0
2016-04-02,09:49:38.753,158.0
2016-04-02,09:49:39.752,157.0
2016-04-02,09:49:40.760,155.0
2016-04-02,09:49:41.755,156.0
2016-04-02,09:49:42.753,157.0
2016-04-02,09:49:43.769,157.0
2016-04-02,09:49:44.754,157.0
2016-04-02,09:49:45.754,157.0
2016-04-02,09:49:46.754,157.0
2016-04-02,09:49:47.761,157.0
2016-04-02,09:49:48.754,158.0
2016-04-02,09:49:49.752,158.0
2016-04-02,09:49:50.754,157.0
2016-04-02,09:49:51.755,158.0
2016-04-02,09:49:52.755,158.0
2016-04-02,09:49:53.753,158.0
2016-04-02,09:49:54.756,156.0
2016-04-02,09:49:55.754,155.0
2016-04-02,09:49:56.753,156.0
2016-04-02,09:49:57.755,155.0
2016-04-02,09:49:58.755,155.0
2016-04-02,09:49:59.754,154.0
2016-04-02,09:50:00.754,154.0
2016-04-02,09:50:01.754,152.0
2016-04-02,09:50:02.753,152.0
2016-04-02,09:50:03.753,154.0
2016-04-02,09:50:04.755,154.0
2016-04-02,09:50:05.753,155.0
2016-04-02,09:50:06.754,156.0
2016-04-02,09:50:07.754,157.0
2016-04-02,09:50:08.756,159.0
2016-04-02,09:50:09.755,159.0
2016-04-02,09:50:10.755,159.0
2016-04-02,09:50:11.753,159.0
2016-04-02,09:50:12.761,157.0
2016-04-02,09:50:13.756,156.0
2016-04-02,09:50:14.754,156.0
2016-04-02,09:50:15.767,155.0
2016-04-02,09:50:16.754,154.0
2016-04-02,09:50:17.760,153.0
2016-04-02,09:50:18.755,153.0
2016-04-02,09:50:19.764,153.0
2016-04-02,09:50:20.754,152.0
2016-04-02,09:50:21.753,149.0
2016-04-02,09:50:22.761,146.0
2016-04-02,09:50:23.753,146.0
2016-04-02,09:50:24.763,147.0
2016-04-02,09:50:25.754,147.0
2016-04-02,09:50:26.763,148.0
2016-04-02,09:50:27.755,150.0
2016-04-02,09:50:28.765,148.0
2016-04-02,09:50:29.756,148.0
2016-04-02,09:50:30.761,149.0
2016-04-02,09:50:31.754,147.0
2016-04-02,09:50:32.765,147.0
2016-04-02,09:50:33.753,147.0
2016-04-02,09:50:34.753,147.0
2016-04-02,09:50:35.763,146.0
2016-04-02,09:50:36.759,145.0
2016-04-02,09:50:37.752,145.0
2016-04-02,09:50:38.764,145.0
2016-04-02,09:50:39.753,146.0
2016-04-02,09:50:40.768,146.0
2016-04-02,09:50:41.764,142.0
2016-04-02,09:50:42.761,140.0
2016-04-02,09:50:43.755,140.0
2016-04-02,09:50:44.753,138.0
2016-04-02,09:50:45.753,139.0
2016-04-02,09:50:46.757,139.0
2016-04-02,09:50:47.759,139.0
2016-04-02,09:50:48.753,139.0
2016-04-02,09:50:49.754,139.0
2016-04-02,09:50:50.755,139.0
2016-04-02,09:50:51.759,139.0
2016-04-02,09:50:52.755,140.0
2016-04-02,09:50:53.754,141.0
2016-04-02,09:50:54.755,140.0
2016-04-02,09:50:55.754,139.0
2016-04-02,09:50:56.755,140.0
2016-04-02,09:50:57.755,140.0
2016-04-02,09:50:58.754,142.0
2016-04-02,09:50:59.755,143.0
2016-04-02,09:51:00.754,145.0
2016-04-02,09:51:01.755,146.0
2016-04-02,09:51:02.755,148.0
2016-04-02,09:51:03.758,148.0
2016-04-02,09:51:04.757,146.0
2016-04-02,09:51:05.753,148.0
2016-04-02,09:51:06.756,150.0
2016-04-02,09:51:07.758,149.0
2016-04-02,09:51:08.755,149.0
2016-04-02,09:51:09.755,150.0
2016-04-02,09:51:10.754,150.0
2016-04-02,09:51:11.756,152.0
2016-04-02,09:51:12.753,152.0
2016-04-02,09:51:13.754,152.0
2016-04-02,09:51:14.757,153.0
2016-04-02,09:51:15.755,153.0
2016-04-02,09:51:16.754,154.0
2016-04-02,09:51:17.754,154.0
2016-04-02,09:51:18.754,154.0
2016-04-02,09:51:19.757,154.0
2016-04-02,09:51:20.754,154.0
2016-04-02,09:51:21.756,154.0
2016-04-02,09:51:22.754,156.0
2016-04-02,09:51:23.754,157.0
2016-04-02,09:51:24.754,156.0
2016-04-02,09:51:25.754,157.0
2016-04-02,09:51:26.762,154.0
2016-04-02,09:51:27.754,153.0
2016-04-02,09:51:28.761,153.0
2016-04-02,09:51:29.753,154.0
2016-04-02,09:51:30.761,153.0
2016-04-02,09:51:31.755,154.0
2016-04-02,09:51:32.760,154.0
2016-04-02,09:51:33.754,154.0
2016-04-02,09:51:34.761,153.0
2016-04-02,09:51:35.761,154.0
2016-04-02,09:51:36.752,154.0
2016-04-02,09:51:37.770,154.0
2016-04-02,09:51:38.754,154.0
2016-04-02,09:51:39.762,155.0
2016-04-02,09:51:40.754,154.0
2016-04-02,09:51:41.754,154.0
2016-04-02,09:51:42.755,156.0
2016-04-02,09:51:43.752,156.0
2016-04-02,09:51:44.761,156.0
2016-04-02,09:51:45.753,156.0
2016-04-02,09:51:46.754,156.0
2016-04-02,09:51:47.752,156.0
2016-04-02,09:51:48.764,154.0
2016-04-02,09:51:49.758,153.0
2016-04-02,09:51:50.761,152.0
2016-04-02,09:51:51.754,151.0
2016-04-02,09:51:52.752,151.0
2016-04-02,09:51:53.757,151.0
2016-04-02,09:51:54.785,154.0
2016-04-02,09:51:55.755,155.0
2016-04-02,09:51:56.761,155.0
2016-04-02,09:51:57.760,157.0
2016-04-02,09:51:58.760,156.0
2016-04-02,09:51:59.755,157.0
2016-04-02,09:52:00.755,157.0
2016-04-02,09:52:01.755,157.0
2016-04-02,09:52:02.757,156.0
2016-04-02,09:52:03.756,157.0
2016-04-02,09:52:04.756,158.0
2016-04-02,09:52:05.758,159.0
2016-04-02,09:52:06.754,160.0
2016-04-02,09:52:07.753,159.0
2016-04-02,09:52:08.754,160.0
2016-04-02,09:52:09.754,160.0
2016-04-02,09:52:10.758,160.0
2016-04-02,09:52:11.754,160.0
2016-04-02,09:52:12.757,158.0
2016-04-02,09:52:13.754,159.0
2016-04-02,09:52:14.756,158.0
2016-04-02,09:52:15.756,158.0
2016-04-02,09:52:16.760,158.0
2016-04-02,09:52:17.754,155.0
2016-04-02,09:52:18.762,155.0
2016-04-02,09:52:19.757,155.0
2016-04-02,09:52:20.763,154.0
2016-04-02,09:52:21.754,154.0
2016-04-02,09:52:22.761,153.0
2016-04-02,09:52:23.757,153.0
2016-04-02,09:52:24.757,154.0
2016-04-02,09:52:25.763,154.0
2016-04-02,09:52:26.793,154.0
2016-04-02,09:52:27.764,155.0
2016-04-02,09:52:28.753,156.0
2016-04-02,09:52:29.753,156.0
2016-04-02,09:52:30.751,153.0
2016-04-02,09:52:31.760,152.0
2016-04-02,09:52:32.760,153.0
2016-04-02,09:52:33.755,153.0
2016-04-02,09:52:34.765,153.0
2016-04-02,09:52:35.753,152.0
2016-04-02,09:52:36.755,152.0
2016-04-02,09:52:37.755,152.0
2016-04-02,09:52:38.756,152.0
2016-04-02,09:52:39.754,153.0
2016-04-02,09:52:40.760,152.0
2016-04-02,09:52:41.763,152.0
2016-04-02,09:52:42.763,151.0
2016-04-02,09:52:43.760,151.0
2016-04-02,09:52:44.757,150.0
2016-04-02,09:52:45.761,151.0
2016-04-02,09:52:46.765,151.0
2016-04-02,09:52:47.756,150.0
2016-04-02,09:52:48.752,150.0
2016-04-02,09:52:49.760,150.0
2016-04-02,09:52:50.762,151.0
2016-04-02,09:52:51.761,152.0
2016-04-02,09:52:52.767,152.0
2016-04-02,09:52:53.755,152.0
2016-04-02,09:52:54.760,152.0
2016-04-02,09:52:55.755,154.0
2016-04-02,09:52:56.757,155.0
2016-04-02,09:52:57.763,157.0
2016-04-02,09:52:58.758,158.0
2016-04-02,09:52:59.759,158.0
2016-04-02,09:53:00.755,158.0
2016-04-02,09:53:01.753,158.0
2016-04-02,09:53:02.764,158.0
2016-04-02,09:53:03.760,158.0
2016-04-02,09:53:04.754,160.0
2016-04-02,09:53:05.793,161.0
2016-04-02,09:53:06.762,161.0
2016-04-02,09:53:07.757,160.0
2016-04-02,09:53:08.762,160.0
2016-04-02,09:53:09.756,161.0
2016-04-02,09:53:10.754,161.0
2016-04-02,09:53:11.761,160.0
2016-04-02,09:53:12.754,161.0
2016-04-02,09:53:13.756,161.0
2016-04-02,09:53:14.753,159.0
2016-04-02,09:53:15.762,161.0
2016-04-02,09:53:16.753,160.0
2016-04-02,09:53:17.755,160.0
2016-04-02,09:53:18.752,159.0
2016-04-02,09:53:19.760,159.0
2016-04-02,09:53:20.761,159.0
2016-04-02,09:53:21.762,159.0
2016-04-02,09:53:22.763,159.0
2016-04-02,09:53:23.755,159.0
2016-04-02,09:53:24.761,162.0
2016-04-02,09:53:25.756,163.0
2016-04-02,09:53:26.761,163.0
2016-04-02,09:53:27.761,163.0
2016-04-02,09:53:28.756,164.0
2016-04-02,09:53:29.752,162.0
2016-04-02,09:53:30.753,161.0
2016-04-02,09:53:31.757,161.0
2016-04-02,09:53:32.754,161.0
2016-04-02,09:53:33.763,160.0
2016-04-02,09:53:34.756,160.0
2016-04-02,09:53:35.754,160.0
2016-04-02,09:53:36.766,161.0
2016-04-02,09:53:37.754,161.0
2016-04-02,09:53:38.755,162.0
2016-04-02,09:53:39.754,164.0
2016-04-02,09:53:40.755,164.0
2016-04-02,09:53:41.756,164.0
2016-04-02,09:53:42.756,164.0
2016-04-02,09:53:43.755,164.0
2016-04-02,09:53:44.754,164.0
2016-04-02,09:53:45.754,164.0
2016-04-02,09:53:46.760,162.0
2016-04-02,09:53:47.759,163.0
2016-04-02,09:53:48.773,163.0
2016-04-02,09:53:49.755,162.0
2016-04-02,09:53:50.754,160.0
2016-04-02,09:53:51.756,161.0
2016-04-02,09:53:52.754,159.0
2016-04-02,09:53:53.754,158.0
2016-04-02,09:53:54.755,158.0
2016-04-02,09:53:55.761,159.0
2016-04-02,09:53:56.755,159.0
2016-04-02,09:53:57.756,160.0
2016-04-02,09:53:58.755,159.0
2016-04-02,09:53:59.760,159.0
2016-04-02,09:54:00.755,160.0
2016-04-02,09:54:01.754,160.0
2016-04-02,09:54:02.756,161.0
2016-04-02,09:54:03.761,161.0
2016-04-02,09:54:04.755,161.0
2016-04-02,09:54:05.764,160.0
2016-04-02,09:54:06.755,161.0
2016-04-02,09:54:07.763,157.0
2016-04-02,09:54:08.757,157.0
2016-04-02,09:54:09.752,157.0
2016-04-02,09:54:10.753,155.0
2016-04-02,09:54:11.753,155.0
2016-04-02,09:54:12.761,154.0
2016-04-02,09:54:13.757,154.0
2016-04-02,09:54:14.763,153.0
2016-04-02,09:54:15.759,154.0
2016-04-02,09:54:16.754,157.0
2016-04-02,09:54:17.760,157.0
2016-04-02,09:54:18.757,153.0
2016-04-02,09:54:19.760,152.0
2016-04-02,09:54:20.756,152.0
2016-04-02,09:54:21.752,152.0
2016-04-02,09:54:22.753,150.0
2016-04-02,09:54:23.772,149.0
2016-04-02,09:54:24.753,148.0
2016-04-02,09:54:25.753,148.0
2016-04-02,09:54:26.760,146.0
2016-04-02,09:54:27.755,144.0
2016-04-02,09:54:28.761,146.0
2016-04-02,09:54:29.755,149.0
2016-04-02,09:54:30.754,147.0
2016-04-02,09:54:31.761,148.0
2016-04-02,09:54:32.755,148.0
2016-04-02,09:54:33.762,148.0
2016-04-02,09:54:34.756,148.0
2016-04-02,09:54:35.764,150.0
2016-04-02,09:54:36.753,150.0
2016-04-02,09:54:37.754,150.0
2016-04-02,09:54:38.752,148.0
2016-04-02,09:54:39.752,148.0
2016-04-02,09:54:40.754,148.0
2016-04-02,09:54:41.766,151.0
2016-04-02,09:54:42.763,150.0
2016-04-02,09:54:43.754,150.0
2016-04-02,09:54:44.767,152.0
2016-04-02,09:54:45.766,153.0
2016-04-02,09:54:46.763,155.0
2016-04-02,09:54:47.766,156.0
2016-04-02,09:54:48.755,156.0
2016-04-02,09:54:49.752,154.0
2016-04-02,09:54:50.754,154.0
2016-04-02,09:54:51.753,153.0
2016-04-02,09:54:52.753,152.0
2016-04-02,09:54:53.753,151.0
2016-04-02,09:54:54.753,151.0
2016-04-02,09:54:55.765,151.0
2016-04-02,09:54:56.754,149.0
2016-04-02,09:54:57.752,153.0
2016-04-02,09:54:58.753,153.0
2016-04-02,09:54:59.752,154.0
2016-04-02,09:55:00.760,153.0
2016-04-02,09:55:01.754,153.0
2016-04-02,09:55:02.753,153.0
2016-04-02,09:55:03.754,153.0
2016-04-02,09:55:04.763,155.0
2016-04-02,09:55:05.755,155.0
2016-04-02,09:55:06.761,153.0
2016-04-02,09:55:07.757,153.0
2016-04-02,09:55:08.753,153.0
2016-04-02,09:55:09.756,152.0
2016-04-02,09:55:10.753,153.0
2016-04-02,09:55:11.761,153.0
2016-04-02,09:55:12.765,152.0
2016-04-02,09:55:13.754,151.0
2016-04-02,09:55:14.781,151.0
2016-04-02,09:55:15.754,151.0
2016-04-02,09:55:16.763,150.0
2016-04-02,09:55:17.757,152.0
2016-04-02,09:55:18.762,153.0
2016-04-02,09:55:19.757,154.0
2016-04-02,09:55:20.756,154.0
2016-04-02,09:55:21.788,154.0
2016-04-02,09:55:22.752,154.0
2016-04-02,09:55:23.762,153.0
2016-04-02,09:55:24.755,153.0
2016-04-02,09:55:25.754,154.0
2016-04-02,09:55:26.753,153.0
2016-04-02,09:55:27.754,152.0
2016-04-02,09:55:28.753,151.0
2016-04-02,09:55:29.754,151.0
2016-04-02,09:55:30.754,150.0
2016-04-02,09:55:31.755,151.0
2016-04-02,09:55:32.755,151.0
2016-04-02,09:55:33.754,152.0
2016-04-02,09:55:34.754,153.0
2016-04-02,09:55:35.755,153.0
2016-04-02,09:55:36.754,153.0
2016-04-02,09:55:37.756,154.0
2016-04-02,09:55:38.754,155.0
2016-04-02,09:55:39.754,154.0
2016-04-02,09:55:40.754,155.0
2016-04-02,09:55:41.755,155.0
2016-04-02,09:55:42.754,153.0
2016-04-02,09:55:43.754,153.0
2016-04-02,09:55:44.757,154.0
2016-04-02,09:55:45.755,154.0
2016-04-02,09:55:46.754,152.0
2016-04-02,09:55:47.755,153.0
2016-04-02,09:55:48.754,153.0
2016-04-02,09:55:49.755,152.0
2016-04-02,09:55:50.754,153.0
2016-04-02,09:55:51.757,153.0
2016-04-02,09:55:52.755,154.0
2016-04-02,09:55:53.755,154.0
2016-04-02,09:55:54.755,155.0
2016-04-02,09:55:55.754,154.0
2016-04-02,09:55:56.757,155.0
2016-04-02,09:55:57.755,154.0
2016-04-02,09:55:58.755,155.0
2016-04-02,09:55:59.753,155.0
2016-04-02,09:56:00.761,154.0
2016-04-02,09:56:01.765,155.0
2016-04-02,09:56:02.755,155.0
2016-04-02,09:56:03.753,155.0
2016-04-02,09:56:04.754,155.0
2016-04-02,09:56:05.754,153.0
2016-04-02,09:56:06.752,153.0
2016-04-02,09:56:07.762,154.0
2016-04-02,09:56:08.755,152.0
2016-04-02,09:56:09.760,152.0
2016-04-02,09:56:10.753,152.0
2016-04-02,09:56:11.759,151.0
2016-04-02,09:56:12.754,153.0
2016-04-02,09:56:13.757,153.0
2016-04-02,09:56:14.755,154.0
2016-04-02,09:56:15.754,154.0
2016-04-02,09:56:16.752,154.0
2016-04-02,09:56:17.753,154.0
2016-04-02,09:56:18.754,153.0
2016-04-02,09:56:19.753,153.0
2016-04-02,09:56:20.754,153.0
2016-04-02,09:56:21.753,154.0
2016-04-02,09:56:22.755,154.0
2016-04-02,09:56:23.762,152.0
2016-04-02,09:56:24.763,151.0
2016-04-02,09:56:25.763,150.0
2016-04-02,09:56:26.755,151.0
2016-04-02,09:56:27.753,151.0
2016-04-02,09:56:28.755,149.0
2016-04-02,09:56:29.766,149.0
2016-04-02,09:56:30.763,146.0
2016-04-02,09:56:31.761,148.0
2016-04-02,09:56:32.753,149.0
2016-04-02,09:56:33.754,149.0
2016-04-02,09:56:34.764,148.0
2016-04-02,09:56:35.756,150.0
2016-04-02,09:56:36.757,152.0
2016-04-02,09:56:37.760,153.0
2016-04-02,09:56:38.759,153.0
2016-04-02,09:56:39.754,153.0
2016-04-02,09:56:40.755,154.0
2016-04-02,09:56:41.755,153.0
2016-04-02,09:56:42.755,153.0
2016-04-02,09:56:43.755,153.0
2016-04-02,09:56:44.754,152.0
2016-04-02,09:56:45.755,152.0
2016-04-02,09:56:46.755,151.0
2016-04-02,09:56:47.755,152.0
2016-04-02,09:56:48.756,151.0
2016-04-02,09:56:49.755,153.0
2016-04-02,09:56:50.756,156.0
2016-04-02,09:56:51.754,156.0
2016-04-02,09:56:52.754,156.0
2016-04-02,09:56:53.756,156.0
2016-04-02,09:56:54.756,154.0
2016-04-02,09:56:55.754,154.0
2016-04-02,09:56:56.755,153.0
2016-04-02,09:56:57.758,154.0
2016-04-02,09:56:58.755,154.0
2016-04-02,09:56:59.757,153.0
2016-04-02,09:57:00.756,154.0
2016-04-02,09:57:01.755,155.0
2016-04-02,09:57:02.754,156.0
2016-04-02,09:57:03.756,158.0
2016-04-02,09:57:04.847,158.0
2016-04-02,09:57:05.758,159.0
2016-04-02,09:57:06.756,157.0
2016-04-02,09:57:07.756,156.0
2016-04-02,09:57:08.757,156.0
2016-04-02,09:57:09.758,155.0
2016-04-02,09:57:10.761,155.0
2016-04-02,09:57:11.852,156.0
2016-04-02,09:57:12.753,156.0
2016-04-02,09:57:13.763,157.0
2016-04-02,09:57:14.754,155.0
2016-04-02,09:57:15.765,156.0
2016-04-02,09:57:16.755,159.0
2016-04-02,09:57:17.761,162.0
2016-04-02,09:57:18.832,162.0
2016-04-02,09:57:19.760,161.0
2016-04-02,09:57:20.760,160.0
2016-04-02,09:57:21.764,161.0
2016-04-02,09:57:22.764,160.0
2016-04-02,09:57:23.755,159.0
2016-04-02,09:57:24.761,157.0
2016-04-02,09:57:25.863,155.0
2016-04-02,09:57:26.761,156.0
2016-04-02,09:57:27.776,157.0
2016-04-02,09:57:28.764,160.0
2016-04-02,09:57:29.763,159.0
2016-04-02,09:57:30.760,159.0
2016-04-02,09:57:31.763,160.0
2016-04-02,09:57:32.845,157.0
2016-04-02,09:57:33.765,157.0
2016-04-02,09:57:34.756,157.0
2016-04-02,09:57:35.771,159.0
2016-04-02,09:57:36.762,158.0
2016-04-02,09:57:37.774,158.0
2016-04-02,09:57:38.761,161.0
2016-04-02,09:57:39.836,160.0
2016-04-02,09:57:40.763,162.0
2016-04-02,09:57:41.757,161.0
2016-04-02,09:57:42.754,161.0
2016-04-02,09:57:43.754,160.0
2016-04-02,09:57:44.756,160.0
2016-04-02,09:57:45.756,160.0
2016-04-02,09:57:46.870,160.0
2016-04-02,09:57:47.780,160.0
2016-04-02,09:57:48.755,160.0
2016-04-02,09:57:49.756,159.0
2016-04-02,09:57:50.755,159.0
2016-04-02,09:57:51.753,158.0
2016-04-02,09:57:52.876,159.0
2016-04-02,09:57:53.843,159.0
2016-04-02,09:57:56.228,158.0
2016-04-02,09:57:56.824,157.0
2016-04-02,09:57:58.604,158.0
2016-04-02,09:57:58.818,158.0
