2016-04-03,09:25:36.249,15.717823791503909
2016-04-03,09:26:05.280,7.029224824905396
2016-04-03,09:26:06.252,5.692099857330322
2016-04-03,09:26:07.284,2.54558436870575
2016-04-03,09:26:08.252,6.03738341331482
2016-04-03,09:26:09.256,5.4
2016-04-03,09:26:10.281,5.4
2016-04-03,09:26:11.250,5.4
2016-04-03,09:26:12.289,5.4
2016-04-03,09:26:13.272,5.4
2016-04-03,09:26:14.279,5.4
2016-04-03,09:26:15.284,5.4
2016-04-03,09:26:16.253,5.4
2016-04-03,09:26:17.270,5.4
2016-04-03,09:26:18.249,5.4
2016-04-03,09:26:19.249,5.4
2016-04-03,09:26:20.313,5.4
2016-04-03,09:26:21.251,5.4
2016-04-03,09:26:22.249,5.4
2016-04-03,09:26:23.250,5.4
2016-04-03,09:26:24.249,5.4
2016-04-03,09:26:25.250,5.4
2016-04-03,09:26:26.255,5.474486446380616
2016-04-03,09:26:27.249,5.474486446380616
2016-04-03,09:26:28.248,5.692099857330322
2016-04-03,09:26:29.248,5.474486446380616
2016-04-03,09:26:30.248,5.692099857330322
2016-04-03,09:26:31.249,5.4
2016-04-03,09:26:32.250,5.4
2016-04-03,09:26:33.249,5.474486446380616
2016-04-03,09:26:34.272,5.692099857330322
2016-04-03,09:26:35.265,5.4
2016-04-03,09:26:36.250,5.4
2016-04-03,09:26:37.471,5.4
2016-04-03,09:26:38.250,5.4
2016-04-03,09:26:39.249,5.4
2016-04-03,09:26:40.251,5.4
2016-04-03,09:26:41.253,5.4
2016-04-03,09:26:42.251,5.4
2016-04-03,09:26:43.249,5.4
2016-04-03,09:26:44.249,5.4
2016-04-03,09:26:45.254,5.4
2016-04-03,09:26:46.249,5.4
2016-04-03,09:26:47.249,5.4
2016-04-03,09:26:48.249,5.4
2016-04-03,09:26:49.249,5.4
2016-04-03,09:26:50.298,5.4
2016-04-03,09:26:51.250,5.4
2016-04-03,09:26:52.252,5.4
2016-04-03,09:26:53.444,5.4
2016-04-03,09:26:54.257,5.4
2016-04-03,09:26:55.248,5.4
2016-04-03,09:26:56.250,5.4
2016-04-03,09:26:57.249,5.4
2016-04-03,09:26:58.250,5.4
2016-04-03,09:26:59.259,5.4
2016-04-03,09:27:00.250,5.4
2016-04-03,09:27:01.263,5.4
2016-04-03,09:27:02.251,5.4
2016-04-03,09:27:03.253,5.4
2016-04-03,09:27:04.252,5.4
2016-04-03,09:27:05.251,5.4
2016-04-03,09:27:06.251,5.4
2016-04-03,09:27:07.251,5.474486446380616
2016-04-03,09:27:08.252,5.692099857330322
2016-04-03,09:27:09.251,5.692099857330322
2016-04-03,09:27:10.250,6.03738341331482
2016-04-03,09:27:11.250,6.03738341331482
2016-04-03,09:27:12.250,6.03738341331482
2016-04-03,09:27:13.252,6.03738341331482
2016-04-03,09:27:14.250,5.692099857330322
2016-04-03,09:27:15.249,5.692099857330322
2016-04-03,09:27:16.253,5.692099857330322
2016-04-03,09:27:17.251,5.692099857330322
2016-04-03,09:27:18.251,5.692099857330322
2016-04-03,09:27:19.251,5.4
2016-04-03,09:27:20.252,5.4
2016-04-03,09:27:21.250,5.4
2016-04-03,09:27:22.252,5.4
2016-04-03,09:27:23.253,5.4
2016-04-03,09:27:24.251,5.4
2016-04-03,09:27:25.250,5.4
2016-04-03,09:27:26.251,5.474486446380616
2016-04-03,09:27:27.252,5.474486446380616
2016-04-03,09:27:28.252,5.474486446380616
2016-04-03,09:27:29.251,5.474486446380616
2016-04-03,09:27:30.252,5.474486446380616
2016-04-03,09:27:31.252,5.474486446380616
2016-04-03,09:27:32.253,5.474486446380616
2016-04-03,09:27:33.252,5.474486446380616
2016-04-03,09:27:34.249,5.474486446380616
2016-04-03,09:27:35.250,5.474486446380616
2016-04-03,09:27:36.252,5.474486446380616
2016-04-03,09:27:37.250,5.474486446380616
2016-04-03,09:27:38.266,5.4
2016-04-03,09:27:39.251,5.4
2016-04-03,09:27:40.252,5.4
2016-04-03,09:27:41.294,5.4
2016-04-03,09:27:42.299,5.4
2016-04-03,09:27:43.297,5.4
2016-04-03,09:27:44.304,5.4
2016-04-03,09:27:45.301,5.4
2016-04-03,09:27:46.292,5.4
2016-04-03,09:27:47.307,5.4
2016-04-03,09:27:49.433,5.4
2016-04-03,09:27:51.309,5.4
2016-04-03,09:27:52.299,5.4
2016-04-03,09:27:53.303,5.4
2016-04-03,09:27:54.251,5.4
2016-04-03,09:27:55.252,5.4
2016-04-03,09:27:56.253,5.4
2016-04-03,09:27:57.329,5.4
2016-04-03,09:27:58.250,5.4
2016-04-03,09:27:59.251,5.4
2016-04-03,09:28:00.355,5.4
2016-04-03,09:28:01.249,5.4
2016-04-03,09:28:02.251,5.4
2016-04-03,09:28:03.250,5.4
2016-04-03,09:28:04.252,5.4
2016-04-03,09:28:05.261,5.4
2016-04-03,09:28:06.265,5.4
2016-04-03,09:28:07.248,5.4
2016-04-03,09:28:08.249,5.4
2016-04-03,09:28:09.252,5.4
2016-04-03,09:28:10.704,5.692099857330322
2016-04-03,09:28:11.348,5.692099857330322
2016-04-03,09:28:12.250,5.474486446380616
2016-04-03,09:28:13.294,5.474486446380616
2016-04-03,09:28:14.250,5.692099857330322
2016-04-03,09:28:15.904,5.692099857330322
2016-04-03,09:28:16.711,5.4
2016-04-03,09:28:17.249,5.4
2016-04-03,09:28:18.248,5.4
2016-04-03,09:28:19.250,5.4
2016-04-03,09:28:23.178,5.4
2016-04-03,09:28:26.354,5.4
2016-04-03,09:28:26.357,5.4
2016-04-03,09:28:26.360,5.4
2016-04-03,09:28:26.362,5.4
2016-04-03,09:28:27.250,5.692099857330322
2016-04-03,09:28:28.250,5.692099857330322
2016-04-03,09:28:29.250,5.692099857330322
2016-04-03,09:28:30.251,5.692099857330322
2016-04-03,09:28:31.250,5.692099857330322
2016-04-03,09:28:32.249,5.4
2016-04-03,09:28:33.249,5.4
2016-04-03,09:28:34.248,5.4
2016-04-03,09:28:35.247,5.4
2016-04-03,09:28:36.249,5.4
2016-04-03,09:28:37.249,5.474486446380616
2016-04-03,09:28:38.249,5.474486446380616
2016-04-03,09:28:39.250,5.692099857330322
2016-04-03,09:28:40.249,5.692099857330322
2016-04-03,09:28:41.250,5.692099857330322
2016-04-03,09:28:42.249,5.692099857330322
2016-04-03,09:28:43.249,5.692099857330322
2016-04-03,09:28:44.256,5.692099857330322
2016-04-03,09:28:45.249,5.692099857330322
2016-04-03,09:28:46.249,5.4
2016-04-03,09:28:47.251,5.4
2016-04-03,09:28:48.249,5.4
2016-04-03,09:28:49.249,5.4
2016-04-03,09:28:50.257,5.4
2016-04-03,09:28:51.261,5.4
2016-04-03,09:28:52.334,5.4
2016-04-03,09:28:53.250,5.4
2016-04-03,09:28:54.444,5.4
2016-04-03,09:28:55.248,5.4
2016-04-03,09:28:56.255,5.4
2016-04-03,09:28:57.305,5.4
2016-04-03,09:28:58.256,5.4
2016-04-03,09:28:59.260,5.4
2016-04-03,09:29:00.259,5.4
2016-04-03,09:29:01.253,5.4
2016-04-03,09:29:02.249,5.4
2016-04-03,09:29:03.257,5.4
2016-04-03,09:29:04.259,5.4
2016-04-03,09:29:05.257,5.4
2016-04-03,09:29:06.255,5.4
2016-04-03,09:29:07.249,5.4
2016-04-03,09:29:08.255,5.4
2016-04-03,09:29:09.260,5.4
2016-04-03,09:29:10.251,5.692099857330322
2016-04-03,09:29:11.258,5.692099857330322
2016-04-03,09:29:12.253,6.03738341331482
2016-04-03,09:29:13.252,6.03738341331482
2016-04-03,09:29:14.253,6.03738341331482
2016-04-03,09:29:15.258,6.489992237091065
2016-04-03,09:29:16.250,6.489992237091065
2016-04-03,09:29:17.262,6.489992237091065
2016-04-03,09:29:18.257,6.489992237091065
2016-04-03,09:29:19.259,6.489992237091065
2016-04-03,09:29:20.259,6.489992237091065
2016-04-03,09:29:21.259,6.489992237091065
2016-04-03,09:29:22.264,6.489992237091065
2016-04-03,09:29:23.259,6.489992237091065
2016-04-03,09:29:24.253,6.489992237091065
2016-04-03,09:29:25.280,6.489992237091065
2016-04-03,09:29:26.256,6.489992237091065
2016-04-03,09:29:27.250,6.489992237091065
2016-04-03,09:29:28.248,6.489992237091065
2016-04-03,09:29:29.253,7.029224824905396
2016-04-03,09:29:30.282,7.029224824905396
2016-04-03,09:29:31.743,7.029224824905396
2016-04-03,09:29:32.293,7.029224824905396
2016-04-03,09:29:33.255,7.029224824905396
2016-04-03,09:29:34.484,7.029224824905396
2016-04-03,09:29:35.883,7.029224824905396
2016-04-03,09:29:36.249,7.029224824905396
2016-04-03,09:29:37.390,7.029224824905396
2016-04-03,09:29:38.440,7.029224824905396
2016-04-03,09:29:39.254,7.029224824905396
2016-04-03,09:29:40.438,7.029224824905396
2016-04-03,09:29:41.429,7.029224824905396
2016-04-03,09:29:42.249,7.029224824905396
2016-04-03,09:29:43.250,7.029224824905396
2016-04-03,09:29:44.437,7.029224824905396
2016-04-03,09:29:45.867,7.029224824905396
2016-04-03,09:29:46.257,7.029224824905396
2016-04-03,09:29:47.252,7.029224824905396
2016-04-03,09:29:48.250,7.029224824905396
2016-04-03,09:29:49.250,7.029224824905396
2016-04-03,09:29:50.293,7.029224824905396
2016-04-03,09:29:54.365,7.029224824905396
2016-04-03,09:29:55.457,7.029224824905396
2016-04-03,09:29:56.250,7.029224824905396
2016-04-03,09:29:57.249,7.029224824905396
2016-04-03,09:29:58.855,7.029224824905396
2016-04-03,09:29:59.250,7.029224824905396
2016-04-03,09:30:00.249,7.029224824905396
2016-04-03,09:30:01.256,7.029224824905396
2016-04-03,09:30:02.251,7.029224824905396
2016-04-03,09:30:03.257,7.029224824905396
2016-04-03,09:30:04.260,7.029224824905396
2016-04-03,09:30:05.790,7.029224824905396
2016-04-03,09:30:06.257,7.029224824905396
2016-04-03,09:30:07.250,7.029224824905396
2016-04-03,09:30:08.252,7.029224824905396
2016-04-03,09:30:11.613,7.029224824905396
2016-04-03,09:30:13.029,7.029224824905396
2016-04-03,09:30:13.259,7.029224824905396
2016-04-03,09:30:14.259,7.029224824905396
2016-04-03,09:30:15.249,7.029224824905396
2016-04-03,09:30:16.272,7.029224824905396
2016-04-03,09:30:17.310,7.029224824905396
2016-04-03,09:30:18.251,7.029224824905396
2016-04-03,09:30:20.161,7.029224824905396
2016-04-03,09:30:20.263,7.029224824905396
2016-04-03,09:30:21.250,7.029224824905396
2016-04-03,09:30:22.258,5.4
2016-04-03,09:30:23.252,5.4
2016-04-03,09:30:24.251,5.4
2016-04-03,09:30:25.250,5.4
2016-04-03,09:30:26.249,7.029224824905396
2016-04-03,09:30:27.249,7.636752891540527
2016-04-03,09:30:28.257,7.636752891540527
2016-04-03,09:31:01.250,5.4
2016-04-03,09:31:02.254,5.4
2016-04-03,09:31:03.251,5.4
2016-04-03,09:31:04.250,4.5
2016-04-03,09:31:05.252,4.5
2016-04-03,09:31:06.249,4.5
2016-04-03,09:31:07.250,4.5
2016-04-03,09:31:08.250,4.5
2016-04-03,09:31:09.251,4.5
2016-04-03,09:31:10.251,4.5
2016-04-03,09:31:11.251,4.5
2016-04-03,09:31:12.251,4.5
2016-04-03,09:31:13.251,4.5
2016-04-03,09:31:14.251,4.5
2016-04-03,09:31:15.266,4.5
2016-04-03,09:31:16.250,4.5
2016-04-03,09:31:17.252,4.5
2016-04-03,09:31:18.251,4.5
2016-04-03,09:31:19.249,4.5
2016-04-03,09:31:20.251,4.5
2016-04-03,09:31:21.250,4.5
2016-04-03,09:31:22.251,4.5
2016-04-03,09:31:23.252,4.5
2016-04-03,09:31:24.250,4.5
2016-04-03,09:31:25.250,4.5
2016-04-03,09:31:26.250,4.5
2016-04-03,09:31:27.248,4.5
2016-04-03,09:31:28.250,4.5
2016-04-03,09:31:29.251,4.5
2016-04-03,09:31:30.250,4.5
2016-04-03,09:31:31.251,4.5
2016-04-03,09:31:32.251,4.5
2016-04-03,09:31:33.250,4.5
2016-04-03,09:31:34.255,4.5
2016-04-03,09:31:35.250,4.5
2016-04-03,09:31:36.256,4.5
2016-04-03,09:31:37.251,4.5
2016-04-03,09:31:38.251,4.5
2016-04-03,09:31:39.258,4.5
2016-04-03,09:31:40.258,4.5
2016-04-03,09:31:41.259,4.5
2016-04-03,09:31:42.263,4.5
2016-04-03,09:31:43.250,4.5
2016-04-03,09:31:44.255,4.5
2016-04-03,09:31:45.258,4.5
2016-04-03,09:31:46.256,4.5
2016-04-03,09:31:47.251,4.5
2016-04-03,09:31:48.256,4.5
2016-04-03,09:31:49.258,4.5
2016-04-03,09:31:50.253,4.5
2016-04-03,09:31:51.248,4.5
2016-04-03,09:31:52.250,4.5
2016-04-03,09:31:53.259,4.5
2016-04-03,09:31:54.258,4.5
2016-04-03,09:31:55.251,4.5
2016-04-03,09:31:56.250,4.5
2016-04-03,09:31:57.249,4.5
2016-04-03,09:31:58.258,4.5
2016-04-03,09:31:59.258,4.5
2016-04-03,09:32:00.256,4.5
2016-04-03,09:32:01.256,4.5
2016-04-03,09:32:02.256,4.5
2016-04-03,09:32:03.249,4.5
2016-04-03,09:32:04.257,4.5
2016-04-03,09:32:05.260,4.5
2016-04-03,09:32:06.260,3.6
2016-04-03,09:32:07.257,3.6
2016-04-03,09:32:08.252,3.6
2016-04-03,09:32:09.253,3.6
2016-04-03,09:32:10.250,4.5
2016-04-03,09:32:11.253,4.5
2016-04-03,09:32:12.254,4.5
2016-04-03,09:32:13.251,4.5
2016-04-03,09:32:14.253,4.5
2016-04-03,09:32:15.253,4.5
2016-04-03,09:32:16.254,4.5
2016-04-03,09:32:17.251,4.5
2016-04-03,09:32:18.259,4.5
2016-04-03,09:32:19.255,4.5
2016-04-03,09:32:20.253,4.5
2016-04-03,09:32:21.260,4.5
2016-04-03,09:32:22.252,4.5
2016-04-03,09:32:23.255,4.5
2016-04-03,09:32:24.251,4.5
2016-04-03,09:32:25.253,4.5
2016-04-03,09:32:26.251,4.5
2016-04-03,09:32:27.275,4.5
2016-04-03,09:32:28.313,4.5
2016-04-03,09:32:29.272,4.5
2016-04-03,09:32:30.440,4.5
2016-04-03,09:32:31.249,4.5
2016-04-03,09:32:32.257,4.5
2016-04-03,09:32:33.250,4.5
2016-04-03,09:32:34.257,4.5
2016-04-03,09:32:35.258,4.5
2016-04-03,09:32:36.253,4.5
2016-04-03,09:32:37.262,4.5
2016-04-03,09:32:38.258,4.5
2016-04-03,09:32:39.258,4.5
2016-04-03,09:32:40.258,4.5
2016-04-03,09:32:41.259,4.5
2016-04-03,09:32:42.253,4.5
2016-04-03,09:32:43.276,4.5
2016-04-03,09:32:44.257,4.5
2016-04-03,09:32:45.259,4.5
2016-04-03,09:32:46.261,4.5
2016-04-03,09:32:47.254,4.5
2016-04-03,09:32:48.252,4.5
2016-04-03,09:32:49.249,4.5
2016-04-03,09:32:50.250,4.5
2016-04-03,09:32:51.252,4.5
2016-04-03,09:32:52.252,4.5
2016-04-03,09:32:53.251,4.5
2016-04-03,09:32:54.251,4.5
2016-04-03,09:32:55.254,4.5
2016-04-03,09:32:56.251,4.5
2016-04-03,09:32:57.252,4.5
2016-04-03,09:32:58.250,4.5
2016-04-03,09:32:59.252,4.5
2016-04-03,09:33:00.254,4.5
2016-04-03,09:33:01.252,4.5
2016-04-03,09:33:02.252,4.5
2016-04-03,09:33:03.251,4.5
2016-04-03,09:33:04.250,4.5
2016-04-03,09:33:05.269,4.5
2016-04-03,09:33:06.253,4.5
2016-04-03,09:33:07.253,4.5
2016-04-03,09:33:08.250,4.5
2016-04-03,09:33:09.252,5.4
2016-04-03,09:33:10.251,5.4
2016-04-03,09:33:11.250,6.3
2016-04-03,09:33:12.249,6.3
2016-04-03,09:33:13.254,6.3
2016-04-03,09:33:14.250,5.4
2016-04-03,09:33:15.250,5.4
2016-04-03,09:33:16.250,5.4
2016-04-03,09:33:17.251,5.4
2016-04-03,09:33:18.252,5.4
2016-04-03,09:33:19.252,5.4
2016-04-03,09:33:20.252,5.4
2016-04-03,09:33:21.252,5.4
2016-04-03,09:33:22.255,5.4
2016-04-03,09:33:23.266,5.4
2016-04-03,09:33:24.257,5.4
2016-04-03,09:33:25.258,5.4
2016-04-03,09:33:26.258,5.4
2016-04-03,09:33:27.251,5.4
2016-04-03,09:33:28.252,5.4
2016-04-03,09:33:29.251,5.4
2016-04-03,09:33:30.256,5.4
2016-04-03,09:33:31.254,5.4
2016-04-03,09:33:32.255,5.4
2016-04-03,09:33:33.260,5.4
2016-04-03,09:33:34.259,5.4
2016-04-03,09:33:35.258,5.4
2016-04-03,09:33:36.255,5.4
2016-04-03,09:33:37.258,5.4
2016-04-03,09:33:38.258,5.4
2016-04-03,09:33:39.258,5.4
2016-04-03,09:33:40.249,5.4
2016-04-03,09:33:41.250,5.4
2016-04-03,09:33:42.254,5.4
2016-04-03,09:33:43.251,5.4
2016-04-03,09:33:44.252,5.4
2016-04-03,09:33:45.250,5.4
2016-04-03,09:33:46.310,5.4
2016-04-03,09:33:47.258,5.4
2016-04-03,09:33:48.254,5.4
2016-04-03,09:33:49.250,5.4
2016-04-03,09:33:50.255,5.4
2016-04-03,09:33:51.263,5.4
2016-04-03,09:33:52.251,5.4
2016-04-03,09:33:53.258,5.4
2016-04-03,09:33:54.270,5.4
2016-04-03,09:33:55.266,5.4
2016-04-03,09:33:56.267,5.4
2016-04-03,09:33:57.251,5.4
2016-04-03,09:33:58.268,5.4
2016-04-03,09:33:59.265,5.4
2016-04-03,09:34:00.254,5.4
2016-04-03,09:34:01.259,5.4
2016-04-03,09:34:02.255,5.4
2016-04-03,09:34:03.255,5.4
2016-04-03,09:34:04.266,5.4
2016-04-03,09:34:05.251,5.4
2016-04-03,09:34:06.256,4.5
2016-04-03,09:34:07.255,4.5
2016-04-03,09:34:08.251,5.4
2016-04-03,09:34:09.255,5.4
2016-04-03,09:34:10.257,5.4
2016-04-03,09:34:11.253,5.4
2016-04-03,09:34:12.268,5.4
2016-04-03,09:34:13.286,5.4
2016-04-03,09:34:14.252,5.4
2016-04-03,09:34:15.257,5.4
2016-04-03,09:34:16.253,5.4
2016-04-03,09:34:17.257,5.4
2016-04-03,09:34:18.251,5.4
2016-04-03,09:34:19.261,5.4
2016-04-03,09:34:20.260,4.5
2016-04-03,09:34:21.264,4.5
2016-04-03,09:34:22.252,4.5
2016-04-03,09:34:23.258,4.5
2016-04-03,09:34:24.251,4.5
2016-04-03,09:34:25.250,4.5
2016-04-03,09:34:26.249,4.5
2016-04-03,09:34:27.257,4.5
2016-04-03,09:34:28.252,4.5
2016-04-03,09:34:29.257,4.5
2016-04-03,09:34:30.263,4.5
2016-04-03,09:34:31.264,4.5
2016-04-03,09:34:32.253,4.5
2016-04-03,09:34:33.250,4.5
2016-04-03,09:34:34.251,5.4
2016-04-03,09:34:35.256,5.4
2016-04-03,09:34:36.262,4.5
2016-04-03,09:34:37.258,4.5
2016-04-03,09:34:38.260,4.5
2016-04-03,09:34:39.263,4.5
2016-04-03,09:34:40.257,4.5
2016-04-03,09:34:41.250,4.5
2016-04-03,09:34:42.257,4.5
2016-04-03,09:34:43.268,5.4
2016-04-03,09:34:44.264,5.4
2016-04-03,09:34:45.263,5.4
2016-04-03,09:34:46.260,5.4
2016-04-03,09:34:47.267,5.4
2016-04-03,09:34:48.255,5.4
2016-04-03,09:34:49.251,5.4
2016-04-03,09:34:50.260,5.4
2016-04-03,09:34:51.269,5.4
2016-04-03,09:34:52.252,5.4
2016-04-03,09:34:53.250,5.4
2016-04-03,09:34:54.265,5.4
2016-04-03,09:34:55.258,5.4
2016-04-03,09:34:56.259,5.4
2016-04-03,09:34:57.252,5.4
2016-04-03,09:34:58.254,5.4
2016-04-03,09:34:59.251,5.4
2016-04-03,09:35:00.256,5.4
2016-04-03,09:35:01.252,5.4
2016-04-03,09:35:02.256,5.4
2016-04-03,09:35:03.252,5.4
2016-04-03,09:35:04.251,5.4
2016-04-03,09:35:05.265,5.4
2016-04-03,09:35:06.261,5.4
2016-04-03,09:35:07.258,5.4
2016-04-03,09:35:08.264,5.4
2016-04-03,09:35:09.259,5.4
2016-04-03,09:35:10.261,5.4
2016-04-03,09:35:11.261,4.5
2016-04-03,09:35:12.258,4.5
2016-04-03,09:35:13.253,4.5
2016-04-03,09:35:14.249,4.5
2016-04-03,09:35:15.260,4.5
2016-04-03,09:35:16.258,4.5
2016-04-03,09:35:17.261,4.5
2016-04-03,09:35:18.250,4.5
2016-04-03,09:35:19.258,4.5
2016-04-03,09:35:20.253,4.5
2016-04-03,09:35:21.251,4.5
2016-04-03,09:35:22.250,4.5
2016-04-03,09:35:23.250,4.5
2016-04-03,09:35:24.263,4.5
2016-04-03,09:35:25.269,4.5
2016-04-03,09:35:26.258,4.5
2016-04-03,09:35:27.249,4.5
2016-04-03,09:35:28.256,4.5
2016-04-03,09:35:29.252,4.5
2016-04-03,09:36:01.252,5.4
2016-04-03,09:36:02.258,5.4
2016-04-03,09:36:03.255,5.4
2016-04-03,09:36:04.255,5.4
2016-04-03,09:36:05.261,4.5
2016-04-03,09:36:06.251,4.5
2016-04-03,09:36:07.251,4.5
2016-04-03,09:36:08.253,4.5
2016-04-03,09:36:09.252,4.5
2016-04-03,09:36:10.258,4.5
2016-04-03,09:36:11.254,4.5
2016-04-03,09:36:12.254,4.5
2016-04-03,09:36:13.254,4.5
2016-04-03,09:36:14.251,4.5
2016-04-03,09:36:15.251,4.5
2016-04-03,09:36:16.251,4.5
2016-04-03,09:36:17.254,4.5
2016-04-03,09:36:18.252,4.5
2016-04-03,09:36:19.261,4.5
2016-04-03,09:36:20.252,4.5
2016-04-03,09:36:21.271,4.5
2016-04-03,09:36:22.258,4.5
2016-04-03,09:36:23.252,4.5
2016-04-03,09:36:24.255,4.5
2016-04-03,09:36:25.251,5.4
2016-04-03,09:36:26.255,5.4
2016-04-03,09:36:27.493,5.4
2016-04-03,09:36:28.258,4.5
2016-04-03,09:36:29.260,4.5
2016-04-03,09:36:30.261,4.5
2016-04-03,09:36:31.258,4.5
2016-04-03,09:36:32.250,4.5
2016-04-03,09:36:33.253,4.5
2016-04-03,09:36:34.251,4.5
2016-04-03,09:36:35.254,4.5
2016-04-03,09:36:36.250,4.5
2016-04-03,09:36:37.249,4.5
2016-04-03,09:36:38.258,4.5
2016-04-03,09:36:39.252,4.5
2016-04-03,09:36:40.258,4.5
2016-04-03,09:36:41.252,4.5
2016-04-03,09:36:42.256,4.5
2016-04-03,09:36:43.257,4.5
2016-04-03,09:36:44.258,5.4
2016-04-03,09:36:45.258,4.5
2016-04-03,09:36:46.260,5.4
2016-04-03,09:36:47.254,5.4
2016-04-03,09:36:48.249,5.4
2016-04-03,09:36:49.254,5.4
2016-04-03,09:36:50.251,5.4
2016-04-03,09:36:51.252,5.4
2016-04-03,09:36:52.250,5.4
2016-04-03,09:36:53.254,5.4
2016-04-03,09:36:54.257,4.5
2016-04-03,09:36:55.253,4.5
2016-04-03,09:36:56.256,4.5
2016-04-03,09:36:57.253,4.5
2016-04-03,09:36:58.258,4.5
2016-04-03,09:36:59.261,4.5
2016-04-03,09:37:00.255,4.5
2016-04-03,09:37:01.259,4.5
2016-04-03,09:37:02.265,4.5
2016-04-03,09:37:03.251,4.5
2016-04-03,09:37:04.258,4.5
2016-04-03,09:37:05.258,4.5
2016-04-03,09:37:06.255,4.5
2016-04-03,09:37:07.259,4.5
2016-04-03,09:37:08.254,4.5
2016-04-03,09:37:09.253,4.5
2016-04-03,09:37:10.254,4.5
2016-04-03,09:37:11.258,4.5
2016-04-03,09:37:12.258,4.5
2016-04-03,09:37:13.253,4.5
2016-04-03,09:37:14.253,4.5
2016-04-03,09:37:15.281,4.5
2016-04-03,09:37:16.261,4.5
2016-04-03,09:37:17.253,4.5
2016-04-03,09:37:18.251,4.5
2016-04-03,09:37:19.259,4.5
2016-04-03,09:37:20.250,4.5
2016-04-03,09:37:21.255,4.5
2016-04-03,09:37:22.251,4.5
2016-04-03,09:37:23.259,4.5
2016-04-03,09:37:24.254,4.5
2016-04-03,09:37:25.259,4.5
2016-04-03,09:37:26.268,4.5
2016-04-03,09:37:27.262,4.5
2016-04-03,09:37:28.262,4.5
2016-04-03,09:37:29.254,4.5
2016-04-03,09:37:30.250,4.5
2016-04-03,09:37:31.257,4.5
2016-04-03,09:37:32.258,4.5
2016-04-03,09:37:33.259,4.5
2016-04-03,09:37:34.259,4.5
2016-04-03,09:37:35.253,4.5
2016-04-03,09:37:36.250,4.5
2016-04-03,09:37:37.251,4.5
2016-04-03,09:37:38.250,4.5
2016-04-03,09:37:39.252,4.5
2016-04-03,09:37:40.258,4.5
2016-04-03,09:37:41.259,4.5
2016-04-03,09:37:42.253,4.5
2016-04-03,09:37:43.258,4.5
2016-04-03,09:37:44.253,4.5
2016-04-03,09:37:45.251,4.5
2016-04-03,09:37:46.251,4.5
2016-04-03,09:37:47.262,4.5
2016-04-03,09:37:48.251,4.5
2016-04-03,09:37:49.256,4.5
2016-04-03,09:37:50.260,4.5
2016-04-03,09:37:51.258,4.5
2016-04-03,09:37:52.253,4.5
2016-04-03,09:37:53.250,4.5
2016-04-03,09:37:54.250,4.5
2016-04-03,09:37:55.257,4.5
2016-04-03,09:37:56.254,4.5
2016-04-03,09:37:57.253,4.5
2016-04-03,09:37:58.260,4.5
2016-04-03,09:37:59.260,4.5
2016-04-03,09:38:00.258,4.5
2016-04-03,09:38:01.260,4.5
2016-04-03,09:38:02.252,4.5
2016-04-03,09:38:03.254,4.5
2016-04-03,09:38:04.253,4.5
2016-04-03,09:38:05.252,3.6
2016-04-03,09:38:06.253,4.5
2016-04-03,09:38:07.252,4.5
2016-04-03,09:38:08.253,4.5
2016-04-03,09:38:09.251,4.5
2016-04-03,09:38:10.253,4.5
2016-04-03,09:38:11.251,4.5
2016-04-03,09:38:12.253,4.5
2016-04-03,09:38:13.252,4.5
2016-04-03,09:38:14.252,4.5
2016-04-03,09:38:15.251,4.5
2016-04-03,09:38:16.253,4.5
2016-04-03,09:38:17.252,4.5
2016-04-03,09:38:18.254,4.5
2016-04-03,09:38:19.252,4.5
2016-04-03,09:38:20.252,4.5
2016-04-03,09:38:21.252,4.5
2016-04-03,09:38:22.268,4.5
2016-04-03,09:38:23.253,4.5
2016-04-03,09:38:24.253,4.5
2016-04-03,09:38:25.251,4.5
2016-04-03,09:38:26.252,4.5
2016-04-03,09:38:27.250,4.5
2016-04-03,09:38:28.251,4.5
2016-04-03,09:38:29.252,4.5
2016-04-03,09:38:30.252,4.5
2016-04-03,09:38:31.254,4.5
2016-04-03,09:38:32.252,4.5
2016-04-03,09:38:33.252,4.5
2016-04-03,09:38:34.252,4.5
2016-04-03,09:38:35.252,4.5
2016-04-03,09:38:36.252,4.5
2016-04-03,09:38:37.252,4.5
2016-04-03,09:38:38.257,4.5
2016-04-03,09:38:39.252,5.4
2016-04-03,09:38:40.252,5.4
2016-04-03,09:38:41.252,5.4
2016-04-03,09:38:42.253,5.4
2016-04-03,09:38:43.252,5.4
2016-04-03,09:38:44.253,5.4
2016-04-03,09:38:45.252,5.4
2016-04-03,09:38:46.253,5.4
2016-04-03,09:38:47.253,5.4
2016-04-03,09:38:48.252,5.4
2016-04-03,09:38:49.253,5.4
2016-04-03,09:38:50.253,5.4
2016-04-03,09:38:51.258,5.4
2016-04-03,09:38:52.266,5.4
2016-04-03,09:38:53.261,5.4
2016-04-03,09:38:54.251,5.4
2016-04-03,09:38:55.257,5.4
2016-04-03,09:38:56.263,5.4
2016-04-03,09:38:57.260,5.4
2016-04-03,09:38:58.251,5.4
2016-04-03,09:38:59.260,4.5
2016-04-03,09:39:00.251,4.5
2016-04-03,09:39:01.253,4.5
2016-04-03,09:39:02.260,4.5
2016-04-03,09:39:03.260,4.5
2016-04-03,09:39:04.259,4.5
2016-04-03,09:39:05.273,4.5
2016-04-03,09:39:06.253,4.5
2016-04-03,09:39:07.250,4.5
2016-04-03,09:39:08.255,4.5
2016-04-03,09:39:09.252,4.5
2016-04-03,09:39:10.251,4.5
2016-04-03,09:39:11.260,4.5
2016-04-03,09:39:12.265,4.5
2016-04-03,09:39:13.251,4.5
2016-04-03,09:39:14.250,4.5
2016-04-03,09:39:15.251,4.5
2016-04-03,09:39:16.259,4.5
2016-04-03,09:39:17.252,4.5
2016-04-03,09:39:18.250,4.5
2016-04-03,09:39:19.260,4.5
2016-04-03,09:39:20.263,4.5
2016-04-03,09:39:21.250,4.5
2016-04-03,09:39:22.252,4.5
2016-04-03,09:39:23.252,4.5
2016-04-03,09:39:24.252,4.5
2016-04-03,09:39:25.250,4.5
2016-04-03,09:39:26.260,4.5
2016-04-03,09:39:27.263,4.5
2016-04-03,09:39:28.259,4.5
2016-04-03,09:39:29.260,4.5
2016-04-03,09:39:30.253,4.5
2016-04-03,09:39:31.251,4.5
2016-04-03,09:39:32.251,4.5
2016-04-03,09:39:33.262,4.5
2016-04-03,09:39:34.258,4.5
2016-04-03,09:39:35.264,4.5
2016-04-03,09:39:36.254,4.5
2016-04-03,09:39:37.260,4.5
2016-04-03,09:39:38.260,4.5
2016-04-03,09:39:39.251,4.5
2016-04-03,09:39:40.261,4.5
2016-04-03,09:39:41.260,4.5
2016-04-03,09:39:42.259,5.4
2016-04-03,09:39:43.268,5.4
2016-04-03,09:39:44.251,5.4
2016-04-03,09:39:45.252,5.4
2016-04-03,09:39:46.252,5.4
2016-04-03,09:39:47.252,5.4
2016-04-03,09:39:48.265,5.4
2016-04-03,09:39:49.259,5.4
2016-04-03,09:39:50.281,5.4
2016-04-03,09:39:51.252,5.4
2016-04-03,09:39:52.259,5.4
2016-04-03,09:39:53.260,5.4
2016-04-03,09:39:54.253,5.4
2016-04-03,09:39:55.252,5.4
2016-04-03,09:39:56.251,5.4
2016-04-03,09:39:57.252,5.4
2016-04-03,09:39:58.278,5.4
2016-04-03,09:39:59.257,5.4
2016-04-03,09:40:00.391,5.4
2016-04-03,09:40:01.252,5.4
2016-04-03,09:40:02.252,5.4
2016-04-03,09:40:03.261,5.4
2016-04-03,09:40:04.261,4.5
2016-04-03,09:40:05.280,4.5
2016-04-03,09:40:06.256,4.5
2016-04-03,09:40:07.259,4.5
2016-04-03,09:40:08.290,4.5
2016-04-03,09:40:09.257,4.5
2016-04-03,09:40:10.257,4.5
2016-04-03,09:40:11.253,4.5
2016-04-03,09:40:12.259,4.5
2016-04-03,09:40:13.265,4.5
2016-04-03,09:40:14.260,4.5
2016-04-03,09:40:15.261,4.5
2016-04-03,09:40:16.253,4.5
2016-04-03,09:40:17.251,4.5
2016-04-03,09:40:18.317,4.5
2016-04-03,09:40:19.253,4.5
2016-04-03,09:40:20.260,4.5
2016-04-03,09:40:21.253,4.5
2016-04-03,09:40:22.250,4.5
2016-04-03,09:40:23.264,4.5
2016-04-03,09:40:24.260,4.5
2016-04-03,09:40:25.251,4.5
2016-04-03,09:40:26.251,4.5
2016-04-03,09:40:27.252,4.5
2016-04-03,09:40:28.270,4.5
2016-04-03,09:40:29.258,4.5
2016-04-03,09:41:02.255,4.5
2016-04-03,09:41:03.255,4.5
2016-04-03,09:41:04.253,4.5
2016-04-03,09:41:05.262,4.5
2016-04-03,09:41:06.254,4.5
2016-04-03,09:41:07.255,4.5
2016-04-03,09:41:08.256,4.5
2016-04-03,09:41:09.254,4.5
2016-04-03,09:41:10.256,4.5
2016-04-03,09:41:11.255,4.5
2016-04-03,09:41:12.259,4.5
2016-04-03,09:41:13.256,4.5
2016-04-03,09:41:14.255,4.5
2016-04-03,09:41:15.252,4.5
2016-04-03,09:41:16.255,4.5
2016-04-03,09:41:17.251,4.5
2016-04-03,09:41:18.254,4.5
2016-04-03,09:41:19.270,4.5
2016-04-03,09:41:20.253,4.5
2016-04-03,09:41:21.254,4.5
2016-04-03,09:41:22.254,4.5
2016-04-03,09:41:23.254,4.5
2016-04-03,09:41:24.255,0.0
2016-04-03,09:41:25.256,0.0
2016-04-03,09:41:26.257,2.7
2016-04-03,09:41:27.254,2.7
2016-04-03,09:41:28.359,3.6
2016-04-03,09:41:29.258,3.6
2016-04-03,09:41:30.257,3.6
2016-04-03,09:41:31.252,3.6
2016-04-03,09:41:32.254,4.5
2016-04-03,09:41:33.359,4.5
2016-04-03,09:41:34.254,4.5
2016-04-03,09:41:35.252,4.5
2016-04-03,09:41:36.253,4.5
2016-04-03,09:41:37.252,4.5
2016-04-03,09:41:38.253,4.5
2016-04-03,09:41:39.254,4.5
2016-04-03,09:41:40.369,4.5
2016-04-03,09:41:41.254,3.6
2016-04-03,09:41:42.254,3.6
2016-04-03,09:41:43.257,3.6
2016-04-03,09:41:44.259,3.6
2016-04-03,09:41:45.261,3.6
2016-04-03,09:41:46.260,3.6
2016-04-03,09:41:47.369,3.6
2016-04-03,09:41:48.254,3.6
2016-04-03,09:41:49.251,3.6
2016-04-03,09:41:50.254,3.6
2016-04-03,09:41:51.259,3.6
2016-04-03,09:41:52.260,0.0
2016-04-03,09:41:53.253,0.0
2016-04-03,09:41:54.348,0.0
2016-04-03,09:41:55.254,0.0
2016-04-03,09:41:56.260,0.0
2016-04-03,09:41:57.257,0.0
2016-04-03,09:41:58.254,0.0
2016-04-03,09:41:59.256,0.0
2016-04-03,09:42:00.310,1.8
2016-04-03,09:42:01.365,2.7
2016-04-03,09:42:02.253,2.7
2016-04-03,09:42:03.253,4.5
2016-04-03,09:42:04.253,4.5
2016-04-03,09:42:05.254,4.5
2016-04-03,09:42:06.262,3.6
2016-04-03,09:42:07.252,3.6
2016-04-03,09:42:08.367,2.7
2016-04-03,09:42:09.252,2.7
2016-04-03,09:42:10.256,2.7
2016-04-03,09:42:11.252,2.7
2016-04-03,09:42:12.252,2.7
2016-04-03,09:42:13.254,1.8
2016-04-03,09:42:14.253,1.8
2016-04-03,09:42:15.362,1.8
2016-04-03,09:42:16.253,1.8
2016-04-03,09:42:17.252,1.8
2016-04-03,09:42:18.257,2.7
2016-04-03,09:42:19.255,1.8
2016-04-03,09:42:20.254,1.8
2016-04-03,09:42:21.254,1.8
2016-04-03,09:42:22.376,1.8
2016-04-03,09:42:23.252,1.8
2016-04-03,09:42:24.253,1.8
2016-04-03,09:42:25.252,1.8
2016-04-03,09:42:26.255,1.8
2016-04-03,09:42:27.253,1.8
2016-04-03,09:42:28.253,1.8
2016-04-03,09:42:29.369,1.8
2016-04-03,09:42:30.253,1.8
2016-04-03,09:42:31.260,1.8
2016-04-03,09:42:32.260,1.8
2016-04-03,09:42:33.252,1.8
2016-04-03,09:42:34.289,1.8
2016-04-03,09:42:35.252,1.8
2016-04-03,09:42:36.380,1.8
2016-04-03,09:42:37.253,1.8
2016-04-03,09:42:38.252,1.8
2016-04-03,09:42:39.267,1.8
2016-04-03,09:42:40.264,1.8
2016-04-03,09:42:41.252,1.8
2016-04-03,09:42:42.251,1.8
2016-04-03,09:42:43.391,1.8
2016-04-03,09:42:44.252,1.8
2016-04-03,09:42:45.258,1.8
2016-04-03,09:42:46.258,1.8
2016-04-03,09:42:47.255,1.8
2016-04-03,09:42:48.256,1.8
2016-04-03,09:42:49.259,1.8
2016-04-03,09:42:50.390,1.8
2016-04-03,09:42:51.254,2.7
2016-04-03,09:42:52.251,2.7
2016-04-03,09:42:53.262,2.7
2016-04-03,09:42:54.251,2.7
2016-04-03,09:42:55.253,2.7
2016-04-03,09:42:56.258,2.7
2016-04-03,09:42:57.351,2.7
2016-04-03,09:42:58.253,2.7
2016-04-03,09:42:59.253,2.7
2016-04-03,09:43:00.252,2.7
2016-04-03,09:43:01.259,2.7
2016-04-03,09:43:02.261,2.7
2016-04-03,09:43:03.261,2.7
2016-04-03,09:43:04.336,2.7
2016-04-03,09:43:05.259,2.7
2016-04-03,09:43:06.262,2.7
2016-04-03,09:43:07.264,2.7
2016-04-03,09:43:08.252,2.7
2016-04-03,09:43:09.260,2.7
2016-04-03,09:43:10.268,2.7
2016-04-03,09:43:11.370,2.7
2016-04-03,09:43:12.261,2.7
2016-04-03,09:43:13.265,2.7
2016-04-03,09:43:14.267,2.7
2016-04-03,09:43:15.253,2.7
2016-04-03,09:43:16.252,2.7
2016-04-03,09:43:17.252,2.7
2016-04-03,09:43:18.354,2.7
2016-04-03,09:43:19.265,2.7
2016-04-03,09:43:20.260,2.7
2016-04-03,09:43:21.263,2.7
2016-04-03,09:43:22.253,2.7
2016-04-03,09:43:23.252,2.7
2016-04-03,09:43:24.253,2.7
2016-04-03,09:43:25.368,2.7
2016-04-03,09:43:26.260,2.7
2016-04-03,09:43:27.264,2.7
2016-04-03,09:43:28.263,2.7
2016-04-03,09:43:29.263,2.7
2016-04-03,09:43:30.260,2.7
2016-04-03,09:43:31.269,2.7
2016-04-03,09:43:32.366,2.7
2016-04-03,09:43:33.252,2.7
2016-04-03,09:43:34.256,2.7
2016-04-03,09:43:35.259,2.7
2016-04-03,09:43:36.251,2.7
2016-04-03,09:43:37.261,4.5
2016-04-03,09:43:38.263,4.5
2016-04-03,09:43:39.397,4.5
2016-04-03,09:43:40.253,4.5
2016-04-03,09:43:41.264,4.5
2016-04-03,09:43:42.260,4.5
2016-04-03,09:43:43.259,3.6
2016-04-03,09:43:44.264,3.6
2016-04-03,09:43:45.254,3.6
2016-04-03,09:43:46.346,3.6
2016-04-03,09:43:47.262,3.6
2016-04-03,09:43:48.255,3.6
2016-04-03,09:43:49.265,4.5
2016-04-03,09:43:50.269,4.5
2016-04-03,09:43:51.253,4.5
2016-04-03,09:43:52.261,4.5
2016-04-03,09:43:53.366,4.5
2016-04-03,09:43:54.260,4.5
2016-04-03,09:43:55.254,4.5
2016-04-03,09:43:56.252,4.5
2016-04-03,09:43:57.254,5.4
2016-04-03,09:43:58.254,5.4
2016-04-03,09:43:59.255,4.5
2016-04-03,09:44:00.348,5.4
2016-04-03,09:44:01.253,5.4
2016-04-03,09:44:02.256,5.4
2016-04-03,09:44:03.253,5.4
2016-04-03,09:44:04.253,5.4
2016-04-03,09:44:05.264,5.4
2016-04-03,09:44:06.254,5.4
2016-04-03,09:44:07.355,5.4
2016-04-03,09:44:08.258,5.4
2016-04-03,09:44:09.257,5.4
2016-04-03,09:44:10.252,5.4
2016-04-03,09:44:11.259,5.4
2016-04-03,09:44:12.253,5.4
2016-04-03,09:44:13.256,5.4
2016-04-03,09:44:14.361,5.4
2016-04-03,09:44:15.256,5.4
2016-04-03,09:44:16.256,5.4
2016-04-03,09:44:17.263,5.4
2016-04-03,09:44:18.254,5.4
2016-04-03,09:44:19.254,5.4
2016-04-03,09:44:20.255,5.4
2016-04-03,09:44:21.336,5.4
2016-04-03,09:44:22.253,5.4
2016-04-03,09:44:23.255,4.5
2016-04-03,09:44:24.261,2.7
2016-04-03,09:44:25.254,3.6
2016-04-03,09:44:26.257,3.6
2016-04-03,09:44:27.255,4.5
2016-04-03,09:44:28.347,3.6
2016-04-03,09:44:29.262,3.6
2016-04-03,09:44:30.254,4.5
2016-04-03,09:44:31.253,4.5
2016-04-03,09:44:32.254,4.5
2016-04-03,09:44:33.254,4.5
2016-04-03,09:44:34.254,4.5
2016-04-03,09:44:35.257,4.5
2016-04-03,09:44:36.252,4.5
2016-04-03,09:44:37.255,4.5
2016-04-03,09:44:38.259,4.5
2016-04-03,09:44:39.258,4.5
2016-04-03,09:44:40.252,4.5
2016-04-03,09:44:41.253,4.5
2016-04-03,09:44:42.255,4.5
2016-04-03,09:44:43.254,4.5
2016-04-03,09:44:44.252,4.5
2016-04-03,09:44:45.260,4.5
2016-04-03,09:44:46.255,4.5
2016-04-03,09:44:47.259,4.5
2016-04-03,09:44:48.254,5.4
2016-04-03,09:44:49.260,5.4
2016-04-03,09:44:50.254,5.4
2016-04-03,09:44:51.254,5.4
2016-04-03,09:44:52.259,5.4
2016-04-03,09:44:53.259,5.4
2016-04-03,09:44:54.254,5.4
2016-04-03,09:44:55.264,5.4
2016-04-03,09:44:56.255,5.4
2016-04-03,09:44:57.254,5.4
2016-04-03,09:44:58.255,5.4
2016-04-03,09:44:59.264,5.4
2016-04-03,09:45:00.425,5.4
2016-04-03,09:45:01.253,5.4
2016-04-03,09:45:02.256,5.4
2016-04-03,09:45:03.254,5.4
2016-04-03,09:45:04.256,5.4
2016-04-03,09:45:05.256,5.4
2016-04-03,09:45:06.260,5.4
2016-04-03,09:45:07.255,5.4
2016-04-03,09:45:08.254,5.4
2016-04-03,09:45:09.257,5.4
2016-04-03,09:45:10.255,5.4
2016-04-03,09:45:11.253,5.4
2016-04-03,09:45:12.257,5.4
2016-04-03,09:45:13.268,5.4
2016-04-03,09:45:14.256,5.4
2016-04-03,09:45:15.255,5.4
2016-04-03,09:45:16.254,5.4
2016-04-03,09:45:17.254,5.4
2016-04-03,09:45:18.256,4.5
2016-04-03,09:45:19.253,4.5
2016-04-03,09:45:20.261,4.5
2016-04-03,09:45:21.252,5.4
2016-04-03,09:45:22.254,4.5
2016-04-03,09:45:23.256,4.5
2016-04-03,09:45:24.257,4.5
2016-04-03,09:45:25.256,4.5
2016-04-03,09:45:26.254,4.5
2016-04-03,09:45:27.258,4.5
2016-04-03,09:45:28.256,4.5
2016-04-03,09:45:29.254,4.5
2016-04-03,09:45:30.255,4.5
2016-04-03,09:46:02.257,4.5
2016-04-03,09:46:03.253,4.5
2016-04-03,09:46:04.254,4.5
2016-04-03,09:46:05.254,4.5
2016-04-03,09:46:06.324,4.5
2016-04-03,09:46:07.253,3.6
2016-04-03,09:46:08.254,3.6
2016-04-03,09:46:09.253,3.6
2016-04-03,09:46:10.254,3.6
2016-04-03,09:46:11.253,3.6
2016-04-03,09:46:12.254,3.6
2016-04-03,09:46:13.253,3.6
2016-04-03,09:46:14.254,3.6
2016-04-03,09:46:15.255,3.6
2016-04-03,09:46:16.254,3.6
2016-04-03,09:46:17.254,3.6
2016-04-03,09:46:18.255,3.6
2016-04-03,09:46:19.253,3.6
2016-04-03,09:46:20.254,3.6
2016-04-03,09:46:21.255,3.6
2016-04-03,09:46:22.254,5.4
2016-04-03,09:46:23.258,5.4
2016-04-03,09:46:24.253,5.4
2016-04-03,09:46:25.253,4.5
2016-04-03,09:46:26.254,4.5
2016-04-03,09:46:27.253,4.5
2016-04-03,09:46:28.255,4.5
2016-04-03,09:46:29.254,4.5
2016-04-03,09:46:30.257,4.5
2016-04-03,09:46:31.256,5.4
2016-04-03,09:46:32.255,5.4
2016-04-03,09:46:33.258,5.4
2016-04-03,09:46:34.254,4.5
2016-04-03,09:46:35.254,5.4
2016-04-03,09:46:36.255,5.4
2016-04-03,09:46:37.257,5.4
2016-04-03,09:46:38.256,5.4
2016-04-03,09:46:39.254,5.4
2016-04-03,09:46:40.256,5.4
2016-04-03,09:46:41.254,5.4
2016-04-03,09:46:42.255,5.4
2016-04-03,09:46:43.254,5.4
2016-04-03,09:46:44.258,5.4
2016-04-03,09:46:45.252,5.4
2016-04-03,09:46:46.251,5.4
2016-04-03,09:46:47.254,5.4
2016-04-03,09:46:48.254,5.4
2016-04-03,09:46:49.254,5.4
2016-04-03,09:46:50.254,5.4
2016-04-03,09:46:51.259,5.4
2016-04-03,09:46:52.255,5.4
2016-04-03,09:46:53.254,5.4
2016-04-03,09:46:54.253,5.4
2016-04-03,09:46:55.253,5.4
2016-04-03,09:46:56.253,5.4
2016-04-03,09:46:57.254,5.4
2016-04-03,09:46:58.256,5.4
2016-04-03,09:46:59.253,5.4
2016-04-03,09:47:00.254,5.4
2016-04-03,09:47:01.252,5.4
2016-04-03,09:47:02.255,5.4
2016-04-03,09:47:03.253,5.4
2016-04-03,09:47:04.255,5.4
2016-04-03,09:47:05.263,5.4
2016-04-03,09:47:06.253,5.4
2016-04-03,09:47:07.253,5.4
2016-04-03,09:47:08.254,5.4
2016-04-03,09:47:09.254,5.4
2016-04-03,09:47:10.254,5.4
2016-04-03,09:47:11.254,5.4
2016-04-03,09:47:12.253,5.4
2016-04-03,09:47:13.253,5.4
2016-04-03,09:47:14.254,5.4
2016-04-03,09:47:15.253,5.4
2016-04-03,09:47:16.254,5.4
2016-04-03,09:47:17.253,5.4
2016-04-03,09:47:18.255,5.4
2016-04-03,09:47:19.253,5.4
2016-04-03,09:47:20.255,5.4
2016-04-03,09:47:21.255,5.4
2016-04-03,09:47:22.253,5.4
2016-04-03,09:47:23.254,5.4
2016-04-03,09:47:24.254,5.4
2016-04-03,09:47:25.253,5.4
2016-04-03,09:47:26.257,4.5
2016-04-03,09:47:27.254,4.5
2016-04-03,09:47:28.254,4.5
2016-04-03,09:47:29.254,4.5
2016-04-03,09:47:30.254,4.5
2016-04-03,09:47:31.254,4.5
2016-04-03,09:47:32.253,3.6
2016-04-03,09:47:33.253,3.6
2016-04-03,09:47:34.254,3.6
2016-04-03,09:47:35.253,3.6
2016-04-03,09:47:36.258,3.6
2016-04-03,09:47:37.253,3.6
2016-04-03,09:47:38.254,3.6
2016-04-03,09:47:39.254,3.6
2016-04-03,09:47:40.263,4.5
2016-04-03,09:47:41.253,5.4
2016-04-03,09:47:42.254,5.4
2016-04-03,09:47:43.257,5.4
2016-04-03,09:47:44.255,5.4
2016-04-03,09:47:45.256,5.4
2016-04-03,09:47:46.257,5.4
2016-04-03,09:47:47.254,5.4
2016-04-03,09:47:48.254,5.4
2016-04-03,09:47:49.254,2.7
2016-04-03,09:47:50.253,2.7
2016-04-03,09:47:51.255,2.7
2016-04-03,09:47:52.254,2.7
2016-04-03,09:47:53.269,2.7
2016-04-03,09:47:54.254,3.6
2016-04-03,09:47:55.256,3.6
2016-04-03,09:47:56.253,3.6
2016-04-03,09:47:57.260,3.6
2016-04-03,09:47:58.254,3.6
2016-04-03,09:47:59.254,3.6
2016-04-03,09:48:00.253,3.6
2016-04-03,09:48:01.257,3.6
2016-04-03,09:48:02.253,3.6
2016-04-03,09:48:03.253,5.4
2016-04-03,09:48:04.257,4.5
2016-04-03,09:48:05.314,4.5
2016-04-03,09:48:06.254,5.4
2016-04-03,09:48:07.257,5.4
2016-04-03,09:48:08.255,5.4
2016-04-03,09:48:09.255,5.4
2016-04-03,09:48:10.253,5.4
2016-04-03,09:48:11.257,5.4
2016-04-03,09:48:12.255,5.4
2016-04-03,09:48:13.254,5.4
2016-04-03,09:48:14.254,5.4
2016-04-03,09:48:15.255,5.4
2016-04-03,09:48:16.254,5.4
2016-04-03,09:48:17.255,5.4
2016-04-03,09:48:18.268,5.4
2016-04-03,09:48:19.254,5.4
2016-04-03,09:48:20.253,5.4
2016-04-03,09:48:21.256,5.4
2016-04-03,09:48:22.258,5.4
2016-04-03,09:48:23.256,5.4
2016-04-03,09:48:24.258,5.4
2016-04-03,09:48:25.259,5.4
2016-04-03,09:48:26.258,5.4
2016-04-03,09:48:27.256,5.4
2016-04-03,09:48:28.256,5.4
2016-04-03,09:48:29.256,5.4
2016-04-03,09:48:30.254,5.4
2016-04-03,09:48:31.258,5.4
2016-04-03,09:48:32.263,5.4
2016-04-03,09:48:33.254,5.4
2016-04-03,09:48:34.258,5.4
2016-04-03,09:48:35.257,5.4
2016-04-03,09:48:36.258,5.4
2016-04-03,09:48:37.255,5.4
2016-04-03,09:48:38.259,5.4
2016-04-03,09:48:39.259,5.4
2016-04-03,09:48:40.259,5.4
2016-04-03,09:48:41.255,5.4
2016-04-03,09:48:42.254,5.4
2016-04-03,09:48:43.254,5.4
2016-04-03,09:48:44.255,5.4
2016-04-03,09:48:45.259,5.4
2016-04-03,09:48:46.258,5.4
2016-04-03,09:48:47.257,5.4
2016-04-03,09:48:48.253,5.4
2016-04-03,09:48:49.254,5.4
2016-04-03,09:48:50.253,5.4
2016-04-03,09:48:51.254,5.4
2016-04-03,09:48:52.254,5.4
2016-04-03,09:48:53.257,5.4
2016-04-03,09:48:54.254,5.4
2016-04-03,09:48:55.254,5.4
2016-04-03,09:48:56.254,5.4
2016-04-03,09:48:57.254,5.4
2016-04-03,09:48:58.253,5.4
2016-04-03,09:48:59.254,5.4
2016-04-03,09:49:00.257,5.4
2016-04-03,09:49:01.258,5.4
2016-04-03,09:49:02.253,5.4
2016-04-03,09:49:03.254,5.4
2016-04-03,09:49:04.255,5.4
2016-04-03,09:49:05.257,5.4
2016-04-03,09:49:06.264,5.4
2016-04-03,09:49:07.259,5.4
2016-04-03,09:49:08.257,5.4
2016-04-03,09:49:09.263,5.4
2016-04-03,09:49:10.253,5.4
2016-04-03,09:49:11.255,5.4
2016-04-03,09:49:12.254,5.4
2016-04-03,09:49:13.255,5.4
2016-04-03,09:49:14.264,5.4
2016-04-03,09:49:15.263,5.4
2016-04-03,09:49:16.258,5.4
2016-04-03,09:49:17.256,5.4
2016-04-03,09:49:18.266,5.4
2016-04-03,09:49:19.254,5.4
2016-04-03,09:49:20.268,5.4
2016-04-03,09:49:21.265,5.4
2016-04-03,09:49:22.257,5.4
2016-04-03,09:49:23.254,5.4
2016-04-03,09:49:24.256,5.4
2016-04-03,09:49:25.255,5.4
2016-04-03,09:49:26.256,5.4
2016-04-03,09:49:27.254,5.4
2016-04-03,09:49:28.259,5.4
2016-04-03,09:49:29.260,5.4
2016-04-03,09:49:30.254,5.4
2016-04-03,09:49:31.259,5.4
2016-04-03,09:49:32.263,5.4
2016-04-03,09:49:33.264,5.4
2016-04-03,09:49:34.261,5.4
2016-04-03,09:49:35.265,5.4
2016-04-03,09:49:36.255,5.4
2016-04-03,09:49:37.258,5.4
2016-04-03,09:49:38.261,4.5
2016-04-03,09:49:39.255,4.5
2016-04-03,09:49:40.258,4.5
2016-04-03,09:49:41.259,4.5
2016-04-03,09:49:42.268,5.4
2016-04-03,09:49:43.261,5.4
2016-04-03,09:49:44.256,5.4
2016-04-03,09:49:45.260,5.4
2016-04-03,09:49:46.265,5.4
2016-04-03,09:49:47.259,5.4
2016-04-03,09:49:48.264,5.4
2016-04-03,09:49:49.257,5.4
2016-04-03,09:49:50.253,5.4
2016-04-03,09:49:51.255,5.4
2016-04-03,09:49:52.254,5.4
2016-04-03,09:49:53.256,5.4
2016-04-03,09:49:54.264,5.4
2016-04-03,09:49:55.255,5.4
2016-04-03,09:49:56.289,5.4
2016-04-03,09:49:57.254,5.4
2016-04-03,09:49:58.255,5.4
2016-04-03,09:49:59.255,5.4
2016-04-03,09:50:00.253,5.4
2016-04-03,09:50:01.255,5.4
2016-04-03,09:50:02.255,5.4
2016-04-03,09:50:03.260,5.4
2016-04-03,09:50:04.255,5.4
2016-04-03,09:50:05.262,5.4
2016-04-03,09:50:06.255,5.4
2016-04-03,09:50:07.257,5.4
2016-04-03,09:50:08.254,4.5
2016-04-03,09:50:09.257,4.5
2016-04-03,09:50:10.257,4.5
2016-04-03,09:50:11.255,4.5
2016-04-03,09:50:12.254,4.5
2016-04-03,09:50:13.255,4.5
2016-04-03,09:50:14.255,4.5
2016-04-03,09:50:15.254,5.4
2016-04-03,09:50:16.253,5.4
2016-04-03,09:50:17.259,5.4
2016-04-03,09:50:18.257,5.4
2016-04-03,09:50:19.255,5.4
2016-04-03,09:50:20.255,5.4
2016-04-03,09:50:21.256,5.4
2016-04-03,09:50:22.254,5.4
2016-04-03,09:50:23.255,5.4
2016-04-03,09:50:24.257,5.4
2016-04-03,09:50:25.255,5.4
2016-04-03,09:50:26.254,5.4
2016-04-03,09:50:27.253,5.4
2016-04-03,09:50:28.254,5.4
2016-04-03,09:50:29.254,4.5
2016-04-03,09:50:30.255,4.5
2016-04-03,09:50:31.254,5.4
2016-04-03,09:51:03.253,0.0
2016-04-03,09:51:04.254,1.8
2016-04-03,09:51:05.255,2.7
2016-04-03,09:51:06.257,3.6
2016-04-03,09:51:07.254,4.5
2016-04-03,09:51:08.256,4.5
2016-04-03,09:51:09.259,4.5
2016-04-03,09:51:10.254,4.5
2016-04-03,09:51:11.255,4.5
2016-04-03,09:51:12.254,5.4
2016-04-03,09:51:13.254,5.4
2016-04-03,09:51:14.254,5.4
2016-04-03,09:51:15.254,5.4
2016-04-03,09:51:16.270,5.4
2016-04-03,09:51:17.254,5.4
2016-04-03,09:51:18.255,5.4
2016-04-03,09:51:19.254,5.4
2016-04-03,09:51:20.256,5.4
2016-04-03,09:51:21.255,5.4
2016-04-03,09:51:22.255,4.5
2016-04-03,09:51:23.257,4.5
2016-04-03,09:51:24.254,4.5
2016-04-03,09:51:25.257,4.5
2016-04-03,09:51:26.254,4.5
2016-04-03,09:51:27.253,4.5
2016-04-03,09:51:28.254,4.5
2016-04-03,09:51:29.252,4.5
2016-04-03,09:51:30.253,4.5
2016-04-03,09:51:31.254,4.5
2016-04-03,09:51:32.254,4.5
2016-04-03,09:51:33.255,4.5
2016-04-03,09:51:34.254,4.5
2016-04-03,09:51:35.253,4.5
2016-04-03,09:51:36.254,4.5
2016-04-03,09:51:37.259,4.5
2016-04-03,09:51:38.255,4.5
2016-04-03,09:51:39.253,4.5
2016-04-03,09:51:40.255,4.5
2016-04-03,09:51:41.254,4.5
2016-04-03,09:51:42.254,4.5
2016-04-03,09:51:43.253,4.5
2016-04-03,09:51:44.258,4.5
2016-04-03,09:51:45.256,4.5
2016-04-03,09:51:46.255,4.5
2016-04-03,09:51:47.255,5.4
2016-04-03,09:51:48.253,5.4
2016-04-03,09:51:49.254,4.5
2016-04-03,09:51:50.254,4.5
2016-04-03,09:51:51.259,4.5
2016-04-03,09:51:52.253,4.5
2016-04-03,09:51:53.255,4.5
2016-04-03,09:51:54.254,4.5
2016-04-03,09:51:55.255,4.5
2016-04-03,09:51:56.255,4.5
2016-04-03,09:51:57.255,4.5
2016-04-03,09:51:58.255,4.5
2016-04-03,09:51:59.253,4.5
2016-04-03,09:52:00.258,2.7
2016-04-03,09:52:01.255,3.6
2016-04-03,09:52:02.258,3.6
2016-04-03,09:52:03.256,3.6
2016-04-03,09:52:04.255,3.6
2016-04-03,09:52:05.267,3.6
2016-04-03,09:52:06.256,3.6
2016-04-03,09:52:07.256,3.6
2016-04-03,09:52:08.256,3.6
2016-04-03,09:52:09.277,3.6
2016-04-03,09:52:10.254,3.6
2016-04-03,09:52:11.255,3.6
2016-04-03,09:52:12.258,3.6
2016-04-03,09:52:13.255,4.5
2016-04-03,09:52:14.255,4.5
2016-04-03,09:52:15.255,5.4
2016-04-03,09:52:16.255,5.4
2016-04-03,09:52:17.254,5.4
2016-04-03,09:52:18.253,5.4
2016-04-03,09:52:19.257,5.4
2016-04-03,09:52:20.256,5.4
2016-04-03,09:52:21.256,5.4
2016-04-03,09:52:22.255,5.4
2016-04-03,09:52:23.267,5.4
2016-04-03,09:52:24.254,5.4
2016-04-03,09:52:25.254,5.4
2016-04-03,09:52:26.260,5.4
2016-04-03,09:52:27.252,5.4
2016-04-03,09:52:28.253,5.4
2016-04-03,09:52:29.288,5.4
2016-04-03,09:52:30.417,5.4
2016-04-03,09:52:31.254,5.4
2016-04-03,09:52:32.254,5.4
2016-04-03,09:52:33.267,5.4
2016-04-03,09:52:34.256,5.4
2016-04-03,09:52:35.264,5.4
2016-04-03,09:52:36.260,5.4
2016-04-03,09:52:37.254,5.4
2016-04-03,09:52:38.254,5.4
2016-04-03,09:52:39.300,5.4
2016-04-03,09:52:40.257,5.4
2016-04-03,09:52:41.253,5.4
2016-04-03,09:52:42.255,4.5
2016-04-03,09:52:43.255,4.5
2016-04-03,09:52:44.256,4.5
2016-04-03,09:52:45.254,4.5
2016-04-03,09:52:46.257,4.5
2016-04-03,09:52:47.260,5.4
2016-04-03,09:52:48.254,5.4
2016-04-03,09:52:49.313,5.4
2016-04-03,09:52:50.254,5.4
2016-04-03,09:52:51.254,5.4
2016-04-03,09:52:52.267,5.4
2016-04-03,09:52:53.262,5.4
2016-04-03,09:52:54.263,5.4
2016-04-03,09:53:01.268,5.4
2016-04-03,09:53:01.278,5.4
2016-04-03,09:53:01.284,5.4
2016-04-03,09:53:01.289,5.4
2016-04-03,09:53:01.295,5.4
2016-04-03,09:53:04.065,5.4
2016-04-03,09:53:04.070,5.4
2016-04-03,09:53:04.087,6.3
2016-04-03,09:53:04.100,6.3
2016-04-03,09:53:04.436,6.3
2016-04-03,09:53:05.259,6.3
2016-04-03,09:53:08.074,6.3
2016-04-03,09:53:08.078,6.3
2016-04-03,09:53:08.256,6.3
2016-04-03,09:53:09.432,6.3
2016-04-03,09:53:10.677,6.3
2016-04-03,09:53:11.255,6.3
2016-04-03,09:53:12.257,6.3
2016-04-03,09:53:13.256,6.3
2016-04-03,09:53:14.254,5.4
2016-04-03,09:53:15.257,5.4
2016-04-03,09:53:16.637,5.4
2016-04-03,09:53:17.253,5.4
2016-04-03,09:53:18.254,5.4
2016-04-03,09:53:19.261,5.4
2016-04-03,09:53:20.255,5.4
2016-04-03,09:53:21.319,5.4
2016-04-03,09:53:22.290,5.4
2016-04-03,09:53:23.617,5.4
2016-04-03,09:53:24.254,5.4
2016-04-03,09:53:25.255,5.4
2016-04-03,09:53:26.257,5.4
2016-04-03,09:53:27.257,5.4
2016-04-03,09:53:28.253,5.4
2016-04-03,09:53:29.256,5.4
2016-04-03,09:53:35.296,5.4
2016-04-03,09:53:35.299,5.4
2016-04-03,09:53:35.320,5.4
2016-04-03,09:53:35.328,5.4
2016-04-03,09:53:36.253,5.4
2016-04-03,09:53:37.472,5.4
2016-04-03,09:53:38.254,5.4
2016-04-03,09:53:39.254,5.4
2016-04-03,09:53:40.269,5.4
2016-04-03,09:53:41.253,5.4
2016-04-03,09:53:42.254,5.4
2016-04-03,09:53:43.254,5.4
2016-04-03,09:53:44.682,5.4
2016-04-03,09:53:45.252,5.4
2016-04-03,09:53:46.256,5.4
2016-04-03,09:53:47.258,5.4
2016-04-03,09:53:48.255,5.4
2016-04-03,09:53:49.254,5.4
2016-04-03,09:53:50.349,5.4
2016-04-03,09:53:52.378,5.4
2016-04-03,09:53:52.627,5.4
2016-04-03,09:53:53.255,5.4
2016-04-03,09:53:54.256,5.4
2016-04-03,09:53:55.288,5.4
2016-04-03,09:53:56.319,5.4
2016-04-03,09:53:57.340,5.4
2016-04-03,09:53:58.256,5.4
2016-04-03,09:53:59.255,5.4
2016-04-03,09:54:00.256,5.4
2016-04-03,09:54:01.254,5.4
2016-04-03,09:54:02.256,5.4
2016-04-03,09:54:03.255,5.4
2016-04-03,09:54:08.529,5.4
2016-04-03,09:54:08.531,5.4
2016-04-03,09:54:08.534,5.4
2016-04-03,09:54:09.255,5.4
2016-04-03,09:54:10.255,5.4
2016-04-03,09:54:11.258,5.4
2016-04-03,09:54:12.255,5.4
2016-04-03,09:54:13.254,5.4
2016-04-03,09:54:14.254,5.4
2016-04-03,09:54:15.254,5.4
2016-04-03,09:54:16.254,5.4
2016-04-03,09:54:17.257,5.4
2016-04-03,09:54:18.259,5.4
2016-04-03,09:54:19.255,5.4
2016-04-03,09:54:20.256,5.4
2016-04-03,09:54:21.258,5.4
2016-04-03,09:54:22.255,5.4
2016-04-03,09:54:23.256,5.4
2016-04-03,09:54:24.256,5.4
2016-04-03,09:54:25.258,5.4
2016-04-03,09:54:26.255,5.4
2016-04-03,09:54:27.254,5.4
2016-04-03,09:54:28.255,5.4
2016-04-03,09:54:29.255,5.4
2016-04-03,09:54:30.255,5.4
2016-04-03,09:54:31.256,5.4
2016-04-03,09:54:32.278,5.4
2016-04-03,09:54:33.255,5.4
2016-04-03,09:54:34.257,5.4
2016-04-03,09:54:35.254,5.4
2016-04-03,09:54:36.254,5.4
2016-04-03,09:54:37.255,5.4
2016-04-03,09:54:38.254,5.4
2016-04-03,09:54:39.260,5.4
2016-04-03,09:54:40.253,5.4
2016-04-03,09:54:41.255,5.4
2016-04-03,09:54:42.256,5.4
2016-04-03,09:54:43.258,5.4
2016-04-03,09:54:44.254,5.4
2016-04-03,09:54:45.255,5.4
2016-04-03,09:54:46.257,5.4
2016-04-03,09:54:47.255,5.4
2016-04-03,09:54:48.257,5.4
2016-04-03,09:54:49.255,5.4
2016-04-03,09:54:50.257,5.4
2016-04-03,09:54:51.254,5.4
2016-04-03,09:54:52.254,5.4
2016-04-03,09:54:53.258,5.4
2016-04-03,09:54:54.253,5.4
2016-04-03,09:54:55.254,5.4
2016-04-03,09:54:56.254,5.4
2016-04-03,09:54:57.256,5.4
2016-04-03,09:54:58.254,5.4
2016-04-03,09:54:59.255,5.4
2016-04-03,09:55:00.468,5.4
2016-04-03,09:55:01.254,5.4
2016-04-03,09:55:02.256,5.4
2016-04-03,09:55:03.253,5.4
2016-04-03,09:55:04.254,5.4
2016-04-03,09:55:05.254,5.4
2016-04-03,09:55:06.255,5.4
2016-04-03,09:55:07.258,5.4
2016-04-03,09:55:08.254,5.4
2016-04-03,09:55:09.255,5.4
2016-04-03,09:55:10.254,5.4
2016-04-03,09:55:11.254,5.4
2016-04-03,09:55:12.255,5.4
2016-04-03,09:55:13.253,5.4
2016-04-03,09:55:14.286,5.4
2016-04-03,09:55:15.255,5.4
2016-04-03,09:55:16.255,5.4
2016-04-03,09:55:17.278,5.4
2016-04-03,09:55:18.254,5.4
2016-04-03,09:55:19.254,5.4
2016-04-03,09:55:20.255,5.4
2016-04-03,09:55:21.258,5.4
2016-04-03,09:55:22.256,5.4
2016-04-03,09:55:23.253,5.4
2016-04-03,09:55:24.255,5.4
2016-04-03,09:55:25.255,5.4
2016-04-03,09:55:26.257,5.4
2016-04-03,09:55:27.255,5.4
2016-04-03,09:55:28.277,5.4
2016-04-03,09:55:29.255,5.4
2016-04-03,09:55:30.255,5.4
2016-04-03,09:55:31.255,5.4
2016-04-03,09:56:03.257,5.4
2016-04-03,09:56:04.254,5.4
2016-04-03,09:56:05.269,5.4
2016-04-03,09:56:06.255,5.4
2016-04-03,09:56:07.256,5.4
2016-04-03,09:56:08.255,5.4
2016-04-03,09:56:09.254,5.4
2016-04-03,09:56:10.257,5.4
2016-04-03,09:56:11.257,5.4
2016-04-03,09:56:12.254,5.4
2016-04-03,09:56:13.257,5.4
2016-04-03,09:56:14.255,5.4
2016-04-03,09:56:15.254,5.4
2016-04-03,09:56:16.254,5.4
2016-04-03,09:56:17.259,5.4
2016-04-03,09:56:18.253,5.4
2016-04-03,09:56:19.254,5.4
2016-04-03,09:56:20.254,5.4
2016-04-03,09:56:21.254,5.4
2016-04-03,09:56:22.253,5.4
2016-04-03,09:56:23.254,5.4
2016-04-03,09:56:24.254,5.4
2016-04-03,09:56:25.254,5.4
2016-04-03,09:56:26.254,5.4
2016-04-03,09:56:27.253,5.4
2016-04-03,09:56:28.254,5.4
2016-04-03,09:56:29.254,5.4
2016-04-03,09:56:30.255,5.4
2016-04-03,09:56:31.257,5.4
2016-04-03,09:56:32.259,5.4
2016-04-03,09:56:33.253,5.4
2016-04-03,09:56:34.254,5.4
2016-04-03,09:56:35.253,5.4
2016-04-03,09:56:36.254,5.4
2016-04-03,09:56:37.253,5.4
2016-04-03,09:56:38.258,5.4
2016-04-03,09:56:39.254,5.4
2016-04-03,09:56:40.254,5.4
2016-04-03,09:56:41.257,5.4
2016-04-03,09:56:42.254,5.4
2016-04-03,09:56:43.255,5.4
2016-04-03,09:56:44.253,5.4
2016-04-03,09:56:45.257,5.4
2016-04-03,09:56:46.253,5.4
2016-04-03,09:56:47.253,5.4
2016-04-03,09:56:48.253,5.4
2016-04-03,09:56:49.254,5.4
2016-04-03,09:56:50.254,5.4
2016-04-03,09:56:51.255,5.4
2016-04-03,09:56:52.258,5.4
2016-04-03,09:56:53.255,5.4
2016-04-03,09:56:54.253,5.4
2016-04-03,09:56:55.254,5.4
2016-04-03,09:56:56.254,5.4
2016-04-03,09:56:57.255,5.4
2016-04-03,09:56:58.255,5.4
2016-04-03,09:56:59.256,5.4
2016-04-03,09:57:00.276,5.4
2016-04-03,09:57:01.256,5.4
2016-04-03,09:57:02.253,5.4
2016-04-03,09:57:03.269,5.4
2016-04-03,09:57:04.254,5.4
2016-04-03,09:57:05.263,4.5
2016-04-03,09:57:06.260,4.5
2016-04-03,09:57:07.259,4.5
2016-04-03,09:57:08.257,4.5
2016-04-03,09:57:09.261,4.5
2016-04-03,09:57:10.254,4.5
2016-04-03,09:57:11.264,4.5
2016-04-03,09:57:12.253,4.5
2016-04-03,09:57:13.253,4.5
2016-04-03,09:57:14.259,4.5
2016-04-03,09:57:15.258,4.5
2016-04-03,09:57:16.260,4.5
2016-04-03,09:57:17.254,4.5
2016-04-03,09:57:18.254,4.5
2016-04-03,09:57:19.254,4.5
2016-04-03,09:57:20.256,4.5
2016-04-03,09:57:21.253,4.5
2016-04-03,09:57:22.253,4.5
2016-04-03,09:57:23.259,4.5
2016-04-03,09:57:24.254,4.5
2016-04-03,09:57:25.292,4.5
2016-04-03,09:57:26.256,4.5
2016-04-03,09:57:27.254,4.5
2016-04-03,09:57:28.258,4.5
2016-04-03,09:57:29.255,4.5
2016-04-03,09:57:30.253,4.5
2016-04-03,09:57:31.255,4.5
2016-04-03,09:57:32.256,4.5
2016-04-03,09:57:33.255,4.5
2016-04-03,09:57:34.254,1.8
2016-04-03,09:57:35.253,2.7
2016-04-03,09:57:36.255,2.7
2016-04-03,09:57:37.258,2.7
2016-04-03,09:57:38.256,2.7
2016-04-03,09:57:39.253,3.6
2016-04-03,09:57:40.257,3.6
2016-04-03,09:57:41.256,3.6
2016-04-03,09:57:42.254,3.6
2016-04-03,09:57:43.255,3.6
2016-04-03,09:57:44.258,5.4
2016-04-03,09:57:45.254,5.4
2016-04-03,09:57:46.253,5.4
2016-04-03,09:57:47.254,5.4
2016-04-03,09:57:48.256,5.4
2016-04-03,09:57:49.257,6.3
2016-04-03,09:57:50.254,6.3
2016-04-03,09:57:51.258,6.3
2016-04-03,09:57:52.253,6.3
2016-04-03,09:57:53.256,6.3
2016-04-03,09:57:54.268,6.3
2016-04-03,09:57:55.264,6.3
2016-04-03,09:57:56.258,6.3
2016-04-03,09:57:57.265,6.3
2016-04-03,09:57:58.265,6.3
2016-04-03,09:57:59.260,6.3
2016-04-03,09:58:00.262,6.3
2016-04-03,09:58:01.254,6.3
2016-04-03,09:58:02.256,6.3
2016-04-03,09:58:03.256,5.4
2016-04-03,09:58:04.255,5.4
2016-04-03,09:58:05.273,4.5
2016-04-03,09:58:06.256,4.5
2016-04-03,09:58:07.256,4.5
2016-04-03,09:58:08.256,4.5
2016-04-03,09:58:09.258,4.5
2016-04-03,09:58:10.256,4.5
2016-04-03,09:58:11.255,5.4
2016-04-03,09:58:12.262,5.4
2016-04-03,09:58:13.257,5.4
2016-04-03,09:58:14.257,5.4
2016-04-03,09:58:15.257,5.4
2016-04-03,09:58:16.257,5.4
2016-04-03,09:58:17.257,5.4
2016-04-03,09:58:18.254,5.4
2016-04-03,09:58:19.259,5.4
2016-04-03,09:58:20.254,5.4
2016-04-03,09:58:21.256,5.4
2016-04-03,09:58:22.254,5.4
2016-04-03,09:58:23.257,5.4
2016-04-03,09:58:24.255,5.4
2016-04-03,09:58:25.256,5.4
2016-04-03,09:58:26.259,5.4
2016-04-03,09:58:27.256,5.4
2016-04-03,09:58:28.295,5.4
2016-04-03,09:58:29.258,5.4
2016-04-03,09:58:30.263,5.4
2016-04-03,09:58:31.257,5.4
2016-04-03,09:58:32.257,5.4
2016-04-03,09:58:33.259,5.4
2016-04-03,09:58:34.257,5.4
2016-04-03,09:58:35.260,5.4
2016-04-03,09:58:36.254,5.4
2016-04-03,09:58:37.255,5.4
2016-04-03,09:58:38.255,5.4
2016-04-03,09:58:39.257,5.4
2016-04-03,09:58:40.257,5.4
2016-04-03,09:58:41.257,5.4
2016-04-03,09:58:42.255,5.4
2016-04-03,09:58:43.258,5.4
2016-04-03,09:58:44.258,5.4
2016-04-03,09:58:45.259,5.4
2016-04-03,09:58:46.258,5.4
2016-04-03,09:58:47.258,5.4
2016-04-03,09:58:48.255,5.4
2016-04-03,09:58:49.254,5.4
2016-04-03,09:58:50.257,5.4
2016-04-03,09:58:51.257,5.4
2016-04-03,09:58:52.256,5.4
2016-04-03,09:58:53.254,5.4
2016-04-03,09:58:54.261,5.4
2016-04-03,09:58:55.254,5.4
2016-04-03,09:58:56.254,5.4
2016-04-03,09:58:57.256,5.4
2016-04-03,09:58:58.258,5.4
2016-04-03,09:58:59.255,5.4
2016-04-03,09:59:00.255,5.4
2016-04-03,09:59:01.258,5.4
2016-04-03,09:59:02.256,5.4
2016-04-03,09:59:03.256,5.4
2016-04-03,09:59:04.255,5.4
2016-04-03,09:59:05.258,5.4
2016-04-03,09:59:06.254,5.4
2016-04-03,09:59:07.257,5.4
2016-04-03,09:59:08.260,5.4
2016-04-03,09:59:09.258,5.4
2016-04-03,09:59:10.254,5.4
2016-04-03,09:59:11.255,5.4
2016-04-03,09:59:12.254,5.4
2016-04-03,09:59:13.260,5.4
2016-04-03,09:59:14.260,5.4
2016-04-03,09:59:15.268,5.4
2016-04-03,09:59:16.257,5.4
2016-04-03,09:59:17.256,5.4
2016-04-03,09:59:18.255,5.4
2016-04-03,09:59:19.256,5.4
2016-04-03,09:59:20.258,5.4
2016-04-03,09:59:21.256,5.4
2016-04-03,09:59:22.257,5.4
2016-04-03,09:59:23.264,5.4
2016-04-03,09:59:24.262,5.4
2016-04-03,09:59:25.256,5.4
2016-04-03,09:59:26.261,5.4
2016-04-03,09:59:27.258,5.4
2016-04-03,09:59:28.262,5.4
2016-04-03,09:59:29.269,5.4
2016-04-03,09:59:30.254,5.4
2016-04-03,09:59:31.263,5.4
2016-04-03,09:59:32.254,5.4
2016-04-03,09:59:33.289,5.4
2016-04-03,09:59:34.255,5.4
2016-04-03,09:59:35.254,5.4
2016-04-03,09:59:36.259,5.4
2016-04-03,09:59:37.263,5.4
2016-04-03,09:59:38.260,5.4
2016-04-03,09:59:39.255,5.4
2016-04-03,09:59:40.264,5.4
2016-04-03,09:59:41.255,5.4
2016-04-03,09:59:42.261,5.4
2016-04-03,09:59:43.261,5.4
2016-04-03,09:59:44.266,5.4
2016-04-03,09:59:45.262,5.4
2016-04-03,09:59:46.275,5.4
2016-04-03,09:59:47.262,5.4
2016-04-03,09:59:48.256,5.4
2016-04-03,09:59:49.262,5.4
2016-04-03,09:59:50.259,5.4
2016-04-03,09:59:51.265,5.4
2016-04-03,09:59:52.254,5.4
2016-04-03,09:59:53.251,5.4
2016-04-03,09:59:54.266,5.4
2016-04-03,09:59:55.299,5.4
2016-04-03,09:59:56.261,5.4
2016-04-03,09:59:57.259,5.4
2016-04-03,09:59:58.254,5.4
2016-04-03,09:59:59.260,5.4
2016-04-03,10:00:00.255,5.4
2016-04-03,10:00:01.255,5.4
2016-04-03,10:00:02.254,5.4
2016-04-03,10:00:03.256,5.4
2016-04-03,10:00:04.257,5.4
2016-04-03,10:00:05.256,5.4
2016-04-03,10:00:06.253,5.4
2016-04-03,10:00:07.257,4.5
2016-04-03,10:00:08.254,4.5
2016-04-03,10:00:09.255,4.5
2016-04-03,10:00:10.256,4.5
2016-04-03,10:00:11.260,4.5
2016-04-03,10:00:12.255,4.5
2016-04-03,10:00:13.255,4.5
2016-04-03,10:00:14.254,4.5
2016-04-03,10:00:15.254,4.5
2016-04-03,10:00:16.254,4.5
2016-04-03,10:00:17.254,4.5
2016-04-03,10:00:18.255,4.5
2016-04-03,10:00:19.254,4.5
2016-04-03,10:00:23.312,4.5
2016-04-03,10:00:23.316,4.5
2016-04-03,10:00:23.318,4.5
2016-04-03,10:00:23.321,3.6
2016-04-03,10:00:24.254,1.8
2016-04-03,10:00:25.254,0.9
2016-04-03,10:00:26.254,1.8
2016-04-03,10:00:27.256,1.8
2016-04-03,10:00:28.255,1.8
2016-04-03,10:00:29.271,1.8
2016-04-03,10:00:30.255,1.8
2016-04-03,10:00:31.254,2.7
2016-04-03,10:00:32.259,4.5
2016-04-03,10:01:05.254,4.5
2016-04-03,10:01:06.255,3.6
2016-04-03,10:01:07.256,3.6
2016-04-03,10:01:08.254,3.6
2016-04-03,10:01:09.255,3.6
2016-04-03,10:01:10.254,3.6
2016-04-03,10:01:11.305,3.6
2016-04-03,10:01:12.254,3.6
2016-04-03,10:01:13.255,3.6
2016-04-03,10:01:14.260,4.5
2016-04-03,10:01:15.255,5.4
2016-04-03,10:01:16.254,5.4
2016-04-03,10:01:17.254,5.4
2016-04-03,10:01:18.340,5.4
2016-04-03,10:01:19.255,5.4
2016-04-03,10:01:20.254,5.4
2016-04-03,10:01:21.287,5.4
2016-04-03,10:01:22.254,5.4
2016-04-03,10:01:23.254,5.4
2016-04-03,10:01:24.254,5.4
2016-04-03,10:01:25.289,5.4
2016-04-03,10:01:26.253,5.4
2016-04-03,10:01:27.255,5.4
2016-04-03,10:01:28.263,5.4
2016-04-03,10:01:29.260,5.4
2016-04-03,10:01:30.253,5.4
2016-04-03,10:01:31.254,5.4
2016-04-03,10:01:32.278,5.4
2016-04-03,10:01:33.254,5.4
2016-04-03,10:01:34.255,5.4
2016-04-03,10:01:35.259,5.4
2016-04-03,10:01:36.254,5.4
2016-04-03,10:01:37.255,5.4
2016-04-03,10:01:38.255,5.4
2016-04-03,10:01:39.281,5.4
2016-04-03,10:01:40.255,5.4
2016-04-03,10:01:41.254,5.4
2016-04-03,10:01:42.263,5.4
2016-04-03,10:01:43.254,5.4
2016-04-03,10:01:44.259,5.4
2016-04-03,10:01:45.258,5.4
2016-04-03,10:01:46.263,5.4
2016-04-03,10:01:47.255,5.4
2016-04-03,10:01:48.255,5.4
2016-04-03,10:01:49.266,5.4
2016-04-03,10:01:50.255,5.4
2016-04-03,10:01:51.254,5.4
2016-04-03,10:01:52.256,5.4
2016-04-03,10:01:53.259,5.4
2016-04-03,10:01:54.254,5.4
2016-04-03,10:01:55.255,5.4
2016-04-03,10:01:56.263,5.4
2016-04-03,10:01:57.255,5.4
2016-04-03,10:01:58.255,5.4
2016-04-03,10:01:59.255,5.4
2016-04-03,10:02:00.266,5.4
2016-04-03,10:02:01.254,5.4
2016-04-03,10:02:02.256,5.4
2016-04-03,10:02:03.259,5.4
2016-04-03,10:02:04.255,5.4
2016-04-03,10:02:05.254,5.4
2016-04-03,10:02:06.253,5.4
2016-04-03,10:02:07.278,5.4
2016-04-03,10:02:08.253,5.4
2016-04-03,10:02:09.255,5.4
2016-04-03,10:02:10.261,5.4
2016-04-03,10:02:11.255,5.4
2016-04-03,10:02:12.255,5.4
2016-04-03,10:02:13.254,5.4
2016-04-03,10:02:14.348,5.4
2016-04-03,10:02:15.259,5.4
2016-04-03,10:02:16.257,5.4
2016-04-03,10:02:17.265,5.4
2016-04-03,10:02:18.255,5.4
2016-04-03,10:02:19.255,5.4
2016-04-03,10:02:20.254,4.5
2016-04-03,10:02:21.269,4.5
2016-04-03,10:02:22.268,4.5
2016-04-03,10:02:23.258,4.5
2016-04-03,10:02:24.261,4.5
2016-04-03,10:02:25.257,4.5
2016-04-03,10:02:26.261,4.5
2016-04-03,10:02:27.253,4.5
2016-04-03,10:02:28.273,4.5
2016-04-03,10:02:29.257,4.5
2016-04-03,10:02:30.256,4.5
2016-04-03,10:02:31.271,4.5
2016-04-03,10:02:32.256,4.5
2016-04-03,10:02:33.267,4.5
2016-04-03,10:02:34.255,4.5
2016-04-03,10:02:35.277,4.5
2016-04-03,10:02:36.259,4.5
2016-04-03,10:02:37.257,4.5
2016-04-03,10:02:38.260,4.5
2016-04-03,10:02:39.256,5.4
2016-04-03,10:02:40.255,5.4
2016-04-03,10:02:41.257,5.4
2016-04-03,10:02:42.279,4.5
2016-04-03,10:02:43.255,4.5
2016-04-03,10:02:44.258,5.4
2016-04-03,10:02:45.264,5.4
2016-04-03,10:02:46.258,5.4
2016-04-03,10:02:47.257,5.4
2016-04-03,10:02:48.255,5.4
2016-04-03,10:02:49.275,5.4
2016-04-03,10:02:50.254,5.4
2016-04-03,10:02:51.257,5.4
2016-04-03,10:02:52.263,5.4
2016-04-03,10:02:53.258,4.5
2016-04-03,10:02:54.257,4.5
2016-04-03,10:02:55.255,5.4
2016-04-03,10:02:56.300,4.5
2016-04-03,10:02:57.254,5.4
2016-04-03,10:02:58.257,5.4
2016-04-03,10:02:59.260,5.4
2016-04-03,10:03:00.254,5.4
2016-04-03,10:03:01.256,5.4
2016-04-03,10:03:02.255,5.4
2016-04-03,10:03:03.259,5.4
2016-04-03,10:03:04.257,5.4
2016-04-03,10:03:05.263,5.4
2016-04-03,10:03:06.258,5.4
2016-04-03,10:03:07.253,5.4
2016-04-03,10:03:08.254,5.4
2016-04-03,10:03:09.256,5.4
2016-04-03,10:03:10.308,5.4
2016-04-03,10:03:11.256,5.4
2016-04-03,10:03:12.255,5.4
2016-04-03,10:03:13.261,5.4
2016-04-03,10:03:14.254,5.4
2016-04-03,10:03:15.256,5.4
2016-04-03,10:03:16.253,5.4
2016-04-03,10:03:17.270,5.4
2016-04-03,10:03:18.255,5.4
2016-04-03,10:03:19.256,5.4
2016-04-03,10:03:20.259,5.4
2016-04-03,10:03:21.255,5.4
2016-04-03,10:03:22.255,5.4
2016-04-03,10:03:23.261,5.4
2016-04-03,10:03:24.256,4.5
2016-04-03,10:03:25.256,4.5
2016-04-03,10:03:26.295,4.5
2016-04-03,10:03:27.255,4.5
2016-04-03,10:03:28.256,4.5
2016-04-03,10:03:29.256,4.5
2016-04-03,10:03:30.258,4.5
2016-04-03,10:03:31.255,5.4
2016-04-03,10:03:32.256,5.4
2016-04-03,10:03:33.305,5.4
2016-04-03,10:03:34.257,5.4
2016-04-03,10:03:35.255,5.4
2016-04-03,10:03:36.256,5.4
2016-04-03,10:03:37.263,5.4
2016-04-03,10:03:38.256,5.4
2016-04-03,10:03:39.255,5.4
2016-04-03,10:03:40.297,5.4
2016-04-03,10:03:41.255,5.4
2016-04-03,10:03:42.255,5.4
2016-04-03,10:03:43.256,5.4
2016-04-03,10:03:44.259,5.4
2016-04-03,10:03:45.255,5.4
2016-04-03,10:03:46.255,5.4
2016-04-03,10:03:47.301,5.4
2016-04-03,10:03:48.254,5.4
2016-04-03,10:03:49.254,5.4
2016-04-03,10:03:50.256,5.4
2016-04-03,10:03:51.259,5.4
2016-04-03,10:03:52.253,5.4
2016-04-03,10:03:53.255,5.4
2016-04-03,10:03:54.302,5.4
2016-04-03,10:03:55.256,5.4
2016-04-03,10:03:56.253,5.4
2016-04-03,10:03:57.256,5.4
2016-04-03,10:03:58.257,5.4
2016-04-03,10:03:59.255,5.4
2016-04-03,10:04:00.255,5.4
2016-04-03,10:04:01.316,5.4
2016-04-03,10:04:02.254,5.4
2016-04-03,10:04:03.255,5.4
2016-04-03,10:04:04.254,5.4
2016-04-03,10:04:05.264,5.4
2016-04-03,10:04:06.256,5.4
2016-04-03,10:04:07.254,5.4
2016-04-03,10:04:08.297,5.4
2016-04-03,10:04:09.256,5.4
2016-04-03,10:04:10.258,5.4
2016-04-03,10:04:11.253,5.4
2016-04-03,10:04:12.259,5.4
2016-04-03,10:04:13.254,5.4
2016-04-03,10:04:14.255,5.4
2016-04-03,10:04:15.308,5.4
2016-04-03,10:04:16.254,5.4
2016-04-03,10:04:17.253,5.4
2016-04-03,10:04:18.258,5.4
2016-04-03,10:04:19.258,5.4
2016-04-03,10:04:20.254,5.4
2016-04-03,10:04:21.254,5.4
2016-04-03,10:04:22.322,5.4
2016-04-03,10:04:23.255,5.4
2016-04-03,10:04:24.255,5.4
2016-04-03,10:04:25.254,5.4
2016-04-03,10:04:26.259,5.4
2016-04-03,10:04:27.255,5.4
2016-04-03,10:04:28.258,5.4
2016-04-03,10:04:29.308,5.4
2016-04-03,10:04:30.258,5.4
2016-04-03,10:04:31.255,5.4
2016-04-03,10:04:32.256,5.4
2016-04-03,10:04:33.258,5.4
2016-04-03,10:04:34.256,5.4
2016-04-03,10:04:35.254,4.5
2016-04-03,10:04:36.300,4.5
2016-04-03,10:04:37.254,4.5
2016-04-03,10:04:38.254,4.5
2016-04-03,10:04:39.255,4.5
2016-04-03,10:04:40.261,4.5
2016-04-03,10:04:41.255,4.5
2016-04-03,10:04:42.254,4.5
2016-04-03,10:04:43.324,4.5
2016-04-03,10:04:44.255,4.5
2016-04-03,10:04:45.256,4.5
2016-04-03,10:04:46.255,4.5
2016-04-03,10:04:47.259,4.5
2016-04-03,10:04:48.255,4.5
2016-04-03,10:04:49.254,4.5
2016-04-03,10:04:50.298,4.5
2016-04-03,10:04:51.254,4.5
2016-04-03,10:04:52.256,4.5
2016-04-03,10:04:53.253,4.5
2016-04-03,10:04:54.258,4.5
2016-04-03,10:04:55.264,4.5
2016-04-03,10:04:56.267,4.5
2016-04-03,10:04:57.286,4.5
2016-04-03,10:04:58.264,4.5
2016-04-03,10:04:59.266,4.5
2016-04-03,10:05:00.382,4.5
2016-04-03,10:05:01.264,4.5
2016-04-03,10:05:02.254,4.5
2016-04-03,10:05:03.266,4.5
2016-04-03,10:05:04.381,4.5
2016-04-03,10:05:05.268,4.5
2016-04-03,10:05:06.256,4.5
2016-04-03,10:05:07.254,4.5
2016-04-03,10:05:08.254,4.5
2016-04-03,10:05:09.253,4.5
2016-04-03,10:05:10.265,4.5
2016-04-03,10:05:11.306,4.5
2016-04-03,10:05:12.265,4.5
2016-04-03,10:05:13.263,4.5
2016-04-03,10:05:14.256,4.5
2016-04-03,10:05:15.258,4.5
2016-04-03,10:05:16.256,4.5
2016-04-03,10:05:17.256,4.5
2016-04-03,10:05:18.304,4.5
2016-04-03,10:05:19.255,4.5
2016-04-03,10:05:20.254,4.5
2016-04-03,10:05:21.253,4.5
2016-04-03,10:05:22.260,4.5
2016-04-03,10:05:23.259,4.5
2016-04-03,10:05:24.255,0.0
2016-04-03,10:05:25.297,1.8
2016-04-03,10:05:26.266,1.8
2016-04-03,10:05:27.264,2.7
2016-04-03,10:05:28.256,2.7
2016-04-03,10:05:29.253,3.6
2016-04-03,10:05:30.254,3.6
2016-04-03,10:05:31.254,3.6
2016-04-03,10:05:32.401,3.6
2016-04-03,10:06:04.260,5.4
2016-04-03,10:06:05.254,4.5
2016-04-03,10:06:06.259,4.5
2016-04-03,10:06:07.303,5.4
2016-04-03,10:06:08.255,5.4
2016-04-03,10:06:09.256,4.5
2016-04-03,10:06:10.256,4.5
2016-04-03,10:06:11.263,4.5
2016-04-03,10:06:12.289,4.5
2016-04-03,10:06:13.256,5.4
2016-04-03,10:06:14.296,5.4
2016-04-03,10:06:15.255,5.4
2016-04-03,10:06:16.254,4.5
2016-04-03,10:06:17.306,4.5
2016-04-03,10:06:18.258,4.5
2016-04-03,10:06:19.255,4.5
2016-04-03,10:06:20.255,4.5
2016-04-03,10:06:21.310,4.5
2016-04-03,10:06:22.254,5.4
2016-04-03,10:06:23.254,5.4
2016-04-03,10:06:24.254,5.4
2016-04-03,10:06:25.265,5.4
2016-04-03,10:06:26.253,5.4
2016-04-03,10:06:27.254,5.4
2016-04-03,10:06:28.273,5.4
2016-04-03,10:06:29.253,5.4
2016-04-03,10:06:30.253,5.4
2016-04-03,10:06:31.258,5.4
2016-04-03,10:06:32.257,5.4
2016-04-03,10:06:33.258,5.4
2016-04-03,10:06:34.265,5.4
2016-04-03,10:06:35.265,5.4
2016-04-03,10:06:36.260,5.4
2016-04-03,10:06:37.298,5.4
2016-04-03,10:06:38.256,5.4
2016-04-03,10:06:39.258,5.4
2016-04-03,10:06:40.254,5.4
2016-04-03,10:06:41.254,5.4
2016-04-03,10:06:42.258,4.5
2016-04-03,10:06:43.257,4.5
2016-04-03,10:06:44.263,4.5
2016-04-03,10:06:45.254,4.5
2016-04-03,10:06:46.258,4.5
2016-04-03,10:06:47.255,4.5
2016-04-03,10:06:48.254,4.5
2016-04-03,10:06:49.256,4.5
2016-04-03,10:06:50.261,4.5
2016-04-03,10:06:51.300,4.5
2016-04-03,10:06:52.258,4.5
2016-04-03,10:06:53.257,4.5
2016-04-03,10:06:54.254,4.5
2016-04-03,10:06:55.262,4.5
2016-04-03,10:06:56.263,4.5
2016-04-03,10:06:57.258,4.5
2016-04-03,10:06:58.276,4.5
2016-04-03,10:06:59.258,4.5
2016-04-03,10:07:00.263,4.5
2016-04-03,10:07:01.256,4.5
2016-04-03,10:07:02.258,5.4
2016-04-03,10:07:03.256,5.4
2016-04-03,10:07:04.264,5.4
2016-04-03,10:07:05.275,5.4
2016-04-03,10:07:06.255,5.4
2016-04-03,10:07:07.258,4.5
2016-04-03,10:07:08.258,4.5
2016-04-03,10:07:09.257,4.5
2016-04-03,10:07:10.258,4.5
2016-04-03,10:07:11.264,4.5
2016-04-03,10:07:12.256,4.5
2016-04-03,10:07:13.255,5.4
2016-04-03,10:07:14.257,5.4
2016-04-03,10:07:15.256,5.4
2016-04-03,10:07:16.257,5.4
2016-04-03,10:07:17.256,5.4
2016-04-03,10:07:18.259,5.4
2016-04-03,10:07:19.267,5.4
2016-04-03,10:07:20.257,5.4
2016-04-03,10:07:21.259,5.4
2016-04-03,10:07:22.257,5.4
2016-04-03,10:07:23.255,5.4
2016-04-03,10:07:24.257,5.4
2016-04-03,10:07:25.259,5.4
2016-04-03,10:07:26.271,5.4
2016-04-03,10:07:27.255,5.4
2016-04-03,10:07:28.255,5.4
2016-04-03,10:07:29.255,5.4
2016-04-03,10:07:30.254,5.4
2016-04-03,10:07:31.258,5.4
2016-04-03,10:07:32.259,5.4
2016-04-03,10:07:33.255,5.4
2016-04-03,10:07:34.256,5.4
2016-04-03,10:07:35.258,5.4
2016-04-03,10:07:36.257,5.4
2016-04-03,10:07:37.254,5.4
2016-04-03,10:07:38.256,5.4
2016-04-03,10:07:39.258,5.4
2016-04-03,10:07:40.271,5.4
2016-04-03,10:07:41.254,5.4
2016-04-03,10:07:42.291,5.4
2016-04-03,10:07:43.255,5.4
2016-04-03,10:07:44.258,5.4
2016-04-03,10:07:45.256,5.4
2016-04-03,10:07:46.261,5.4
2016-04-03,10:07:47.274,5.4
2016-04-03,10:07:48.257,5.4
2016-04-03,10:07:49.255,5.4
2016-04-03,10:07:50.257,5.4
2016-04-03,10:07:51.257,5.4
2016-04-03,10:07:52.254,5.4
2016-04-03,10:07:53.259,5.4
2016-04-03,10:07:54.322,5.4
2016-04-03,10:07:55.256,5.4
2016-04-03,10:07:56.254,5.4
2016-04-03,10:07:57.254,5.4
2016-04-03,10:07:58.265,5.4
2016-04-03,10:07:59.256,5.4
2016-04-03,10:08:00.257,5.4
2016-04-03,10:08:01.264,5.4
2016-04-03,10:08:02.262,5.4
2016-04-03,10:08:03.273,5.4
2016-04-03,10:08:04.256,5.4
2016-04-03,10:08:05.265,5.4
2016-04-03,10:08:06.257,5.4
2016-04-03,10:08:07.265,5.4
2016-04-03,10:08:08.295,5.4
2016-04-03,10:08:09.264,5.4
2016-04-03,10:08:10.255,5.4
2016-04-03,10:08:11.255,5.4
2016-04-03,10:08:12.260,5.4
2016-04-03,10:08:13.255,5.4
2016-04-03,10:08:14.260,5.4
2016-04-03,10:08:15.276,5.4
2016-04-03,10:08:16.256,5.4
2016-04-03,10:08:17.261,5.4
2016-04-03,10:08:18.262,5.4
2016-04-03,10:08:19.257,5.4
2016-04-03,10:08:20.254,4.5
2016-04-03,10:08:21.264,4.5
2016-04-03,10:08:22.285,4.5
2016-04-03,10:08:23.253,4.5
2016-04-03,10:08:24.259,4.5
2016-04-03,10:08:25.265,4.5
2016-04-03,10:08:26.264,4.5
2016-04-03,10:08:27.255,4.5
2016-04-03,10:08:28.513,4.5
2016-04-03,10:08:29.258,4.5
2016-04-03,10:08:30.254,4.5
2016-04-03,10:08:31.254,4.5
2016-04-03,10:08:32.255,4.5
2016-04-03,10:08:33.261,4.5
2016-04-03,10:08:34.265,4.5
2016-04-03,10:08:35.259,4.5
2016-04-03,10:08:36.260,5.4
2016-04-03,10:08:37.255,5.4
2016-04-03,10:08:38.258,5.4
2016-04-03,10:08:39.259,5.4
2016-04-03,10:08:40.254,5.4
2016-04-03,10:08:41.253,5.4
2016-04-03,10:08:42.263,5.4
2016-04-03,10:08:43.259,5.4
2016-04-03,10:08:44.260,5.4
2016-04-03,10:08:45.255,5.4
2016-04-03,10:08:46.266,5.4
2016-04-03,10:08:47.256,5.4
2016-04-03,10:08:48.256,5.4
2016-04-03,10:08:49.261,5.4
2016-04-03,10:08:50.263,5.4
2016-04-03,10:08:51.261,5.4
2016-04-03,10:08:52.255,5.4
2016-04-03,10:08:53.290,5.4
2016-04-03,10:08:54.255,5.4
2016-04-03,10:08:55.265,5.4
2016-04-03,10:08:56.267,5.4
2016-04-03,10:08:57.265,5.4
2016-04-03,10:08:58.254,5.4
2016-04-03,10:08:59.260,5.4
2016-04-03,10:09:00.255,5.4
2016-04-03,10:09:01.254,5.4
2016-04-03,10:09:02.257,5.4
2016-04-03,10:09:03.257,5.4
2016-04-03,10:09:04.260,4.5
2016-04-03,10:09:05.254,4.5
2016-04-03,10:09:06.255,4.5
2016-04-03,10:09:07.260,4.5
2016-04-03,10:09:08.259,4.5
2016-04-03,10:09:09.260,4.5
2016-04-03,10:09:10.268,4.5
2016-04-03,10:09:11.328,4.5
2016-04-03,10:09:12.260,4.5
2016-04-03,10:09:13.273,4.5
2016-04-03,10:09:14.256,4.5
2016-04-03,10:09:15.258,4.5
2016-04-03,10:09:16.261,4.5
2016-04-03,10:09:17.260,4.5
2016-04-03,10:09:18.269,4.5
2016-04-03,10:09:19.255,4.5
2016-04-03,10:09:20.260,4.5
2016-04-03,10:09:21.258,4.5
2016-04-03,10:09:22.253,4.5
2016-04-03,10:09:23.260,4.5
2016-04-03,10:09:24.261,4.5
2016-04-03,10:09:25.253,4.5
2016-04-03,10:09:26.256,4.5
2016-04-03,10:09:27.258,4.5
2016-04-03,10:09:28.255,4.5
2016-04-03,10:09:29.258,4.5
2016-04-03,10:09:30.259,4.5
2016-04-03,10:09:31.265,4.5
2016-04-03,10:09:32.256,4.5
2016-04-03,10:09:33.256,4.5
2016-04-03,10:09:34.255,4.5
2016-04-03,10:09:35.254,4.5
2016-04-03,10:09:36.256,4.5
2016-04-03,10:09:37.255,4.5
2016-04-03,10:09:38.258,4.5
2016-04-03,10:09:39.258,4.5
2016-04-03,10:09:40.257,4.5
2016-04-03,10:09:41.255,4.5
2016-04-03,10:09:42.253,4.5
2016-04-03,10:09:43.254,4.5
2016-04-03,10:09:44.254,4.5
2016-04-03,10:09:45.254,4.5
2016-04-03,10:09:46.258,4.5
2016-04-03,10:09:47.254,4.5
2016-04-03,10:09:48.255,4.5
2016-04-03,10:09:49.255,4.5
2016-04-03,10:09:50.255,4.5
2016-04-03,10:09:51.254,4.5
2016-04-03,10:09:52.254,4.5
2016-04-03,10:09:53.288,4.5
2016-04-03,10:09:54.255,4.5
2016-04-03,10:09:55.254,4.5
2016-04-03,10:09:56.255,4.5
2016-04-03,10:09:57.254,4.5
2016-04-03,10:09:58.256,4.5
2016-04-03,10:09:59.256,4.5
2016-04-03,10:10:00.428,4.5
2016-04-03,10:10:01.254,4.5
2016-04-03,10:10:02.254,4.5
2016-04-03,10:10:03.255,4.5
2016-04-03,10:10:04.256,4.5
2016-04-03,10:10:05.255,4.5
2016-04-03,10:10:06.256,4.5
2016-04-03,10:10:07.256,4.5
2016-04-03,10:10:08.254,4.5
2016-04-03,10:10:09.254,4.5
2016-04-03,10:10:10.261,4.5
2016-04-03,10:10:11.264,4.5
2016-04-03,10:10:12.255,4.5
2016-04-03,10:10:13.253,4.5
2016-04-03,10:10:14.258,4.5
2016-04-03,10:10:15.256,4.5
2016-04-03,10:10:16.266,4.5
2016-04-03,10:10:17.261,4.5
2016-04-03,10:10:18.256,4.5
2016-04-03,10:10:19.254,4.5
2016-04-03,10:10:20.260,4.5
2016-04-03,10:10:21.265,4.5
2016-04-03,10:10:22.254,4.5
2016-04-03,10:10:23.256,4.5
2016-04-03,10:10:24.253,4.5
2016-04-03,10:10:25.258,4.5
2016-04-03,10:10:26.254,4.5
2016-04-03,10:10:27.267,4.5
2016-04-03,10:10:28.264,4.5
2016-04-03,10:10:29.254,4.5
2016-04-03,10:10:30.254,4.5
2016-04-03,10:10:31.255,4.5
2016-04-03,10:10:32.256,4.5
2016-04-03,10:11:04.255,4.5
2016-04-03,10:11:05.256,3.6
2016-04-03,10:11:06.258,4.5
2016-04-03,10:11:07.259,4.5
2016-04-03,10:11:08.257,4.5
2016-04-03,10:11:09.271,3.6
2016-04-03,10:11:10.257,4.5
2016-04-03,10:11:11.254,4.5
2016-04-03,10:11:12.257,4.5
2016-04-03,10:11:13.257,4.5
2016-04-03,10:11:14.260,4.5
2016-04-03,10:11:15.258,4.5
2016-04-03,10:11:16.254,5.4
2016-04-03,10:11:17.255,4.5
2016-04-03,10:11:18.253,4.5
2016-04-03,10:11:19.257,4.5
2016-04-03,10:11:20.255,4.5
2016-04-03,10:11:21.260,4.5
2016-04-03,10:11:22.258,4.5
2016-04-03,10:11:23.255,4.5
2016-04-03,10:11:24.256,4.5
2016-04-03,10:11:25.253,4.5
2016-04-03,10:11:26.265,4.5
2016-04-03,10:11:27.257,4.5
2016-04-03,10:11:28.266,4.5
2016-04-03,10:11:29.263,4.5
2016-04-03,10:11:30.343,4.5
2016-04-03,10:11:31.267,4.5
2016-04-03,10:11:32.256,4.5
2016-04-03,10:11:33.264,4.5
2016-04-03,10:11:34.258,4.5
2016-04-03,10:11:35.266,4.5
2016-04-03,10:11:36.257,4.5
2016-04-03,10:11:37.254,4.5
2016-04-03,10:11:38.266,4.5
2016-04-03,10:11:39.261,4.5
2016-04-03,10:11:40.264,4.5
2016-04-03,10:11:41.263,4.5
2016-04-03,10:11:42.260,4.5
2016-04-03,10:11:43.266,4.5
2016-04-03,10:11:44.263,4.5
2016-04-03,10:11:45.275,4.5
2016-04-03,10:11:46.257,4.5
2016-04-03,10:11:47.276,4.5
2016-04-03,10:11:48.258,4.5
2016-04-03,10:11:49.261,4.5
2016-04-03,10:11:50.255,4.5
2016-04-03,10:11:51.261,4.5
2016-04-03,10:11:52.255,4.5
2016-04-03,10:11:53.264,4.5
2016-04-03,10:11:54.255,4.5
2016-04-03,10:11:55.256,4.5
2016-04-03,10:11:56.261,4.5
2016-04-03,10:11:57.255,4.5
2016-04-03,10:11:58.260,4.5
2016-04-03,10:11:59.263,4.5
2016-04-03,10:12:00.305,4.5
2016-04-03,10:12:01.265,4.5
2016-04-03,10:12:02.256,4.5
2016-04-03,10:12:03.259,4.5
2016-04-03,10:12:04.263,4.5
2016-04-03,10:12:05.261,4.5
2016-04-03,10:12:06.257,4.5
2016-04-03,10:12:07.293,4.5
2016-04-03,10:12:08.258,4.5
2016-04-03,10:12:09.260,4.5
2016-04-03,10:12:10.264,4.5
2016-04-03,10:12:11.254,4.5
2016-04-03,10:12:12.263,4.5
2016-04-03,10:12:13.257,4.5
2016-04-03,10:12:14.264,4.5
2016-04-03,10:12:15.257,4.5
2016-04-03,10:12:16.260,4.5
2016-04-03,10:12:17.263,4.5
2016-04-03,10:12:18.256,4.5
2016-04-03,10:12:19.254,4.5
2016-04-03,10:12:20.256,4.5
2016-04-03,10:12:21.262,4.5
2016-04-03,10:12:22.264,4.5
2016-04-03,10:12:23.256,4.5
2016-04-03,10:12:24.265,4.5
2016-04-03,10:12:25.260,4.5
2016-04-03,10:12:26.255,4.5
2016-04-03,10:12:27.260,4.5
2016-04-03,10:12:28.255,4.5
2016-04-03,10:12:29.254,4.5
2016-04-03,10:12:30.268,4.5
2016-04-03,10:12:31.263,4.5
2016-04-03,10:12:32.280,4.5
2016-04-03,10:12:33.261,4.5
2016-04-03,10:12:34.263,4.5
2016-04-03,10:12:35.268,4.5
2016-04-03,10:12:36.254,4.5
2016-04-03,10:12:37.298,4.5
2016-04-03,10:12:38.256,4.5
2016-04-03,10:12:39.253,4.5
2016-04-03,10:12:40.255,4.5
2016-04-03,10:12:41.257,4.5
2016-04-03,10:12:42.269,4.5
2016-04-03,10:12:43.253,4.5
2016-04-03,10:12:44.260,4.5
2016-04-03,10:12:45.255,4.5
2016-04-03,10:12:46.255,4.5
2016-04-03,10:12:47.338,4.5
2016-04-03,10:12:48.259,4.5
2016-04-03,10:12:49.286,4.5
2016-04-03,10:12:50.264,4.5
2016-04-03,10:12:51.255,4.5
2016-04-03,10:12:52.255,4.5
2016-04-03,10:12:53.261,4.5
2016-04-03,10:12:54.256,4.5
2016-04-03,10:12:55.252,4.5
2016-04-03,10:12:56.274,4.5
2016-04-03,10:12:57.309,4.5
2016-04-03,10:12:58.263,4.5
2016-04-03,10:12:59.254,4.5
2016-04-03,10:13:00.278,4.5
2016-04-03,10:13:01.255,4.5
2016-04-03,10:13:02.259,4.5
2016-04-03,10:13:03.254,4.5
2016-04-03,10:13:04.267,4.5
2016-04-03,10:13:05.262,4.5
2016-04-03,10:13:06.264,4.5
2016-04-03,10:13:07.348,4.5
2016-04-03,10:13:08.254,4.5
2016-04-03,10:13:09.261,4.5
2016-04-03,10:13:10.288,4.5
2016-04-03,10:13:11.255,4.5
2016-04-03,10:13:12.260,4.5
2016-04-03,10:13:13.263,4.5
2016-04-03,10:13:14.265,4.5
2016-04-03,10:13:15.254,4.5
2016-04-03,10:13:16.291,4.5
2016-04-03,10:13:17.269,4.5
2016-04-03,10:13:18.265,4.5
2016-04-03,10:13:19.256,4.5
2016-04-03,10:13:20.262,4.5
2016-04-03,10:13:21.256,4.5
2016-04-03,10:13:22.261,4.5
2016-04-03,10:13:23.258,4.5
2016-04-03,10:13:24.286,4.5
2016-04-03,10:13:25.267,4.5
2016-04-03,10:13:26.256,4.5
2016-04-03,10:13:27.267,4.5
2016-04-03,10:13:28.255,4.5
2016-04-03,10:13:29.254,4.5
2016-04-03,10:13:30.265,4.5
2016-04-03,10:13:31.301,4.5
2016-04-03,10:13:32.268,4.5
2016-04-03,10:13:33.255,4.5
2016-04-03,10:13:34.268,4.5
2016-04-03,10:13:35.256,4.5
2016-04-03,10:13:36.254,4.5
2016-04-03,10:13:37.258,4.5
2016-04-03,10:13:38.290,4.5
2016-04-03,10:13:39.259,4.5
2016-04-03,10:13:40.256,4.5
2016-04-03,10:13:41.254,4.5
2016-04-03,10:13:42.256,4.5
2016-04-03,10:13:43.257,4.5
2016-04-03,10:13:44.259,4.5
2016-04-03,10:13:45.289,4.5
2016-04-03,10:13:46.266,4.5
2016-04-03,10:13:47.255,4.5
2016-04-03,10:13:48.261,4.5
2016-04-03,10:13:49.255,4.5
2016-04-03,10:13:50.261,4.5
2016-04-03,10:13:51.260,4.5
2016-04-03,10:13:52.259,4.5
2016-04-03,10:13:53.266,4.5
2016-04-03,10:13:54.274,4.5
2016-04-03,10:13:55.256,4.5
2016-04-03,10:13:56.253,4.5
2016-04-03,10:13:57.264,4.5
2016-04-03,10:13:58.259,4.5
2016-04-03,10:13:59.263,4.5
2016-04-03,10:14:00.256,4.5
2016-04-03,10:14:01.269,4.5
2016-04-03,10:14:02.255,4.5
2016-04-03,10:14:03.255,4.5
2016-04-03,10:14:04.266,4.5
2016-04-03,10:14:05.271,4.5
2016-04-03,10:14:06.261,4.5
2016-04-03,10:14:07.263,4.5
2016-04-03,10:14:08.257,4.5
2016-04-03,10:14:09.256,4.5
2016-04-03,10:14:10.264,4.5
2016-04-03,10:14:11.256,4.5
2016-04-03,10:14:12.263,4.5
2016-04-03,10:14:13.280,4.5
2016-04-03,10:14:14.254,4.5
2016-04-03,10:14:15.252,4.5
2016-04-03,10:14:16.266,4.5
2016-04-03,10:14:17.270,4.5
2016-04-03,10:14:18.256,4.5
2016-04-03,10:14:19.258,4.5
2016-04-03,10:14:20.282,4.5
2016-04-03,10:14:21.254,4.5
2016-04-03,10:14:22.267,4.5
2016-04-03,10:14:23.265,4.5
2016-04-03,10:14:24.257,4.5
2016-04-03,10:14:25.253,4.5
2016-04-03,10:14:26.264,4.5
2016-04-03,10:14:27.265,4.5
2016-04-03,10:14:28.256,4.5
2016-04-03,10:14:29.255,4.5
2016-04-03,10:14:30.256,4.5
2016-04-03,10:14:31.263,4.5
2016-04-03,10:14:32.256,4.5
2016-04-03,10:14:33.266,4.5
2016-04-03,10:14:34.256,4.5
2016-04-03,10:14:35.265,4.5
2016-04-03,10:14:36.269,4.5
2016-04-03,10:14:37.254,4.5
2016-04-03,10:14:38.255,4.5
2016-04-03,10:14:39.255,4.5
2016-04-03,10:14:40.263,4.5
2016-04-03,10:14:41.254,4.5
2016-04-03,10:14:42.253,4.5
2016-04-03,10:14:43.255,4.5
2016-04-03,10:14:44.254,4.5
2016-04-03,10:14:45.263,4.5
2016-04-03,10:14:46.256,4.5
2016-04-03,10:14:47.289,4.5
2016-04-03,10:14:48.264,4.5
2016-04-03,10:14:49.265,4.5
2016-04-03,10:14:50.256,4.5
2016-04-03,10:14:51.257,4.5
2016-04-03,10:14:52.265,4.5
2016-04-03,10:14:53.259,4.5
2016-04-03,10:14:54.264,4.5
2016-04-03,10:14:55.264,4.5
2016-04-03,10:14:56.255,4.5
2016-04-03,10:14:57.264,4.5
2016-04-03,10:14:58.257,4.5
2016-04-03,10:14:59.255,4.5
2016-04-03,10:15:00.261,4.5
2016-04-03,10:15:01.264,4.5
2016-04-03,10:15:02.312,4.5
2016-04-03,10:15:03.253,4.5
2016-04-03,10:15:04.257,4.5
2016-04-03,10:15:05.257,4.5
2016-04-03,10:15:06.266,4.5
2016-04-03,10:15:07.257,4.5
2016-04-03,10:15:08.263,4.5
2016-04-03,10:15:09.293,4.5
2016-04-03,10:15:10.263,4.5
2016-04-03,10:15:11.258,4.5
2016-04-03,10:15:12.255,4.5
2016-04-03,10:15:13.255,4.5
2016-04-03,10:15:14.256,4.5
2016-04-03,10:15:15.264,4.5
2016-04-03,10:15:16.263,4.5
2016-04-03,10:15:17.256,4.5
2016-04-03,10:15:18.256,4.5
2016-04-03,10:15:19.256,4.5
2016-04-03,10:15:20.258,4.5
2016-04-03,10:15:21.257,4.5
2016-04-03,10:15:22.261,4.5
2016-04-03,10:15:23.276,4.5
2016-04-03,10:15:24.259,4.5
2016-04-03,10:15:25.257,4.5
2016-04-03,10:15:26.260,4.5
2016-04-03,10:15:27.254,4.5
2016-04-03,10:15:28.258,4.5
2016-04-03,10:15:29.259,4.5
2016-04-03,10:15:30.260,4.5
2016-04-03,10:15:31.260,4.5
2016-04-03,10:15:32.260,4.5
2016-04-03,10:15:33.253,5.4
2016-04-03,10:15:34.254,4.5
2016-04-03,10:15:35.254,4.5
2016-04-03,10:15:36.253,4.5
2016-04-03,10:15:37.257,4.5
2016-04-03,10:15:38.253,4.5
2016-04-03,10:15:39.260,4.5
2016-04-03,10:15:40.263,4.5
2016-04-03,10:15:41.256,4.5
2016-04-03,10:15:42.253,4.5
2016-04-03,10:15:43.262,4.5
2016-04-03,10:15:44.264,4.5
2016-04-03,10:15:45.266,4.5
2016-04-03,10:15:46.263,4.5
2016-04-03,10:15:47.263,4.5
2016-04-03,10:15:48.264,4.5
2016-04-03,10:15:49.271,4.5
2016-04-03,10:15:50.275,4.5
2016-04-03,10:15:51.264,4.5
2016-04-03,10:15:52.259,4.5
2016-04-03,10:15:53.265,4.5
2016-04-03,10:15:54.264,4.5
2016-04-03,10:15:55.255,4.5
2016-04-03,10:15:56.263,4.5
2016-04-03,10:15:57.260,4.5
2016-04-03,10:15:58.277,4.5
2016-04-03,10:15:59.258,4.5
2016-04-03,10:16:00.260,4.5
2016-04-03,10:16:01.258,4.5
2016-04-03,10:16:02.256,4.5
2016-04-03,10:16:03.277,4.5
2016-04-03,10:16:04.255,4.5
2016-04-03,10:16:05.257,4.5
2016-04-03,10:16:06.255,4.5
2016-04-03,10:16:07.261,4.5
2016-04-03,10:16:08.267,4.5
2016-04-03,10:16:09.258,4.5
2016-04-03,10:16:10.257,4.5
2016-04-03,10:16:11.258,4.5
2016-04-03,10:16:12.260,4.5
2016-04-03,10:16:13.268,4.5
2016-04-03,10:16:14.260,4.5
2016-04-03,10:16:15.255,4.5
2016-04-03,10:16:16.256,4.5
2016-04-03,10:16:17.257,4.5
2016-04-03,10:16:18.286,4.5
2016-04-03,10:16:19.258,4.5
2016-04-03,10:16:20.257,4.5
2016-04-03,10:16:21.264,4.5
2016-04-03,10:16:22.259,4.5
2016-04-03,10:16:23.256,4.5
2016-04-03,10:16:24.257,4.5
2016-04-03,10:16:25.255,4.5
2016-04-03,10:16:26.256,4.5
2016-04-03,10:16:27.257,4.5
2016-04-03,10:16:28.262,4.5
2016-04-03,10:16:29.296,4.5
2016-04-03,10:16:30.262,4.5
2016-04-03,10:16:31.257,4.5
2016-04-03,10:16:32.263,4.5
2016-04-03,10:16:33.258,4.5
2016-04-03,10:16:34.258,4.5
2016-04-03,10:16:35.259,4.5
2016-04-03,10:16:36.257,4.5
2016-04-03,10:16:37.264,4.5
2016-04-03,10:16:38.258,4.5
2016-04-03,10:16:39.256,4.5
2016-04-03,10:16:40.254,4.5
2016-04-03,10:16:41.255,4.5
2016-04-03,10:16:42.261,4.5
2016-04-03,10:16:43.256,4.5
2016-04-03,10:16:44.267,4.5
2016-04-03,10:16:45.256,4.5
2016-04-03,10:16:46.255,4.5
2016-04-03,10:16:47.255,4.5
2016-04-03,10:16:48.257,4.5
2016-04-03,10:16:49.259,4.5
2016-04-03,10:16:50.263,4.5
2016-04-03,10:16:51.256,4.5
2016-04-03,10:16:52.255,4.5
2016-04-03,10:16:53.257,4.5
2016-04-03,10:16:54.257,4.5
2016-04-03,10:16:55.265,4.5
2016-04-03,10:16:56.261,4.5
2016-04-03,10:16:57.256,4.5
2016-04-03,10:16:58.264,4.5
2016-04-03,10:16:59.255,4.5
2016-04-03,10:17:00.261,4.5
2016-04-03,10:17:01.256,4.5
2016-04-03,10:17:02.261,4.5
2016-04-03,10:17:03.263,4.5
2016-04-03,10:17:04.264,4.5
2016-04-03,10:17:05.259,4.5
2016-04-03,10:17:06.288,4.5
2016-04-03,10:17:07.265,4.5
2016-04-03,10:17:08.256,4.5
2016-04-03,10:17:09.257,4.5
2016-04-03,10:17:10.258,4.5
2016-04-03,10:17:11.264,4.5
2016-04-03,10:17:12.257,4.5
2016-04-03,10:17:13.255,4.5
2016-04-03,10:17:14.263,4.5
2016-04-03,10:17:15.257,4.5
2016-04-03,10:17:16.264,4.5
2016-04-03,10:17:17.258,4.5
2016-04-03,10:17:18.262,4.5
2016-04-03,10:17:19.257,4.5
2016-04-03,10:17:20.255,4.5
2016-04-03,10:17:21.262,4.5
2016-04-03,10:17:22.260,4.5
2016-04-03,10:17:23.263,4.5
2016-04-03,10:17:24.261,4.5
2016-04-03,10:17:25.264,4.5
2016-04-03,10:17:26.259,4.5
2016-04-03,10:17:27.262,4.5
2016-04-03,10:17:28.264,4.5
2016-04-03,10:17:29.333,4.5
2016-04-03,10:17:30.256,4.5
2016-04-03,10:17:31.258,4.5
2016-04-03,10:17:32.255,4.5
2016-04-03,10:17:33.253,4.5
2016-04-03,10:17:34.255,4.5
2016-04-03,10:17:35.255,4.5
2016-04-03,10:17:36.254,4.5
2016-04-03,10:17:37.254,4.5
2016-04-03,10:17:38.263,4.5
2016-04-03,10:17:39.254,4.5
2016-04-03,10:17:40.258,4.5
2016-04-03,10:17:41.254,4.5
2016-04-03,10:17:42.256,0.0
2016-04-03,10:17:43.255,0.0
2016-04-03,10:17:44.258,0.0
2016-04-03,10:17:45.259,0.0
2016-04-03,10:17:46.258,0.0
2016-04-03,10:17:47.253,0.0
2016-04-03,10:17:48.271,0.0
2016-04-03,10:17:49.259,0.0
2016-04-03,10:17:50.266,0.0
2016-04-03,10:17:51.265,0.0
2016-04-03,10:17:52.262,0.0
