2016-04-03,09:25:30.036,1.0
2016-04-03,09:25:31.002,1.0
2016-04-03,09:25:32.026,1.0
2016-04-03,09:25:33.002,1.0
2016-04-03,09:25:34.025,1.0
2016-04-03,09:25:35.000,1.0
2016-04-03,09:25:36.024,1.0
2016-04-03,09:25:36.999,1.0
2016-04-03,09:25:38.022,1.0
2016-04-03,09:25:38.997,1.0
2016-04-03,09:25:40.948,1.0
2016-04-03,09:25:41.045,1.0
2016-04-03,09:25:42.020,1.0
2016-04-03,09:25:43.044,1.0
2016-04-03,09:25:44.019,1.0
2016-04-03,09:25:45.044,1.0
2016-04-03,09:25:46.019,1.0
2016-04-03,09:25:47.043,1.0
2016-04-03,09:25:48.016,1.0
2016-04-03,09:25:49.918,1.0
2016-04-03,09:25:50.015,1.0
2016-04-03,09:25:51.039,1.0
2016-04-03,09:25:52.014,1.0
2016-04-03,09:25:53.037,1.0
2016-04-03,09:25:54.012,1.0
2016-04-03,09:25:55.036,1.0
2016-04-03,09:25:56.049,1.0
2016-04-03,09:25:57.035,1.0
2016-04-03,09:25:58.059,1.0
2016-04-03,09:25:59.034,1.0
2016-04-03,09:26:00.057,1.0
2016-04-03,09:26:01.284,1.0
2016-04-03,09:26:02.278,1.0
2016-04-03,09:26:03.277,1.0
2016-04-03,09:26:04.775,1.0
2016-04-03,09:26:05.735,1.0
2016-04-03,09:26:06.732,1.0
2016-04-03,09:26:07.759,1.0
2016-04-03,09:26:08.762,1.0
2016-04-03,09:26:09.759,1.0
2016-04-03,09:26:10.762,1.0
2016-04-03,09:26:11.763,1.0
2016-04-03,09:26:12.753,1.0
2016-04-03,09:26:13.740,1.0
2016-04-03,09:26:14.749,1.0
2016-04-03,09:26:15.750,1.0
2016-04-03,09:26:16.746,1.0
2016-04-03,09:26:17.746,1.0
2016-04-03,09:26:18.741,1.0
2016-04-03,09:26:19.743,1.0
2016-04-03,09:26:20.738,1.0
2016-04-03,09:26:21.198,1.0
2016-04-03,09:26:22.193,1.0
2016-04-03,09:26:23.193,1.0
2016-04-03,09:26:24.189,1.0
2016-04-03,09:26:25.226,1.0
2016-04-03,09:26:26.184,1.0
2016-04-03,09:26:27.222,1.0
2016-04-03,09:26:28.210,1.0
2016-04-03,09:26:29.205,1.0
2016-04-03,09:26:30.199,1.0
2016-04-03,09:26:31.221,1.0
2016-04-03,09:26:32.209,1.0
2016-04-03,09:26:33.228,1.0
2016-04-03,09:26:34.164,1.0
2016-04-03,09:26:35.161,1.0
2016-04-03,09:26:36.160,1.0
2016-04-03,09:26:37.156,1.0
2016-04-03,09:26:38.154,1.0
2016-04-03,09:26:39.159,1.0
2016-04-03,09:26:40.148,1.0
2016-04-03,09:26:41.146,1.0
2016-04-03,09:26:42.144,1.0
2016-04-03,09:26:43.141,1.0
2016-04-03,09:26:44.139,1.0
2016-04-03,09:26:45.136,1.0
2016-04-03,09:26:46.134,1.0
2016-04-03,09:26:47.131,1.0
2016-04-03,09:26:48.129,1.0
2016-04-03,09:26:49.126,1.0
2016-04-03,09:26:50.124,1.0
2016-04-03,09:26:51.122,1.0
2016-04-03,09:26:52.118,1.0
2016-04-03,09:26:53.116,1.0
2016-04-03,09:26:54.114,1.0
2016-04-03,09:26:55.111,1.0
2016-04-03,09:26:56.109,1.0
2016-04-03,09:26:57.605,1.0
2016-04-03,09:26:58.602,1.0
2016-04-03,09:26:59.600,1.0
2016-04-03,09:27:00.099,1.0
2016-04-03,09:27:01.098,1.0
2016-04-03,09:27:02.095,1.0
2016-04-03,09:27:03.093,1.0
2016-04-03,09:27:04.090,1.0
2016-04-03,09:27:05.088,1.0
2016-04-03,09:27:06.085,1.0
2016-04-03,09:27:07.081,1.0
2016-04-03,09:27:08.080,1.0
2016-04-03,09:27:09.078,1.0
2016-04-03,09:27:10.075,1.0
2016-04-03,09:27:12.069,1.0
2016-04-03,09:27:13.067,1.0
2016-04-03,09:27:14.065,1.0
2016-04-03,09:27:15.063,1.0
2016-04-03,09:27:16.060,1.0
2016-04-03,09:27:17.057,1.0
2016-04-03,09:27:18.055,1.0
2016-04-03,09:27:19.053,1.0
2016-04-03,09:27:20.050,1.0
2016-04-03,09:27:21.048,1.0
2016-04-03,09:27:22.045,1.0
2016-04-03,09:27:23.041,1.0
2016-04-03,09:27:24.040,1.0
2016-04-03,09:27:25.036,1.0
2016-04-03,09:27:26.035,1.0
2016-04-03,09:27:27.033,1.0
2016-04-03,09:27:28.030,1.0
2016-04-03,09:27:29.028,1.0
2016-04-03,09:27:30.025,1.0
2016-04-03,09:27:31.023,1.0
2016-04-03,09:27:32.020,1.0
2016-04-03,09:27:33.017,1.0
2016-04-03,09:27:34.051,1.0
2016-04-03,09:27:35.050,1.0
2016-04-03,09:27:36.043,1.0
2016-04-03,09:27:37.039,1.0
2016-04-03,09:27:38.045,1.0
2016-04-03,09:27:39.048,1.0
2016-04-03,09:27:40.040,1.0
2016-04-03,09:27:40.498,1.0
2016-04-03,09:27:41.532,1.0
2016-04-03,09:27:42.537,1.0
2016-04-03,09:27:43.520,1.0
2016-04-03,09:27:44.520,1.0
2016-04-03,09:27:45.505,1.0
2016-04-03,09:27:46.496,1.0
2016-04-03,09:27:47.505,1.0
2016-04-03,09:27:49.411,1.0
2016-04-03,09:27:49.475,1.0
2016-04-03,09:27:50.496,1.0
2016-04-03,09:27:51.500,1.0
2016-04-03,09:27:52.490,1.0
2016-04-03,09:27:54.003,1.0
2016-04-03,09:27:54.999,1.0
2016-04-03,09:27:55.959,1.0
2016-04-03,09:27:56.958,1.0
2016-04-03,09:27:57.986,1.0
2016-04-03,09:27:58.953,1.0
2016-04-03,09:27:59.950,1.0
2016-04-03,09:28:00.946,1.0
2016-04-03,09:28:01.944,1.0
2016-04-03,09:28:02.941,1.0
2016-04-03,09:28:03.939,1.0
2016-04-03,09:28:04.938,1.0
2016-04-03,09:28:05.933,1.0
2016-04-03,09:28:06.932,1.0
2016-04-03,09:28:07.928,1.0
2016-04-03,09:28:08.926,1.0
2016-04-03,09:28:09.924,1.0
2016-04-03,09:28:10.921,1.0
2016-04-03,09:28:11.919,1.0
2016-04-03,09:28:12.916,1.0
2016-04-03,09:28:13.913,1.0
2016-04-03,09:28:14.911,1.0
2016-04-03,09:28:15.909,1.0
2016-04-03,09:28:16.906,1.0
2016-04-03,09:28:17.903,1.0
2016-04-03,09:28:18.901,1.0
2016-04-03,09:28:19.898,1.0
2016-04-03,09:28:24.249,1.0
2016-04-03,09:28:24.252,1.0
2016-04-03,09:28:24.268,1.0
2016-04-03,09:28:24.277,1.0
2016-04-03,09:28:24.387,1.0
2016-04-03,09:28:26.284,1.0
2016-04-03,09:28:26.881,1.0
2016-04-03,09:28:27.380,1.0
2016-04-03,09:28:28.377,1.0
2016-04-03,09:28:29.375,1.0
2016-04-03,09:28:30.372,1.0
2016-04-03,09:28:31.370,1.0
2016-04-03,09:28:32.368,1.0
2016-04-03,09:28:33.365,1.0
2016-04-03,09:28:34.363,1.0
2016-04-03,09:28:35.360,1.0
2016-04-03,09:28:36.357,1.0
2016-04-03,09:28:37.355,1.0
2016-04-03,09:28:38.352,1.0
2016-04-03,09:28:39.350,1.0
2016-04-03,09:28:40.347,1.0
2016-04-03,09:28:41.345,1.0
2016-04-03,09:28:42.342,1.0
2016-04-03,09:28:43.340,1.0
2016-04-03,09:28:44.337,1.0
2016-04-03,09:28:45.335,1.0
2016-04-03,09:28:46.332,1.0
2016-04-03,09:28:47.330,1.0
2016-04-03,09:28:48.327,1.0
2016-04-03,09:28:49.325,1.0
2016-04-03,09:28:50.323,1.0
2016-04-03,09:28:51.819,1.0
2016-04-03,09:28:52.816,1.0
2016-04-03,09:28:53.813,1.0
2016-04-03,09:28:54.811,1.0
2016-04-03,09:28:55.809,1.0
2016-04-03,09:28:56.806,1.0
2016-04-03,09:28:57.803,1.0
2016-04-03,09:28:58.802,1.0
2016-04-03,09:28:59.799,1.0
2016-04-03,09:29:00.798,1.0
2016-04-03,09:29:01.794,1.0
2016-04-03,09:29:02.293,1.0
2016-04-03,09:29:03.290,1.0
2016-04-03,09:29:04.288,1.0
2016-04-03,09:29:05.285,1.0
2016-04-03,09:29:06.282,1.0
2016-04-03,09:29:07.280,1.0
2016-04-03,09:29:08.278,1.0
2016-04-03,09:29:09.275,1.0
2016-04-03,09:29:10.272,1.0
2016-04-03,09:29:11.769,1.0
2016-04-03,09:29:12.267,1.0
2016-04-03,09:29:13.265,1.0
2016-04-03,09:29:14.265,1.0
2016-04-03,09:29:15.260,1.0
2016-04-03,09:29:16.257,1.0
2016-04-03,09:29:17.258,1.0
2016-04-03,09:29:18.253,1.0
2016-04-03,09:29:19.250,1.0
2016-04-03,09:29:20.249,1.0
2016-04-03,09:29:21.247,1.0
2016-04-03,09:29:22.247,1.0
2016-04-03,09:29:23.241,1.0
2016-04-03,09:29:24.239,1.0
2016-04-03,09:29:25.237,1.0
2016-04-03,09:29:26.242,1.0
2016-04-03,09:29:27.230,1.0
2016-04-03,09:29:28.227,1.0
2016-04-03,09:29:29.225,1.0
2016-04-03,09:29:30.222,1.0
2016-04-03,09:29:31.220,1.0
2016-04-03,09:29:32.231,1.0
2016-04-03,09:29:33.215,1.0
2016-04-03,09:29:34.213,1.0
2016-04-03,09:29:35.210,1.0
2016-04-03,09:29:36.208,1.0
2016-04-03,09:29:37.706,1.0
2016-04-03,09:29:38.202,1.0
2016-04-03,09:29:39.200,1.0
2016-04-03,09:29:40.197,1.0
2016-04-03,09:29:41.195,1.0
2016-04-03,09:29:42.192,1.0
2016-04-03,09:29:44.194,1.0
2016-04-03,09:29:45.185,1.0
2016-04-03,09:29:46.182,1.0
2016-04-03,09:29:47.180,1.0
2016-04-03,09:29:48.178,1.0
2016-04-03,09:29:49.175,1.0
2016-04-03,09:29:50.173,1.0
2016-04-03,09:29:51.170,1.0
2016-04-03,09:29:52.168,1.0
2016-04-03,09:29:53.165,1.0
2016-04-03,09:29:54.163,1.0
2016-04-03,09:29:55.160,1.0
2016-04-03,09:29:56.158,1.0
2016-04-03,09:29:57.155,1.0
2016-04-03,09:29:58.159,1.0
2016-04-03,09:29:59.150,1.0
2016-04-03,09:30:00.148,1.0
2016-04-03,09:30:01.145,1.0
2016-04-03,09:30:02.143,1.0
2016-04-03,09:30:03.140,1.0
2016-04-03,09:30:04.137,1.0
2016-04-03,09:30:05.135,1.0
2016-04-03,09:30:06.136,1.0
2016-04-03,09:30:07.130,1.0
2016-04-03,09:30:08.127,1.0
2016-04-03,09:30:09.125,1.0
2016-04-03,09:30:10.123,1.0
2016-04-03,09:30:11.732,1.0
2016-04-03,09:30:12.117,1.0
2016-04-03,09:30:13.115,1.0
2016-04-03,09:30:14.113,1.0
2016-04-03,09:30:15.110,1.0
2016-04-03,09:30:16.107,1.0
2016-04-03,09:30:17.105,1.0
2016-04-03,09:30:18.102,1.0
2016-04-03,09:30:19.100,1.0
2016-04-03,09:30:20.097,1.0
2016-04-03,09:30:21.095,1.0
2016-04-03,09:30:22.092,1.0
2016-04-03,09:30:23.090,1.0
2016-04-03,09:30:23.589,1.0
2016-04-03,09:30:24.586,1.0
2016-04-03,09:30:25.584,1.0
2016-04-03,09:30:26.581,1.0
2016-04-03,09:30:27.578,1.0
2016-04-03,09:30:28.577,1.0
2016-04-03,09:30:29.574,1.0
2016-04-03,09:30:30.571,1.0
2016-04-03,09:30:31.569,1.0
2016-04-03,09:30:32.566,1.0
2016-04-03,09:30:33.564,1.0
2016-04-03,09:30:34.561,1.0
2016-04-03,09:30:35.559,1.0
2016-04-03,09:30:36.556,1.0
2016-04-03,09:30:37.554,1.0
2016-04-03,09:30:38.551,1.0
2016-04-03,09:30:39.549,1.0
2016-04-03,09:30:40.546,1.0
2016-04-03,09:30:41.544,1.0
2016-04-03,09:30:42.542,1.0
2016-04-03,09:30:44.038,1.0
2016-04-03,09:30:45.035,1.0
2016-04-03,09:30:46.033,1.0
2016-04-03,09:30:47.030,1.0
2016-04-03,09:30:48.027,1.0
2016-04-03,09:30:49.025,1.0
2016-04-03,09:30:50.023,1.0
2016-04-03,09:30:51.020,1.0
2016-04-03,09:30:52.018,1.0
2016-04-03,09:30:53.015,1.0
2016-04-03,09:30:54.013,1.0
2016-04-03,09:30:55.010,1.0
2016-04-03,09:30:56.008,1.0
2016-04-03,09:30:57.005,1.0
2016-04-03,09:30:58.003,1.0
2016-04-03,09:30:59.000,1.0
2016-04-03,09:30:59.998,1.0
2016-04-03,09:31:00.995,1.0
2016-04-03,09:31:01.993,1.0
2016-04-03,09:31:02.990,1.0
2016-04-03,09:31:03.989,1.0
2016-04-03,09:31:04.985,1.0
2016-04-03,09:31:05.484,1.0
2016-04-03,09:31:06.482,1.0
2016-04-03,09:31:07.479,1.0
2016-04-03,09:31:08.476,1.0
2016-04-03,09:31:09.474,1.0
2016-04-03,09:31:10.472,1.0
2016-04-03,09:31:11.469,1.0
2016-04-03,09:31:12.466,1.0
2016-04-03,09:31:13.464,1.0
2016-04-03,09:31:14.462,1.0
2016-04-03,09:31:15.459,1.0
2016-04-03,09:31:16.456,1.0
2016-04-03,09:31:17.454,1.0
2016-04-03,09:31:18.451,1.0
2016-04-03,09:31:19.449,1.0
2016-04-03,09:31:20.446,1.0
2016-04-03,09:31:21.444,1.0
2016-04-03,09:31:22.441,1.0
2016-04-03,09:31:23.439,1.0
2016-04-03,09:31:24.437,1.0
2016-04-03,09:31:25.434,1.0
2016-04-03,09:31:26.431,1.0
2016-04-03,09:31:27.429,1.0
2016-04-03,09:31:28.426,1.0
2016-04-03,09:31:29.424,1.0
2016-04-03,09:31:30.422,1.0
2016-04-03,09:31:31.918,1.0
2016-04-03,09:31:32.915,1.0
2016-04-03,09:31:33.912,1.0
2016-04-03,09:31:34.910,1.0
2016-04-03,09:31:35.908,1.0
2016-04-03,09:31:36.905,1.0
2016-04-03,09:31:37.904,1.0
2016-04-03,09:31:38.900,1.0
2016-04-03,09:31:39.898,1.0
2016-04-03,09:31:40.895,1.0
2016-04-03,09:31:41.893,1.0
2016-04-03,09:31:42.890,1.0
2016-04-03,09:31:43.888,1.0
2016-04-03,09:31:44.386,1.0
2016-04-03,09:31:45.383,1.0
2016-04-03,09:31:46.381,1.0
2016-04-03,09:31:47.379,1.0
2016-04-03,09:31:48.376,1.0
2016-04-03,09:31:49.374,1.0
2016-04-03,09:31:50.372,1.0
2016-04-03,09:31:51.369,1.0
2016-04-03,09:31:52.366,1.0
2016-04-03,09:31:53.365,1.0
2016-04-03,09:31:54.361,1.0
2016-04-03,09:31:55.359,1.0
2016-04-03,09:31:56.357,1.0
2016-04-03,09:31:57.354,1.0
2016-04-03,09:31:58.351,1.0
2016-04-03,09:31:59.352,1.0
2016-04-03,09:32:00.346,1.0
2016-04-03,09:32:01.344,1.0
2016-04-03,09:32:02.341,1.0
2016-04-03,09:32:03.339,1.0
2016-04-03,09:32:04.336,1.0
2016-04-03,09:32:05.338,1.0
2016-04-03,09:32:06.331,1.0
2016-04-03,09:32:07.329,1.0
2016-04-03,09:32:08.326,1.0
2016-04-03,09:32:09.323,1.0
2016-04-03,09:32:10.321,1.0
2016-04-03,09:32:11.319,1.0
2016-04-03,09:32:12.316,1.0
2016-04-03,09:32:13.314,1.0
2016-04-03,09:32:15.309,1.0
2016-04-03,09:32:16.306,1.0
2016-04-03,09:32:17.304,1.0
2016-04-03,09:32:18.301,1.0
2016-04-03,09:32:19.298,1.0
2016-04-03,09:32:20.296,1.0
2016-04-03,09:32:20.795,1.0
2016-04-03,09:32:21.793,1.0
2016-04-03,09:32:22.790,1.0
2016-04-03,09:32:24.287,1.0
2016-04-03,09:32:25.284,1.0
2016-04-03,09:32:26.281,1.0
2016-04-03,09:32:27.278,1.0
2016-04-03,09:32:28.276,1.0
2016-04-03,09:32:29.274,1.0
2016-04-03,09:32:30.271,1.0
2016-04-03,09:32:31.269,1.0
2016-04-03,09:32:32.266,1.0
2016-04-03,09:32:33.264,1.0
2016-04-03,09:32:34.261,1.0
2016-04-03,09:32:35.260,1.0
2016-04-03,09:32:36.256,1.0
2016-04-03,09:32:37.254,1.0
2016-04-03,09:32:38.252,1.0
2016-04-03,09:32:39.249,1.0
2016-04-03,09:32:40.247,1.0
2016-04-03,09:32:41.245,1.0
2016-04-03,09:32:42.242,1.0
2016-04-03,09:32:43.239,1.0
2016-04-03,09:32:44.237,1.0
2016-04-03,09:32:45.234,1.0
2016-04-03,09:32:46.233,1.0
2016-04-03,09:32:47.230,1.0
2016-04-03,09:32:48.226,1.0
2016-04-03,09:32:49.223,1.0
2016-04-03,09:32:50.221,1.0
2016-04-03,09:32:51.219,1.0
2016-04-03,09:32:52.216,1.0
2016-04-03,09:32:53.214,1.0
2016-04-03,09:32:54.211,1.0
2016-04-03,09:32:55.209,1.0
2016-04-03,09:32:56.206,1.0
2016-04-03,09:32:57.205,1.0
2016-04-03,09:32:58.201,1.0
2016-04-03,09:32:59.199,1.0
2016-04-03,09:32:59.703,1.0
2016-04-03,09:33:00.695,1.0
2016-04-03,09:33:01.693,1.0
2016-04-03,09:33:02.690,1.0
2016-04-03,09:33:03.688,1.0
2016-04-03,09:33:04.685,1.0
2016-04-03,09:33:05.682,1.0
2016-04-03,09:33:06.681,1.0
2016-04-03,09:33:07.678,1.0
2016-04-03,09:33:08.675,1.0
2016-04-03,09:33:09.673,1.0
2016-04-03,09:33:10.670,1.0
2016-04-03,09:33:11.667,1.0
2016-04-03,09:33:12.665,1.0
2016-04-03,09:33:13.662,1.0
2016-04-03,09:33:14.660,1.0
2016-04-03,09:33:15.658,1.0
2016-04-03,09:33:17.154,1.0
2016-04-03,09:33:18.151,1.0
2016-04-03,09:33:19.149,1.0
2016-04-03,09:33:20.146,1.0
2016-04-03,09:33:21.144,1.0
2016-04-03,09:33:22.145,1.0
2016-04-03,09:33:23.139,1.0
2016-04-03,09:33:24.136,1.0
2016-04-03,09:33:25.134,1.0
2016-04-03,09:33:26.131,1.0
2016-04-03,09:33:27.129,1.0
2016-04-03,09:33:28.126,1.0
2016-04-03,09:33:29.124,1.0
2016-04-03,09:33:30.122,1.0
2016-04-03,09:33:31.119,1.0
2016-04-03,09:33:32.117,1.0
2016-04-03,09:33:33.114,1.0
2016-04-03,09:33:34.111,1.0
2016-04-03,09:33:35.109,1.0
2016-04-03,09:33:36.107,1.0
2016-04-03,09:33:37.104,1.0
2016-04-03,09:33:38.101,1.0
2016-04-03,09:33:38.600,1.0
2016-04-03,09:33:39.597,1.0
2016-04-03,09:33:40.596,1.0
2016-04-03,09:33:41.592,1.0
2016-04-03,09:33:42.590,1.0
2016-04-03,09:33:43.589,1.0
2016-04-03,09:33:44.585,1.0
2016-04-03,09:33:45.583,1.0
2016-04-03,09:33:46.580,1.0
2016-04-03,09:33:47.578,1.0
2016-04-03,09:33:48.575,1.0
2016-04-03,09:33:49.572,1.0
2016-04-03,09:33:50.570,1.0
2016-04-03,09:33:51.569,1.0
2016-04-03,09:33:52.566,1.0
2016-04-03,09:33:53.563,1.0
2016-04-03,09:33:54.560,1.0
2016-04-03,09:33:55.557,1.0
2016-04-03,09:33:56.555,1.0
2016-04-03,09:33:57.553,1.0
2016-04-03,09:33:58.550,1.0
2016-04-03,09:33:59.548,1.0
2016-04-03,09:34:00.545,1.0
2016-04-03,09:34:01.545,1.0
2016-04-03,09:34:02.541,1.0
2016-04-03,09:34:03.538,1.0
2016-04-03,09:34:04.535,1.0
2016-04-03,09:34:05.533,1.0
2016-04-03,09:34:06.531,1.0
2016-04-03,09:34:07.528,1.0
2016-04-03,09:34:08.525,1.0
2016-04-03,09:34:09.523,1.0
2016-04-03,09:34:11.019,1.0
2016-04-03,09:34:12.016,1.0
2016-04-03,09:34:13.014,1.0
2016-04-03,09:34:14.011,1.0
2016-04-03,09:34:15.011,1.0
2016-04-03,09:34:16.006,1.0
2016-04-03,09:34:16.505,1.0
2016-04-03,09:34:17.502,1.0
2016-04-03,09:34:18.500,1.0
2016-04-03,09:34:19.498,1.0
2016-04-03,09:34:20.495,1.0
2016-04-03,09:34:21.493,1.0
2016-04-03,09:34:22.491,1.0
2016-04-03,09:34:23.487,1.0
2016-04-03,09:34:24.485,1.0
2016-04-03,09:34:25.483,1.0
2016-04-03,09:34:26.480,1.0
2016-04-03,09:34:27.478,1.0
2016-04-03,09:34:28.476,1.0
2016-04-03,09:34:29.473,1.0
2016-04-03,09:34:30.470,1.0
2016-04-03,09:34:31.470,1.0
2016-04-03,09:34:32.466,1.0
2016-04-03,09:34:33.463,1.0
2016-04-03,09:34:34.460,1.0
2016-04-03,09:34:35.458,1.0
2016-04-03,09:34:36.455,1.0
2016-04-03,09:34:37.453,1.0
2016-04-03,09:34:38.450,1.0
2016-04-03,09:34:39.448,1.0
2016-04-03,09:34:40.445,1.0
2016-04-03,09:34:41.443,1.0
2016-04-03,09:34:42.939,1.0
2016-04-03,09:34:44.435,1.0
2016-04-03,09:34:45.433,1.0
2016-04-03,09:34:46.431,1.0
2016-04-03,09:34:47.427,1.0
2016-04-03,09:34:48.425,1.0
2016-04-03,09:34:49.423,1.0
2016-04-03,09:34:50.420,1.0
2016-04-03,09:34:51.418,1.0
2016-04-03,09:34:52.415,1.0
2016-04-03,09:34:53.414,1.0
2016-04-03,09:34:54.410,1.0
2016-04-03,09:34:55.408,1.0
2016-04-03,09:34:56.904,1.0
2016-04-03,09:34:56.909,1.0
2016-04-03,09:34:57.901,1.0
2016-04-03,09:34:58.899,1.0
2016-04-03,09:34:59.896,1.0
2016-04-03,09:35:00.899,1.0
2016-04-03,09:35:02.390,1.0
2016-04-03,09:35:03.388,1.0
2016-04-03,09:35:04.385,1.0
2016-04-03,09:35:05.384,1.0
2016-04-03,09:35:06.380,1.0
2016-04-03,09:35:07.377,1.0
2016-04-03,09:35:08.375,1.0
2016-04-03,09:35:09.376,1.0
2016-04-03,09:35:10.370,1.0
2016-04-03,09:35:11.368,1.0
2016-04-03,09:35:12.365,1.0
2016-04-03,09:35:13.363,1.0
2016-04-03,09:35:14.360,1.0
2016-04-03,09:35:15.358,1.0
2016-04-03,09:35:16.355,1.0
2016-04-03,09:35:17.352,1.0
2016-04-03,09:35:18.350,1.0
2016-04-03,09:35:19.347,1.0
2016-04-03,09:35:20.345,1.0
2016-04-03,09:35:21.343,1.0
2016-04-03,09:35:22.340,1.0
2016-04-03,09:35:23.338,1.0
2016-04-03,09:35:24.335,1.0
2016-04-03,09:35:25.333,1.0
2016-04-03,09:35:26.330,1.0
2016-04-03,09:35:27.328,1.0
2016-04-03,09:35:28.325,1.0
2016-04-03,09:35:29.323,1.0
2016-04-03,09:35:30.320,1.0
2016-04-03,09:35:31.317,1.0
2016-04-03,09:35:32.315,1.0
2016-04-03,09:35:33.312,1.0
2016-04-03,09:35:34.310,1.0
2016-04-03,09:35:35.308,1.0
2016-04-03,09:35:35.806,1.0
2016-04-03,09:35:36.804,1.0
2016-04-03,09:35:37.802,1.0
2016-04-03,09:35:38.798,1.0
2016-04-03,09:35:40.295,1.0
2016-04-03,09:35:41.293,1.0
2016-04-03,09:35:41.791,1.0
2016-04-03,09:35:42.789,1.0
2016-04-03,09:35:43.786,1.0
2016-04-03,09:35:44.784,1.0
2016-04-03,09:35:45.781,1.0
2016-04-03,09:35:46.779,1.0
2016-04-03,09:35:47.776,1.0
2016-04-03,09:35:48.774,1.0
2016-04-03,09:35:49.771,1.0
2016-04-03,09:35:50.769,1.0
2016-04-03,09:35:51.766,1.0
2016-04-03,09:35:52.764,1.0
2016-04-03,09:35:53.762,1.0
2016-04-03,09:35:54.759,1.0
2016-04-03,09:35:55.757,1.0
2016-04-03,09:35:56.754,1.0
2016-04-03,09:35:58.250,1.0
2016-04-03,09:35:59.247,1.0
2016-04-03,09:36:00.245,1.0
2016-04-03,09:36:01.243,1.0
2016-04-03,09:36:02.240,1.0
2016-04-03,09:36:03.237,1.0
2016-04-03,09:36:04.236,1.0
2016-04-03,09:36:05.233,1.0
2016-04-03,09:36:06.230,1.0
2016-04-03,09:36:07.228,1.0
2016-04-03,09:36:08.225,1.0
2016-04-03,09:36:09.222,1.0
2016-04-03,09:36:10.220,1.0
2016-04-03,09:36:11.217,1.0
2016-04-03,09:36:12.215,1.0
2016-04-03,09:36:13.213,1.0
2016-04-03,09:36:14.210,1.0
2016-04-03,09:36:15.208,1.0
2016-04-03,09:36:16.205,1.0
2016-04-03,09:36:16.704,1.0
2016-04-03,09:36:17.701,1.0
2016-04-03,09:36:18.699,1.0
2016-04-03,09:36:19.696,1.0
2016-04-03,09:36:21.193,1.0
2016-04-03,09:36:21.692,1.0
2016-04-03,09:36:22.690,1.0
2016-04-03,09:36:23.686,1.0
2016-04-03,09:36:24.684,1.0
2016-04-03,09:36:25.682,1.0
2016-04-03,09:36:26.680,1.0
2016-04-03,09:36:27.676,1.0
2016-04-03,09:36:28.674,1.0
2016-04-03,09:36:29.673,1.0
2016-04-03,09:36:30.669,1.0
2016-04-03,09:36:31.666,1.0
2016-04-03,09:36:32.664,1.0
2016-04-03,09:36:33.662,1.0
2016-04-03,09:36:34.659,1.0
2016-04-03,09:36:35.657,1.0
2016-04-03,09:36:36.654,1.0
2016-04-03,09:36:37.651,1.0
2016-04-03,09:36:38.650,1.0
2016-04-03,09:36:39.646,1.0
2016-04-03,09:36:41.143,1.0
2016-04-03,09:36:41.641,1.0
2016-04-03,09:36:42.639,1.0
2016-04-03,09:36:43.637,1.0
2016-04-03,09:36:44.634,1.0
2016-04-03,09:36:45.632,1.0
2016-04-03,09:36:46.629,1.0
2016-04-03,09:36:47.627,1.0
2016-04-03,09:36:49.123,1.0
2016-04-03,09:36:50.120,1.0
2016-04-03,09:36:51.119,1.0
2016-04-03,09:36:52.115,1.0
2016-04-03,09:36:53.113,1.0
2016-04-03,09:36:54.111,1.0
2016-04-03,09:36:55.108,1.0
2016-04-03,09:36:55.606,1.0
2016-04-03,09:36:56.604,1.0
2016-04-03,09:36:57.602,1.0
2016-04-03,09:36:58.599,1.0
2016-04-03,09:36:59.596,1.0
2016-04-03,09:37:01.093,1.0
2016-04-03,09:37:01.591,1.0
2016-04-03,09:37:02.590,1.0
2016-04-03,09:37:03.586,1.0
2016-04-03,09:37:04.584,1.0
2016-04-03,09:37:05.582,1.0
2016-04-03,09:37:06.579,1.0
2016-04-03,09:37:07.577,1.0
2016-04-03,09:37:08.574,1.0
2016-04-03,09:37:09.571,1.0
2016-04-03,09:37:10.569,1.0
2016-04-03,09:37:11.566,1.0
2016-04-03,09:37:12.565,1.0
2016-04-03,09:37:13.561,1.0
2016-04-03,09:37:15.556,1.0
2016-04-03,09:37:16.555,1.0
2016-04-03,09:37:17.552,1.0
2016-04-03,09:37:18.549,1.0
2016-04-03,09:37:19.547,1.0
2016-04-03,09:37:20.544,1.0
2016-04-03,09:37:21.541,1.0
2016-04-03,09:37:22.540,1.0
2016-04-03,09:37:23.536,1.0
2016-04-03,09:37:24.535,1.0
2016-04-03,09:37:25.535,1.0
2016-04-03,09:37:26.529,1.0
2016-04-03,09:37:27.526,1.0
2016-04-03,09:37:28.524,1.0
2016-04-03,09:37:29.522,1.0
2016-04-03,09:37:30.520,1.0
2016-04-03,09:37:31.516,1.0
2016-04-03,09:37:32.514,1.0
2016-04-03,09:37:33.013,1.0
2016-04-03,09:37:34.010,1.0
2016-04-03,09:37:35.008,1.0
2016-04-03,09:37:36.005,1.0
2016-04-03,09:37:37.003,1.0
2016-04-03,09:37:38.000,1.0
2016-04-03,09:37:38.998,1.0
2016-04-03,09:37:40.494,1.0
2016-04-03,09:37:41.492,1.0
2016-04-03,09:37:42.489,1.0
2016-04-03,09:37:43.486,1.0
2016-04-03,09:37:44.484,1.0
2016-04-03,09:37:45.481,1.0
2016-04-03,09:37:46.479,1.0
2016-04-03,09:37:47.476,1.0
2016-04-03,09:37:48.474,1.0
2016-04-03,09:37:49.471,1.0
2016-04-03,09:37:50.469,1.0
2016-04-03,09:37:51.467,1.0
2016-04-03,09:37:52.464,1.0
2016-04-03,09:37:53.462,1.0
2016-04-03,09:37:54.459,1.0
2016-04-03,09:37:55.457,1.0
2016-04-03,09:37:56.455,1.0
2016-04-03,09:37:57.452,1.0
2016-04-03,09:37:58.449,1.0
2016-04-03,09:37:59.446,1.0
2016-04-03,09:38:00.444,1.0
2016-04-03,09:38:01.442,1.0
2016-04-03,09:38:02.439,1.0
2016-04-03,09:38:03.437,1.0
2016-04-03,09:38:04.434,1.0
2016-04-03,09:38:05.431,1.0
2016-04-03,09:38:06.429,1.0
2016-04-03,09:38:07.428,1.0
2016-04-03,09:38:08.424,1.0
2016-04-03,09:38:09.422,1.0
2016-04-03,09:38:10.419,1.0
2016-04-03,09:38:11.417,1.0
2016-04-03,09:38:12.414,1.0
2016-04-03,09:38:13.411,1.0
2016-04-03,09:38:13.910,1.0
2016-04-03,09:38:14.908,1.0
2016-04-03,09:38:15.906,1.0
2016-04-03,09:38:16.902,1.0
2016-04-03,09:38:17.900,1.0
2016-04-03,09:38:18.898,1.0
2016-04-03,09:38:19.895,1.0
2016-04-03,09:38:20.893,1.0
2016-04-03,09:38:21.890,1.0
2016-04-03,09:38:22.888,1.0
2016-04-03,09:38:23.885,1.0
2016-04-03,09:38:24.883,1.0
2016-04-03,09:38:25.880,1.0
2016-04-03,09:38:26.879,1.0
2016-04-03,09:38:27.875,1.0
2016-04-03,09:38:28.873,1.0
2016-04-03,09:38:29.870,1.0
2016-04-03,09:38:30.867,1.0
2016-04-03,09:38:31.865,1.0
2016-04-03,09:38:32.865,1.0
2016-04-03,09:38:33.861,1.0
2016-04-03,09:38:34.858,1.0
2016-04-03,09:38:35.855,1.0
2016-04-03,09:38:36.852,1.0
2016-04-03,09:38:37.850,1.0
2016-04-03,09:38:39.346,1.0
2016-04-03,09:38:40.344,1.0
2016-04-03,09:38:41.341,1.0
2016-04-03,09:38:42.339,1.0
2016-04-03,09:38:43.336,1.0
2016-04-03,09:38:44.334,1.0
2016-04-03,09:38:45.331,1.0
2016-04-03,09:38:46.329,1.0
2016-04-03,09:38:47.328,1.0
2016-04-03,09:38:48.324,1.0
2016-04-03,09:38:49.321,1.0
2016-04-03,09:38:50.319,1.0
2016-04-03,09:38:51.316,1.0
2016-04-03,09:38:52.314,1.0
2016-04-03,09:38:53.311,1.0
2016-04-03,09:38:54.309,1.0
2016-04-03,09:38:54.808,1.0
2016-04-03,09:38:55.805,1.0
2016-04-03,09:38:56.803,1.0
2016-04-03,09:38:57.800,1.0
2016-04-03,09:38:58.798,1.0
2016-04-03,09:38:59.795,1.0
2016-04-03,09:39:00.795,1.0
2016-04-03,09:39:01.790,1.0
2016-04-03,09:39:02.788,1.0
2016-04-03,09:39:03.786,1.0
2016-04-03,09:39:04.783,1.0
2016-04-03,09:39:05.780,1.0
2016-04-03,09:39:06.778,1.0
2016-04-03,09:39:07.777,1.0
2016-04-03,09:39:08.773,1.0
2016-04-03,09:39:09.770,1.0
2016-04-03,09:39:10.768,1.0
2016-04-03,09:39:11.765,1.0
2016-04-03,09:39:12.763,1.0
2016-04-03,09:39:13.760,1.0
2016-04-03,09:39:14.759,1.0
2016-04-03,09:39:15.755,1.0
2016-04-03,09:39:16.753,1.0
2016-04-03,09:39:17.750,1.0
2016-04-03,09:39:18.749,1.0
2016-04-03,09:39:19.746,1.0
2016-04-03,09:39:20.743,1.0
2016-04-03,09:39:21.740,1.0
2016-04-03,09:39:22.738,1.0
2016-04-03,09:39:23.736,1.0
2016-04-03,09:39:24.736,1.0
2016-04-03,09:39:25.730,1.0
2016-04-03,09:39:26.728,1.0
2016-04-03,09:39:27.725,1.0
2016-04-03,09:39:28.725,1.0
2016-04-03,09:39:29.721,1.0
2016-04-03,09:39:30.720,1.0
2016-04-03,09:39:32.214,1.0
2016-04-03,09:39:33.211,1.0
2016-04-03,09:39:33.711,1.0
2016-04-03,09:39:34.708,1.0
2016-04-03,09:39:35.705,1.0
2016-04-03,09:39:36.706,1.0
2016-04-03,09:39:37.701,1.0
2016-04-03,09:39:38.698,1.0
2016-04-03,09:39:39.695,1.0
2016-04-03,09:39:40.694,1.0
2016-04-03,09:39:41.690,1.0
2016-04-03,09:39:42.688,1.0
2016-04-03,09:39:44.683,1.0
2016-04-03,09:39:45.680,1.0
2016-04-03,09:39:46.678,1.0
2016-04-03,09:39:47.675,1.0
2016-04-03,09:39:48.676,1.0
2016-04-03,09:39:49.670,1.0
2016-04-03,09:39:50.668,1.0
2016-04-03,09:39:51.665,1.0
2016-04-03,09:39:52.663,1.0
2016-04-03,09:39:53.661,1.0
2016-04-03,09:39:54.658,1.0
2016-04-03,09:39:55.656,1.0
2016-04-03,09:39:56.653,1.0
2016-04-03,09:39:57.650,1.0
2016-04-03,09:39:58.648,1.0
2016-04-03,09:39:59.645,1.0
2016-04-03,09:40:00.645,1.0
2016-04-03,09:40:01.640,1.0
2016-04-03,09:40:02.639,1.0
2016-04-03,09:40:03.635,1.0
2016-04-03,09:40:04.634,1.0
2016-04-03,09:40:05.630,1.0
2016-04-03,09:40:06.629,1.0
2016-04-03,09:40:07.625,1.0
2016-04-03,09:40:08.625,1.0
2016-04-03,09:40:09.622,1.0
2016-04-03,09:40:10.618,1.0
2016-04-03,09:40:11.615,1.0
2016-04-03,09:40:12.613,1.0
2016-04-03,09:40:13.610,1.0
2016-04-03,09:40:14.608,1.0
2016-04-03,09:40:15.605,1.0
2016-04-03,09:40:16.104,1.0
2016-04-03,09:40:17.102,1.0
2016-04-03,09:40:18.099,1.0
2016-04-03,09:40:19.098,1.0
2016-04-03,09:40:20.094,1.0
2016-04-03,09:40:21.092,1.0
2016-04-03,09:40:22.089,1.0
2016-04-03,09:40:23.088,1.0
2016-04-03,09:40:24.084,1.0
2016-04-03,09:40:25.083,1.0
2016-04-03,09:40:26.079,1.0
2016-04-03,09:40:27.077,1.0
2016-04-03,09:40:28.074,1.0
2016-04-03,09:40:29.570,1.0
2016-04-03,09:40:30.569,1.0
2016-04-03,09:40:31.566,1.0
2016-04-03,09:40:32.566,1.0
2016-04-03,09:40:33.560,1.0
2016-04-03,09:40:34.558,1.0
2016-04-03,09:40:35.555,1.0
2016-04-03,09:40:36.555,1.0
2016-04-03,09:40:37.550,1.0
2016-04-03,09:40:38.548,1.0
2016-04-03,09:40:39.546,1.0
2016-04-03,09:40:40.543,1.0
2016-04-03,09:40:41.540,1.0
2016-04-03,09:40:42.538,1.0
2016-04-03,09:40:43.538,1.0
2016-04-03,09:40:44.533,1.0
2016-04-03,09:40:45.531,1.0
2016-04-03,09:40:46.528,1.0
2016-04-03,09:40:47.526,1.0
2016-04-03,09:40:48.523,1.0
2016-04-03,09:40:49.520,1.0
2016-04-03,09:40:50.518,1.0
2016-04-03,09:40:51.515,1.0
2016-04-03,09:40:52.513,1.0
2016-04-03,09:40:53.511,1.0
2016-04-03,09:40:54.009,1.0
2016-04-03,09:40:55.006,1.0
2016-04-03,09:40:56.004,1.0
2016-04-03,09:40:57.004,1.0
2016-04-03,09:40:58.000,1.0
2016-04-03,09:40:58.997,1.0
2016-04-03,09:40:59.994,1.0
2016-04-03,09:41:00.991,1.0
2016-04-03,09:41:01.990,1.0
2016-04-03,09:41:02.987,1.0
2016-04-03,09:41:03.986,1.0
2016-04-03,09:41:04.982,1.0
2016-04-03,09:41:05.979,1.0
2016-04-03,09:41:06.977,1.0
2016-04-03,09:41:07.975,1.0
2016-04-03,09:41:08.972,1.0
2016-04-03,09:41:09.969,1.0
2016-04-03,09:41:10.966,1.0
2016-04-03,09:41:11.965,1.0
2016-04-03,09:41:12.962,1.0
2016-04-03,09:41:13.960,1.0
2016-04-03,09:41:14.957,1.0
2016-04-03,09:41:15.954,1.0
2016-04-03,09:41:16.951,1.0
2016-04-03,09:41:17.949,1.0
2016-04-03,09:41:19.445,1.0
2016-04-03,09:41:20.445,1.0
2016-04-03,09:41:21.440,1.0
2016-04-03,09:41:22.438,1.0
2016-04-03,09:41:23.436,1.0
2016-04-03,09:41:24.434,1.0
2016-04-03,09:41:25.430,1.0
2016-04-03,09:41:26.428,1.0
2016-04-03,09:41:27.425,1.0
2016-04-03,09:41:28.423,1.0
2016-04-03,09:41:29.420,1.0
2016-04-03,09:41:30.418,1.0
2016-04-03,09:41:31.415,1.0
2016-04-03,09:41:31.914,1.0
2016-04-03,09:41:32.912,1.0
2016-04-03,09:41:33.909,1.0
2016-04-03,09:41:34.906,1.0
2016-04-03,09:41:35.907,1.0
2016-04-03,09:41:36.902,1.0
2016-04-03,09:41:37.899,1.0
2016-04-03,09:41:38.897,1.0
2016-04-03,09:41:39.894,1.0
2016-04-03,09:41:40.892,1.0
2016-04-03,09:41:41.889,1.0
2016-04-03,09:41:42.887,1.0
2016-04-03,09:41:43.885,1.0
2016-04-03,09:41:44.882,1.0
2016-04-03,09:41:45.879,1.0
2016-04-03,09:41:46.877,1.0
2016-04-03,09:41:47.875,1.0
2016-04-03,09:41:48.872,1.0
2016-04-03,09:41:49.869,1.0
2016-04-03,09:41:50.867,1.0
2016-04-03,09:41:51.867,1.0
2016-04-03,09:41:52.862,1.0
2016-04-03,09:41:53.859,1.0
2016-04-03,09:41:54.857,1.0
2016-04-03,09:41:55.854,1.0
2016-04-03,09:41:56.852,1.0
2016-04-03,09:41:57.849,1.0
2016-04-03,09:41:58.846,1.0
2016-04-03,09:41:59.845,1.0
2016-04-03,09:42:00.842,1.0
2016-04-03,09:42:01.839,1.0
2016-04-03,09:42:02.837,1.0
2016-04-03,09:42:03.834,1.0
2016-04-03,09:42:04.831,1.0
2016-04-03,09:42:05.829,1.0
2016-04-03,09:42:06.827,1.0
2016-04-03,09:42:07.824,1.0
2016-04-03,09:42:08.822,1.0
2016-04-03,09:42:10.318,1.0
2016-04-03,09:42:11.814,1.0
2016-04-03,09:42:12.313,1.0
2016-04-03,09:42:13.310,1.0
2016-04-03,09:42:14.807,1.0
2016-04-03,09:42:15.808,1.0
2016-04-03,09:42:16.802,1.0
2016-04-03,09:42:17.799,1.0
2016-04-03,09:42:18.798,1.0
2016-04-03,09:42:19.794,1.0
2016-04-03,09:42:20.791,1.0
2016-04-03,09:42:21.789,1.0
2016-04-03,09:42:22.787,1.0
2016-04-03,09:42:23.786,1.0
2016-04-03,09:42:24.784,1.0
2016-04-03,09:42:25.779,1.0
2016-04-03,09:42:26.777,1.0
2016-04-03,09:42:27.774,1.0
2016-04-03,09:42:28.772,1.0
2016-04-03,09:42:29.769,1.0
2016-04-03,09:42:30.767,1.0
2016-04-03,09:42:31.765,1.0
2016-04-03,09:42:32.764,1.0
2016-04-03,09:42:33.759,1.0
2016-04-03,09:42:34.757,1.0
2016-04-03,09:42:35.755,1.0
2016-04-03,09:42:36.751,1.0
2016-04-03,09:42:37.749,1.0
2016-04-03,09:42:38.746,1.0
2016-04-03,09:42:39.745,1.0
2016-04-03,09:42:40.742,1.0
2016-04-03,09:42:41.739,1.0
2016-04-03,09:42:42.736,1.0
2016-04-03,09:42:43.735,1.0
2016-04-03,09:42:44.732,1.0
2016-04-03,09:42:45.729,1.0
2016-04-03,09:42:46.727,1.0
2016-04-03,09:42:47.724,1.0
2016-04-03,09:42:48.722,1.0
2016-04-03,09:42:49.719,1.0
2016-04-03,09:42:50.718,1.0
2016-04-03,09:42:51.716,1.0
2016-04-03,09:42:52.213,1.0
2016-04-03,09:42:53.211,1.0
2016-04-03,09:42:54.208,1.0
2016-04-03,09:42:55.205,1.0
2016-04-03,09:42:56.203,1.0
2016-04-03,09:42:57.201,1.0
2016-04-03,09:42:58.198,1.0
2016-04-03,09:42:59.195,1.0
2016-04-03,09:43:00.193,1.0
2016-04-03,09:43:01.690,1.0
2016-04-03,09:43:02.188,1.0
2016-04-03,09:43:03.186,1.0
2016-04-03,09:43:04.183,1.0
2016-04-03,09:43:05.181,1.0
2016-04-03,09:43:06.679,1.0
2016-04-03,09:43:07.674,1.0
2016-04-03,09:43:08.672,1.0
2016-04-03,09:43:09.669,1.0
2016-04-03,09:43:10.667,1.0
2016-04-03,09:43:11.664,1.0
2016-04-03,09:43:12.662,1.0
2016-04-03,09:43:13.660,1.0
2016-04-03,09:43:14.657,1.0
2016-04-03,09:43:15.655,1.0
2016-04-03,09:43:16.652,1.0
2016-04-03,09:43:17.649,1.0
2016-04-03,09:43:18.647,1.0
2016-04-03,09:43:19.644,1.0
2016-04-03,09:43:20.643,1.0
2016-04-03,09:43:21.639,1.0
2016-04-03,09:43:22.637,1.0
2016-04-03,09:43:23.634,1.0
2016-04-03,09:43:24.633,1.0
2016-04-03,09:43:25.629,1.0
2016-04-03,09:43:26.627,1.0
2016-04-03,09:43:27.627,1.0
2016-04-03,09:43:28.622,1.0
2016-04-03,09:43:29.619,1.0
2016-04-03,09:43:30.617,1.0
2016-04-03,09:43:31.615,1.0
2016-04-03,09:43:32.113,1.0
2016-04-03,09:43:33.111,1.0
2016-04-03,09:43:34.108,1.0
2016-04-03,09:43:35.105,1.0
2016-04-03,09:43:36.103,1.0
2016-04-03,09:43:37.101,1.0
2016-04-03,09:43:38.098,1.0
2016-04-03,09:43:39.095,1.0
2016-04-03,09:43:40.093,1.0
2016-04-03,09:43:41.091,1.0
2016-04-03,09:43:42.088,1.0
2016-04-03,09:43:43.085,1.0
2016-04-03,09:43:44.083,1.0
2016-04-03,09:43:45.081,1.0
2016-04-03,09:43:46.078,1.0
2016-04-03,09:43:47.075,1.0
2016-04-03,09:43:48.073,1.0
2016-04-03,09:43:49.070,1.0
2016-04-03,09:43:50.068,1.0
2016-04-03,09:43:51.065,1.0
2016-04-03,09:43:52.063,1.0
2016-04-03,09:43:53.061,1.0
2016-04-03,09:43:54.059,1.0
2016-04-03,09:43:55.056,1.0
2016-04-03,09:43:56.053,1.0
2016-04-03,09:43:57.050,1.0
2016-04-03,09:43:58.048,1.0
2016-04-03,09:43:59.546,1.0
2016-04-03,09:44:00.542,1.0
2016-04-03,09:44:01.539,1.0
2016-04-03,09:44:02.537,1.0
2016-04-03,09:44:03.537,1.0
2016-04-03,09:44:04.532,1.0
2016-04-03,09:44:05.529,1.0
2016-04-03,09:44:06.528,1.0
2016-04-03,09:44:07.524,1.0
2016-04-03,09:44:08.025,1.0
2016-04-03,09:44:09.020,1.0
2016-04-03,09:44:10.018,1.0
2016-04-03,09:44:11.016,1.0
2016-04-03,09:44:12.013,1.0
2016-04-03,09:44:13.010,1.0
2016-04-03,09:44:14.008,1.0
2016-04-03,09:44:15.005,1.0
2016-04-03,09:44:16.004,1.0
2016-04-03,09:44:17.000,1.0
2016-04-03,09:44:17.998,1.0
2016-04-03,09:44:18.996,1.0
2016-04-03,09:44:19.993,1.0
2016-04-03,09:44:20.991,1.0
2016-04-03,09:44:21.989,1.0
2016-04-03,09:44:22.985,1.0
2016-04-03,09:44:23.983,1.0
2016-04-03,09:44:24.980,1.0
2016-04-03,09:44:25.978,1.0
2016-04-03,09:44:26.976,1.0
2016-04-03,09:44:27.973,1.0
2016-04-03,09:44:28.970,1.0
2016-04-03,09:44:29.968,1.0
2016-04-03,09:44:30.965,1.0
2016-04-03,09:44:31.963,1.0
2016-04-03,09:44:32.960,1.0
2016-04-03,09:44:33.958,1.0
2016-04-03,09:44:34.955,1.0
2016-04-03,09:44:35.954,1.0
2016-04-03,09:44:36.951,1.0
2016-04-03,09:44:37.948,1.0
2016-04-03,09:44:38.945,1.0
2016-04-03,09:44:39.944,1.0
2016-04-03,09:44:40.940,1.0
2016-04-03,09:44:42.936,1.0
2016-04-03,09:44:43.933,1.0
2016-04-03,09:44:44.931,1.0
2016-04-03,09:44:45.928,1.0
2016-04-03,09:44:46.926,1.0
2016-04-03,09:44:47.424,1.0
2016-04-03,09:44:48.422,1.0
2016-04-03,09:44:49.918,1.0
2016-04-03,09:44:50.915,1.0
2016-04-03,09:44:51.914,1.0
2016-04-03,09:44:52.910,1.0
2016-04-03,09:44:53.908,1.0
2016-04-03,09:44:54.905,1.0
2016-04-03,09:44:55.903,1.0
2016-04-03,09:44:56.901,1.0
2016-04-03,09:44:57.898,1.0
2016-04-03,09:44:58.895,1.0
2016-04-03,09:44:59.893,1.0
2016-04-03,09:45:00.891,1.0
2016-04-03,09:45:01.888,1.0
2016-04-03,09:45:02.886,1.0
2016-04-03,09:45:03.883,1.0
2016-04-03,09:45:04.881,1.0
2016-04-03,09:45:05.878,1.0
2016-04-03,09:45:06.875,1.0
2016-04-03,09:45:07.873,1.0
2016-04-03,09:45:08.871,1.0
2016-04-03,09:45:09.868,1.0
2016-04-03,09:45:10.865,1.0
2016-04-03,09:45:11.863,1.0
2016-04-03,09:45:12.860,1.0
2016-04-03,09:45:13.858,1.0
2016-04-03,09:45:14.855,1.0
2016-04-03,09:45:15.853,1.0
2016-04-03,09:45:16.850,1.0
2016-04-03,09:45:17.848,1.0
2016-04-03,09:45:18.845,1.0
2016-04-03,09:45:19.843,1.0
2016-04-03,09:45:20.841,1.0
2016-04-03,09:45:21.838,1.0
2016-04-03,09:45:22.835,1.0
2016-04-03,09:45:23.834,1.0
2016-04-03,09:45:24.831,1.0
2016-04-03,09:45:25.828,1.0
2016-04-03,09:45:26.826,1.0
2016-04-03,09:45:27.329,1.0
2016-04-03,09:45:28.322,1.0
2016-04-03,09:45:29.319,1.0
2016-04-03,09:45:30.316,1.0
2016-04-03,09:45:31.314,1.0
2016-04-03,09:45:32.312,1.0
2016-04-03,09:45:33.309,1.0
2016-04-03,09:45:34.307,1.0
2016-04-03,09:45:35.304,1.0
2016-04-03,09:45:36.302,1.0
2016-04-03,09:45:37.299,1.0
2016-04-03,09:45:38.297,1.0
2016-04-03,09:45:39.296,1.0
2016-04-03,09:45:40.292,1.0
2016-04-03,09:45:41.289,1.0
2016-04-03,09:45:42.287,1.0
2016-04-03,09:45:43.286,1.0
2016-04-03,09:45:44.781,1.0
2016-04-03,09:45:45.778,1.0
2016-04-03,09:45:46.776,1.0
2016-04-03,09:45:47.773,1.0
2016-04-03,09:45:48.771,1.0
2016-04-03,09:45:49.768,1.0
2016-04-03,09:45:50.766,1.0
2016-04-03,09:45:51.763,1.0
2016-04-03,09:45:52.760,1.0
2016-04-03,09:45:53.758,1.0
2016-04-03,09:45:54.756,1.0
2016-04-03,09:45:55.753,1.0
2016-04-03,09:45:56.750,1.0
2016-04-03,09:45:57.748,1.0
2016-04-03,09:45:58.746,1.0
2016-04-03,09:45:59.743,1.0
2016-04-03,09:46:00.741,1.0
2016-04-03,09:46:01.738,1.0
2016-04-03,09:46:02.735,1.0
2016-04-03,09:46:03.733,1.0
2016-04-03,09:46:04.730,1.0
2016-04-03,09:46:05.728,1.0
2016-04-03,09:46:06.725,1.0
2016-04-03,09:46:07.723,1.0
2016-04-03,09:46:08.222,1.0
2016-04-03,09:46:09.219,1.0
2016-04-03,09:46:10.217,1.0
2016-04-03,09:46:11.214,1.0
2016-04-03,09:46:12.212,1.0
2016-04-03,09:46:13.209,1.0
2016-04-03,09:46:14.207,1.0
2016-04-03,09:46:15.206,1.0
2016-04-03,09:46:16.202,1.0
2016-04-03,09:46:17.199,1.0
2016-04-03,09:46:18.197,1.0
2016-04-03,09:46:19.195,1.0
2016-04-03,09:46:20.192,1.0
2016-04-03,09:46:21.189,1.0
2016-04-03,09:46:22.187,1.0
2016-04-03,09:46:23.184,1.0
2016-04-03,09:46:24.182,1.0
2016-04-03,09:46:25.179,1.0
2016-04-03,09:46:26.177,1.0
2016-04-03,09:46:27.175,1.0
2016-04-03,09:46:28.172,1.0
2016-04-03,09:46:29.169,1.0
2016-04-03,09:46:30.166,1.0
2016-04-03,09:46:31.166,1.0
2016-04-03,09:46:32.162,1.0
2016-04-03,09:46:33.159,1.0
2016-04-03,09:46:34.157,1.0
2016-04-03,09:46:35.154,1.0
2016-04-03,09:46:36.152,1.0
2016-04-03,09:46:37.150,1.0
2016-04-03,09:46:38.150,1.0
2016-04-03,09:46:39.147,1.0
2016-04-03,09:46:40.142,1.0
2016-04-03,09:46:41.139,1.0
2016-04-03,09:46:42.137,1.0
2016-04-03,09:46:43.633,1.0
2016-04-03,09:46:44.631,1.0
2016-04-03,09:46:45.628,1.0
2016-04-03,09:46:46.625,1.0
2016-04-03,09:46:47.126,1.0
2016-04-03,09:46:48.122,1.0
2016-04-03,09:46:49.124,1.0
2016-04-03,09:46:50.117,1.0
2016-04-03,09:46:51.115,1.0
2016-04-03,09:46:52.115,1.0
2016-04-03,09:46:53.110,1.0
2016-04-03,09:46:54.108,1.0
2016-04-03,09:46:55.104,1.0
2016-04-03,09:46:56.102,1.0
2016-04-03,09:46:57.099,1.0
2016-04-03,09:46:58.097,1.0
2016-04-03,09:46:59.096,1.0
2016-04-03,09:47:00.092,1.0
2016-04-03,09:47:01.089,1.0
2016-04-03,09:47:02.087,1.0
2016-04-03,09:47:03.085,1.0
2016-04-03,09:47:04.082,1.0
2016-04-03,09:47:05.079,1.0
2016-04-03,09:47:06.077,1.0
2016-04-03,09:47:08.072,1.0
2016-04-03,09:47:09.069,1.0
2016-04-03,09:47:10.067,1.0
2016-04-03,09:47:11.064,1.0
2016-04-03,09:47:12.063,1.0
2016-04-03,09:47:13.059,1.0
2016-04-03,09:47:14.057,1.0
2016-04-03,09:47:15.056,1.0
2016-04-03,09:47:16.053,1.0
2016-04-03,09:47:17.050,1.0
2016-04-03,09:47:18.047,1.0
2016-04-03,09:47:19.045,1.0
2016-04-03,09:47:20.042,1.0
2016-04-03,09:47:21.039,1.0
2016-04-03,09:47:22.037,1.0
2016-04-03,09:47:23.034,1.0
2016-04-03,09:47:23.533,1.0
2016-04-03,09:47:24.531,1.0
2016-04-03,09:47:25.528,1.0
2016-04-03,09:47:26.526,1.0
2016-04-03,09:47:27.523,1.0
2016-04-03,09:47:28.520,1.0
2016-04-03,09:47:30.017,1.0
2016-04-03,09:47:31.014,1.0
2016-04-03,09:47:32.014,1.0
2016-04-03,09:47:33.009,1.0
2016-04-03,09:47:34.007,1.0
2016-04-03,09:47:35.004,1.0
2016-04-03,09:47:36.002,1.0
2016-04-03,09:47:36.999,1.0
2016-04-03,09:47:37.997,1.0
2016-04-03,09:47:38.994,1.0
2016-04-03,09:47:39.992,1.0
2016-04-03,09:47:41.488,1.0
2016-04-03,09:47:41.987,1.0
2016-04-03,09:47:42.984,1.0
2016-04-03,09:47:43.982,1.0
2016-04-03,09:47:44.979,1.0
2016-04-03,09:47:45.977,1.0
2016-04-03,09:47:46.974,1.0
2016-04-03,09:47:47.972,1.0
2016-04-03,09:47:48.969,1.0
2016-04-03,09:47:49.970,1.0
2016-04-03,09:47:50.964,1.0
2016-04-03,09:47:51.962,1.0
2016-04-03,09:47:52.961,1.0
2016-04-03,09:47:53.957,1.0
2016-04-03,09:47:54.955,1.0
2016-04-03,09:47:55.952,1.0
2016-04-03,09:47:56.950,1.0
2016-04-03,09:47:57.947,1.0
2016-04-03,09:47:58.948,1.0
2016-04-03,09:47:59.943,1.0
2016-04-03,09:48:00.939,1.0
2016-04-03,09:48:01.937,1.0
2016-04-03,09:48:02.934,1.0
2016-04-03,09:48:03.932,1.0
2016-04-03,09:48:04.929,1.0
2016-04-03,09:48:05.926,1.0
2016-04-03,09:48:06.925,1.0
2016-04-03,09:48:07.424,1.0
2016-04-03,09:48:08.421,1.0
2016-04-03,09:48:09.418,1.0
2016-04-03,09:48:10.415,1.0
2016-04-03,09:48:11.413,1.0
2016-04-03,09:48:12.411,1.0
2016-04-03,09:48:13.408,1.0
2016-04-03,09:48:14.405,1.0
2016-04-03,09:48:15.403,1.0
2016-04-03,09:48:16.400,1.0
2016-04-03,09:48:17.398,1.0
2016-04-03,09:48:18.395,1.0
2016-04-03,09:48:19.393,1.0
2016-04-03,09:48:20.391,1.0
2016-04-03,09:48:21.388,1.0
2016-04-03,09:48:22.386,1.0
2016-04-03,09:48:23.383,1.0
2016-04-03,09:48:24.382,1.0
2016-04-03,09:48:25.378,1.0
2016-04-03,09:48:26.375,1.0
2016-04-03,09:48:27.374,1.0
2016-04-03,09:48:28.370,1.0
2016-04-03,09:48:29.368,1.0
2016-04-03,09:48:30.365,1.0
2016-04-03,09:48:31.862,1.0
2016-04-03,09:48:32.859,1.0
2016-04-03,09:48:33.857,1.0
2016-04-03,09:48:34.854,1.0
2016-04-03,09:48:35.852,1.0
2016-04-03,09:48:36.849,1.0
2016-04-03,09:48:37.847,1.0
2016-04-03,09:48:38.845,1.0
2016-04-03,09:48:39.842,1.0
2016-04-03,09:48:40.840,1.0
2016-04-03,09:48:41.837,1.0
2016-04-03,09:48:42.834,1.0
2016-04-03,09:48:43.832,1.0
2016-04-03,09:48:44.829,1.0
2016-04-03,09:48:45.827,1.0
2016-04-03,09:48:46.325,1.0
2016-04-03,09:48:47.325,1.0
2016-04-03,09:48:48.320,1.0
2016-04-03,09:48:49.318,1.0
2016-04-03,09:48:50.315,1.0
2016-04-03,09:48:51.313,1.0
2016-04-03,09:48:52.310,1.0
2016-04-03,09:48:53.308,1.0
2016-04-03,09:48:54.308,1.0
2016-04-03,09:48:55.303,1.0
2016-04-03,09:48:56.300,1.0
2016-04-03,09:48:57.298,1.0
2016-04-03,09:48:58.295,1.0
2016-04-03,09:48:59.295,1.0
2016-04-03,09:49:00.293,1.0
2016-04-03,09:49:01.288,1.0
2016-04-03,09:49:02.285,1.0
2016-04-03,09:49:03.283,1.0
2016-04-03,09:49:04.280,1.0
2016-04-03,09:49:05.278,1.0
2016-04-03,09:49:06.276,1.0
2016-04-03,09:49:07.273,1.0
2016-04-03,09:49:08.271,1.0
2016-04-03,09:49:09.268,1.0
2016-04-03,09:49:10.265,1.0
2016-04-03,09:49:11.263,1.0
2016-04-03,09:49:12.260,1.0
2016-04-03,09:49:13.258,1.0
2016-04-03,09:49:14.257,1.0
2016-04-03,09:49:15.254,1.0
2016-04-03,09:49:16.251,1.0
2016-04-03,09:49:17.248,1.0
2016-04-03,09:49:18.247,1.0
2016-04-03,09:49:19.244,1.0
2016-04-03,09:49:20.240,1.0
2016-04-03,09:49:21.238,1.0
2016-04-03,09:49:22.236,1.0
2016-04-03,09:49:23.233,1.0
2016-04-03,09:49:24.231,1.0
2016-04-03,09:49:25.727,1.0
2016-04-03,09:49:26.724,1.0
2016-04-03,09:49:27.722,1.0
2016-04-03,09:49:28.221,1.0
2016-04-03,09:49:29.218,1.0
2016-04-03,09:49:30.216,1.0
2016-04-03,09:49:31.213,1.0
2016-04-03,09:49:32.211,1.0
2016-04-03,09:49:33.208,1.0
2016-04-03,09:49:34.206,1.0
2016-04-03,09:49:35.203,1.0
2016-04-03,09:49:36.200,1.0
2016-04-03,09:49:37.199,1.0
2016-04-03,09:49:38.196,1.0
2016-04-03,09:49:39.691,1.0
2016-04-03,09:49:41.188,1.0
2016-04-03,09:49:42.186,1.0
2016-04-03,09:49:43.183,1.0
2016-04-03,09:49:44.180,1.0
2016-04-03,09:49:45.178,1.0
2016-04-03,09:49:46.175,1.0
2016-04-03,09:49:47.173,1.0
2016-04-03,09:49:48.170,1.0
2016-04-03,09:49:49.168,1.0
2016-04-03,09:49:50.166,1.0
2016-04-03,09:49:51.163,1.0
2016-04-03,09:49:52.160,1.0
2016-04-03,09:49:53.158,1.0
2016-04-03,09:49:54.155,1.0
2016-04-03,09:49:55.153,1.0
2016-04-03,09:49:56.150,1.0
2016-04-03,09:49:57.148,1.0
2016-04-03,09:49:58.146,1.0
2016-04-03,09:49:59.144,1.0
2016-04-03,09:50:00.140,1.0
2016-04-03,09:50:01.138,1.0
2016-04-03,09:50:02.135,1.0
2016-04-03,09:50:03.135,1.0
2016-04-03,09:50:04.131,1.0
2016-04-03,09:50:05.129,1.0
2016-04-03,09:50:06.127,1.0
2016-04-03,09:50:06.624,1.0
2016-04-03,09:50:07.622,1.0
2016-04-03,09:50:08.619,1.0
2016-04-03,09:50:09.617,1.0
2016-04-03,09:50:10.614,1.0
2016-04-03,09:50:11.611,1.0
2016-04-03,09:50:12.609,1.0
2016-04-03,09:50:13.606,1.0
2016-04-03,09:50:14.604,1.0
2016-04-03,09:50:15.602,1.0
2016-04-03,09:50:17.098,1.0
2016-04-03,09:50:18.095,1.0
2016-04-03,09:50:19.096,1.0
2016-04-03,09:50:20.091,1.0
2016-04-03,09:50:21.088,1.0
2016-04-03,09:50:22.085,1.0
2016-04-03,09:50:23.083,1.0
2016-04-03,09:50:24.081,1.0
2016-04-03,09:50:25.078,1.0
2016-04-03,09:50:26.075,1.0
2016-04-03,09:50:27.074,1.0
2016-04-03,09:50:28.071,1.0
2016-04-03,09:50:29.068,1.0
2016-04-03,09:50:30.066,1.0
2016-04-03,09:50:31.064,1.0
2016-04-03,09:50:32.060,1.0
2016-04-03,09:50:33.058,1.0
2016-04-03,09:50:34.055,1.0
2016-04-03,09:50:35.053,1.0
2016-04-03,09:50:36.051,1.0
2016-04-03,09:50:37.048,1.0
2016-04-03,09:50:38.046,1.0
2016-04-03,09:50:39.043,1.0
2016-04-03,09:50:40.040,1.0
2016-04-03,09:50:41.038,1.0
2016-04-03,09:50:42.035,1.0
2016-04-03,09:50:43.033,1.0
2016-04-03,09:50:43.533,1.0
2016-04-03,09:50:44.529,1.0
2016-04-03,09:50:45.527,1.0
2016-04-03,09:50:46.524,1.0
2016-04-03,09:50:47.522,1.0
2016-04-03,09:50:48.519,1.0
2016-04-03,09:50:49.517,1.0
2016-04-03,09:50:50.514,1.0
2016-04-03,09:50:51.512,1.0
2016-04-03,09:50:52.509,1.0
2016-04-03,09:50:53.507,1.0
2016-04-03,09:50:54.504,1.0
2016-04-03,09:50:55.502,1.0
2016-04-03,09:50:56.499,1.0
2016-04-03,09:50:57.497,1.0
2016-04-03,09:50:58.494,1.0
2016-04-03,09:50:59.492,1.0
2016-04-03,09:51:00.489,1.0
2016-04-03,09:51:01.487,1.0
2016-04-03,09:51:02.485,1.0
2016-04-03,09:51:03.482,1.0
2016-04-03,09:51:04.479,1.0
2016-04-03,09:51:05.477,1.0
2016-04-03,09:51:06.474,1.0
2016-04-03,09:51:07.472,1.0
2016-04-03,09:51:08.470,1.0
2016-04-03,09:51:09.966,1.0
2016-04-03,09:51:10.966,1.0
2016-04-03,09:51:11.961,1.0
2016-04-03,09:51:12.958,1.0
2016-04-03,09:51:13.956,1.0
2016-04-03,09:51:14.953,1.0
2016-04-03,09:51:15.951,1.0
2016-04-03,09:51:16.948,1.0
2016-04-03,09:51:17.945,1.0
2016-04-03,09:51:18.943,1.0
2016-04-03,09:51:19.940,1.0
2016-04-03,09:51:20.938,1.0
2016-04-03,09:51:21.936,1.0
2016-04-03,09:51:22.933,1.0
2016-04-03,09:51:23.930,1.0
2016-04-03,09:51:24.928,1.0
2016-04-03,09:51:25.926,1.0
2016-04-03,09:51:26.424,1.0
2016-04-03,09:51:27.422,1.0
2016-04-03,09:51:28.419,1.0
2016-04-03,09:51:29.417,1.0
2016-04-03,09:51:30.414,1.0
2016-04-03,09:51:31.412,1.0
2016-04-03,09:51:32.409,1.0
2016-04-03,09:51:33.407,1.0
2016-04-03,09:51:34.404,1.0
2016-04-03,09:51:35.402,1.0
2016-04-03,09:51:36.399,1.0
2016-04-03,09:51:37.396,1.0
2016-04-03,09:51:38.394,1.0
2016-04-03,09:51:39.392,1.0
2016-04-03,09:51:40.389,1.0
2016-04-03,09:51:41.387,1.0
2016-04-03,09:51:42.384,1.0
2016-04-03,09:51:43.382,1.0
2016-04-03,09:51:44.379,1.0
2016-04-03,09:51:45.377,1.0
2016-04-03,09:51:46.374,1.0
2016-04-03,09:51:47.371,1.0
2016-04-03,09:51:48.369,1.0
2016-04-03,09:51:49.366,1.0
2016-04-03,09:51:50.364,1.0
2016-04-03,09:51:51.361,1.0
2016-04-03,09:51:52.359,1.0
2016-04-03,09:51:53.362,1.0
2016-04-03,09:51:54.354,1.0
2016-04-03,09:51:55.352,1.0
2016-04-03,09:51:56.349,1.0
2016-04-03,09:51:57.347,1.0
2016-04-03,09:51:58.344,1.0
2016-04-03,09:51:59.342,1.0
2016-04-03,09:52:00.339,1.0
2016-04-03,09:52:01.337,1.0
2016-04-03,09:52:02.334,1.0
2016-04-03,09:52:03.332,1.0
2016-04-03,09:52:04.828,1.0
2016-04-03,09:52:05.329,1.0
2016-04-03,09:52:06.325,1.0
2016-04-03,09:52:07.322,1.0
2016-04-03,09:52:08.319,1.0
2016-04-03,09:52:09.320,1.0
2016-04-03,09:52:10.314,1.0
2016-04-03,09:52:12.309,1.0
2016-04-03,09:52:13.306,1.0
2016-04-03,09:52:14.304,1.0
2016-04-03,09:52:15.302,1.0
2016-04-03,09:52:16.299,1.0
2016-04-03,09:52:17.297,1.0
2016-04-03,09:52:18.294,1.0
2016-04-03,09:52:19.292,1.0
2016-04-03,09:52:20.289,1.0
2016-04-03,09:52:21.785,1.0
2016-04-03,09:52:22.284,1.0
2016-04-03,09:52:23.282,1.0
2016-04-03,09:52:24.279,1.0
2016-04-03,09:52:25.277,1.0
2016-04-03,09:52:26.274,1.0
2016-04-03,09:52:27.272,1.0
2016-04-03,09:52:28.270,1.0
2016-04-03,09:52:29.266,1.0
2016-04-03,09:52:30.266,1.0
2016-04-03,09:52:31.262,1.0
2016-04-03,09:52:32.259,1.0
2016-04-03,09:52:33.257,1.0
2016-04-03,09:52:34.254,1.0
2016-04-03,09:52:35.253,1.0
2016-04-03,09:52:36.249,1.0
2016-04-03,09:52:37.247,1.0
2016-04-03,09:52:38.244,1.0
2016-04-03,09:52:39.242,1.0
2016-04-03,09:52:40.239,1.0
2016-04-03,09:52:41.237,1.0
2016-04-03,09:52:42.235,1.0
2016-04-03,09:52:43.232,1.0
2016-04-03,09:52:44.229,1.0
2016-04-03,09:52:45.227,1.0
2016-04-03,09:52:46.225,1.0
2016-04-03,09:52:46.723,1.0
2016-04-03,09:52:47.720,1.0
2016-04-03,09:52:48.718,1.0
2016-04-03,09:52:49.716,1.0
2016-04-03,09:52:50.713,1.0
2016-04-03,09:52:51.710,1.0
2016-04-03,09:52:52.708,1.0
2016-04-03,09:52:53.705,1.0
2016-04-03,09:52:54.703,1.0
2016-04-03,09:52:55.706,1.0
2016-04-03,09:52:59.287,1.0
2016-04-03,09:53:02.198,1.0
2016-04-03,09:53:02.202,1.0
2016-04-03,09:53:02.210,1.0
2016-04-03,09:53:02.214,1.0
2016-04-03,09:53:03.840,1.0
2016-04-03,09:53:03.846,1.0
2016-04-03,09:53:04.179,1.0
2016-04-03,09:53:05.179,1.0
2016-04-03,09:53:06.673,1.0
2016-04-03,09:53:08.043,1.0
2016-04-03,09:53:08.169,1.0
2016-04-03,09:53:09.167,1.0
2016-04-03,09:53:10.164,1.0
2016-04-03,09:53:11.162,1.0
2016-04-03,09:53:12.159,1.0
2016-04-03,09:53:13.157,1.0
2016-04-03,09:53:15.650,1.0
2016-04-03,09:53:16.149,1.0
2016-04-03,09:53:16.154,1.0
2016-04-03,09:53:17.147,1.0
2016-04-03,09:53:18.144,1.0
2016-04-03,09:53:19.142,1.0
2016-04-03,09:53:20.139,1.0
2016-04-03,09:53:21.136,1.0
2016-04-03,09:53:22.134,1.0
2016-04-03,09:53:23.132,1.0
2016-04-03,09:53:24.129,1.0
2016-04-03,09:53:24.628,1.0
2016-04-03,09:53:25.626,1.0
2016-04-03,09:53:26.627,1.0
2016-04-03,09:53:27.620,1.0
2016-04-03,09:53:28.618,1.0
2016-04-03,09:53:29.615,1.0
2016-04-03,09:53:30.619,1.0
2016-04-03,09:53:33.129,1.0
2016-04-03,09:53:33.141,1.0
2016-04-03,09:53:33.605,1.0
2016-04-03,09:53:35.102,1.0
2016-04-03,09:53:35.601,1.0
2016-04-03,09:53:36.598,1.0
2016-04-03,09:53:37.596,1.0
2016-04-03,09:53:38.593,1.0
2016-04-03,09:53:39.590,1.0
2016-04-03,09:53:40.588,1.0
2016-04-03,09:53:41.585,1.0
2016-04-03,09:53:42.583,1.0
2016-04-03,09:53:43.581,1.0
2016-04-03,09:53:44.578,1.0
2016-04-03,09:53:45.576,1.0
2016-04-03,09:53:46.574,1.0
2016-04-03,09:53:47.572,1.0
2016-04-03,09:53:48.571,1.0
2016-04-03,09:53:49.565,1.0
2016-04-03,09:53:50.564,1.0
2016-04-03,09:53:51.560,1.0
2016-04-03,09:53:52.558,1.0
2016-04-03,09:53:53.557,1.0
2016-04-03,09:53:55.053,1.0
2016-04-03,09:53:56.052,1.0
2016-04-03,09:53:57.047,1.0
2016-04-03,09:53:58.044,1.0
2016-04-03,09:53:59.042,1.0
2016-04-03,09:54:00.039,1.0
2016-04-03,09:54:01.036,1.0
2016-04-03,09:54:02.034,1.0
2016-04-03,09:54:03.032,1.0
2016-04-03,09:54:04.030,1.0
2016-04-03,09:54:04.529,1.0
2016-04-03,09:54:05.526,1.0
2016-04-03,09:54:07.331,1.0
2016-04-03,09:54:07.521,1.0
2016-04-03,09:54:08.523,1.0
2016-04-03,09:54:09.515,1.0
2016-04-03,09:54:10.513,1.0
2016-04-03,09:54:11.511,1.0
2016-04-03,09:54:12.509,1.0
2016-04-03,09:54:13.506,1.0
2016-04-03,09:54:14.504,1.0
2016-04-03,09:54:15.501,1.0
2016-04-03,09:54:16.498,1.0
2016-04-03,09:54:17.496,1.0
2016-04-03,09:54:18.493,1.0
2016-04-03,09:54:19.491,1.0
2016-04-03,09:54:20.488,1.0
2016-04-03,09:54:21.485,1.0
2016-04-03,09:54:22.483,1.0
2016-04-03,09:54:23.481,1.0
2016-04-03,09:54:24.479,1.0
2016-04-03,09:54:25.475,1.0
2016-04-03,09:54:26.473,1.0
2016-04-03,09:54:27.470,1.0
2016-04-03,09:54:28.469,1.0
2016-04-03,09:54:29.466,1.0
2016-04-03,09:54:30.463,1.0
2016-04-03,09:54:31.460,1.0
2016-04-03,09:54:32.458,1.0
2016-04-03,09:54:33.456,1.0
2016-04-03,09:54:34.453,1.0
2016-04-03,09:54:35.451,1.0
2016-04-03,09:54:36.448,1.0
2016-04-03,09:54:37.446,1.0
2016-04-03,09:54:38.444,1.0
2016-04-03,09:54:39.441,1.0
2016-04-03,09:54:40.438,1.0
2016-04-03,09:54:41.436,1.0
2016-04-03,09:54:43.430,1.0
2016-04-03,09:54:43.930,1.0
2016-04-03,09:54:45.425,1.0
2016-04-03,09:54:46.423,1.0
2016-04-03,09:54:47.420,1.0
2016-04-03,09:54:48.418,1.0
2016-04-03,09:54:49.416,1.0
2016-04-03,09:54:50.413,1.0
2016-04-03,09:54:51.411,1.0
2016-04-03,09:54:52.408,1.0
2016-04-03,09:54:53.406,1.0
2016-04-03,09:54:54.403,1.0
2016-04-03,09:54:55.401,1.0
2016-04-03,09:54:56.398,1.0
2016-04-03,09:54:57.396,1.0
2016-04-03,09:54:58.393,1.0
2016-04-03,09:54:59.391,1.0
2016-04-03,09:55:00.388,1.0
2016-04-03,09:55:01.386,1.0
2016-04-03,09:55:02.384,1.0
2016-04-03,09:55:03.380,1.0
2016-04-03,09:55:04.378,1.0
2016-04-03,09:55:05.375,1.0
2016-04-03,09:55:06.373,1.0
2016-04-03,09:55:07.371,1.0
2016-04-03,09:55:08.368,1.0
2016-04-03,09:55:09.366,1.0
2016-04-03,09:55:10.363,1.0
2016-04-03,09:55:11.361,1.0
2016-04-03,09:55:12.358,1.0
2016-04-03,09:55:13.355,1.0
2016-04-03,09:55:14.353,1.0
2016-04-03,09:55:15.350,1.0
2016-04-03,09:55:16.846,1.0
2016-04-03,09:55:17.345,1.0
2016-04-03,09:55:18.351,1.0
2016-04-03,09:55:19.340,1.0
2016-04-03,09:55:20.339,1.0
2016-04-03,09:55:20.837,1.0
2016-04-03,09:55:21.834,1.0
2016-04-03,09:55:22.832,1.0
2016-04-03,09:55:23.831,1.0
2016-04-03,09:55:24.826,1.0
2016-04-03,09:55:25.824,1.0
2016-04-03,09:55:26.822,1.0
2016-04-03,09:55:27.819,1.0
2016-04-03,09:55:28.816,1.0
2016-04-03,09:55:29.814,1.0
2016-04-03,09:55:30.812,1.0
2016-04-03,09:55:31.809,1.0
2016-04-03,09:55:32.807,1.0
2016-04-03,09:55:33.805,1.0
2016-04-03,09:55:35.300,1.0
2016-04-03,09:55:36.298,1.0
2016-04-03,09:55:37.296,1.0
2016-04-03,09:55:38.293,1.0
2016-04-03,09:55:39.290,1.0
2016-04-03,09:55:40.288,1.0
2016-04-03,09:55:41.286,1.0
2016-04-03,09:55:42.283,1.0
2016-04-03,09:55:43.281,1.0
2016-04-03,09:55:44.278,1.0
2016-04-03,09:55:45.275,1.0
2016-04-03,09:55:46.273,1.0
2016-04-03,09:55:47.270,1.0
2016-04-03,09:55:48.268,1.0
2016-04-03,09:55:49.266,1.0
2016-04-03,09:55:50.264,1.0
2016-04-03,09:55:51.261,1.0
2016-04-03,09:55:52.259,1.0
2016-04-03,09:55:53.256,1.0
2016-04-03,09:55:54.253,1.0
2016-04-03,09:55:55.251,1.0
2016-04-03,09:55:56.248,1.0
2016-04-03,09:55:57.246,1.0
2016-04-03,09:55:57.744,1.0
2016-04-03,09:55:58.742,1.0
2016-04-03,09:55:59.739,1.0
2016-04-03,09:56:00.737,1.0
2016-04-03,09:56:01.735,1.0
2016-04-03,09:56:02.732,1.0
2016-04-03,09:56:03.731,1.0
2016-04-03,09:56:04.727,1.0
2016-04-03,09:56:05.724,1.0
2016-04-03,09:56:06.722,1.0
2016-04-03,09:56:07.719,1.0
2016-04-03,09:56:08.717,1.0
2016-04-03,09:56:09.714,1.0
2016-04-03,09:56:10.713,1.0
2016-04-03,09:56:11.709,1.0
2016-04-03,09:56:12.707,1.0
2016-04-03,09:56:13.705,1.0
2016-04-03,09:56:14.702,1.0
2016-04-03,09:56:15.699,1.0
2016-04-03,09:56:16.697,1.0
2016-04-03,09:56:17.695,1.0
2016-04-03,09:56:18.692,1.0
2016-04-03,09:56:19.689,1.0
2016-04-03,09:56:20.687,1.0
2016-04-03,09:56:21.684,1.0
2016-04-03,09:56:22.682,1.0
2016-04-03,09:56:23.679,1.0
2016-04-03,09:56:24.677,1.0
2016-04-03,09:56:26.173,1.0
2016-04-03,09:56:27.170,1.0
2016-04-03,09:56:28.168,1.0
2016-04-03,09:56:29.166,1.0
2016-04-03,09:56:30.163,1.0
2016-04-03,09:56:31.162,1.0
2016-04-03,09:56:32.158,1.0
2016-04-03,09:56:33.156,1.0
2016-04-03,09:56:34.153,1.0
2016-04-03,09:56:35.151,1.0
2016-04-03,09:56:36.148,1.0
2016-04-03,09:56:37.146,1.0
2016-04-03,09:56:37.644,1.0
2016-04-03,09:56:38.642,1.0
2016-04-03,09:56:39.639,1.0
2016-04-03,09:56:40.637,1.0
2016-04-03,09:56:41.634,1.0
2016-04-03,09:56:42.632,1.0
2016-04-03,09:56:43.629,1.0
2016-04-03,09:56:44.627,1.0
2016-04-03,09:56:45.624,1.0
2016-04-03,09:56:46.622,1.0
2016-04-03,09:56:47.619,1.0
2016-04-03,09:56:48.617,1.0
2016-04-03,09:56:49.615,1.0
2016-04-03,09:56:50.612,1.0
2016-04-03,09:56:51.609,1.0
2016-04-03,09:56:52.607,1.0
2016-04-03,09:56:53.604,1.0
2016-04-03,09:56:54.602,1.0
2016-04-03,09:56:55.599,1.0
2016-04-03,09:56:56.597,1.0
2016-04-03,09:56:57.595,1.0
2016-04-03,09:56:58.592,1.0
2016-04-03,09:56:59.589,1.0
2016-04-03,09:57:00.589,1.0
2016-04-03,09:57:01.584,1.0
2016-04-03,09:57:02.582,1.0
2016-04-03,09:57:03.579,1.0
2016-04-03,09:57:04.577,1.0
2016-04-03,09:57:05.574,1.0
2016-04-03,09:57:06.571,1.0
2016-04-03,09:57:07.569,1.0
2016-04-03,09:57:08.567,1.0
2016-04-03,09:57:09.564,1.0
2016-04-03,09:57:10.562,1.0
2016-04-03,09:57:11.559,1.0
2016-04-03,09:57:12.559,1.0
2016-04-03,09:57:13.554,1.0
2016-04-03,09:57:14.552,1.0
2016-04-03,09:57:17.046,1.0
2016-04-03,09:57:17.105,1.0
2016-04-03,09:57:18.542,1.0
2016-04-03,09:57:19.539,1.0
2016-04-03,09:57:20.537,1.0
2016-04-03,09:57:21.535,1.0
2016-04-03,09:57:22.532,1.0
2016-04-03,09:57:23.529,1.0
2016-04-03,09:57:24.527,1.0
2016-04-03,09:57:25.525,1.0
2016-04-03,09:57:26.523,1.0
2016-04-03,09:57:27.519,1.0
2016-04-03,09:57:28.517,1.0
2016-04-03,09:57:29.514,1.0
2016-04-03,09:57:30.512,1.0
2016-04-03,09:57:31.509,1.0
2016-04-03,09:57:32.507,1.0
2016-04-03,09:57:33.504,1.0
2016-04-03,09:57:34.502,1.0
2016-04-03,09:57:35.500,1.0
2016-04-03,09:57:36.497,1.0
2016-04-03,09:57:37.494,1.0
2016-04-03,09:57:38.492,1.0
2016-04-03,09:57:39.489,1.0
2016-04-03,09:57:40.487,1.0
2016-04-03,09:57:41.485,1.0
2016-04-03,09:57:42.482,1.0
2016-04-03,09:57:43.479,1.0
2016-04-03,09:57:44.477,1.0
2016-04-03,09:57:45.475,1.0
2016-04-03,09:57:46.472,1.0
2016-04-03,09:57:47.469,1.0
2016-04-03,09:57:48.467,1.0
2016-04-03,09:57:49.464,1.0
2016-04-03,09:57:50.462,1.0
2016-04-03,09:57:51.459,1.0
2016-04-03,09:57:52.457,1.0
2016-04-03,09:57:53.456,1.0
2016-04-03,09:57:54.452,1.0
2016-04-03,09:57:55.449,1.0
2016-04-03,09:57:56.448,1.0
2016-04-03,09:57:56.946,1.0
2016-04-03,09:57:57.943,1.0
2016-04-03,09:57:58.941,1.0
2016-04-03,09:57:59.939,1.0
2016-04-03,09:58:00.936,1.0
2016-04-03,09:58:01.933,1.0
2016-04-03,09:58:02.931,1.0
2016-04-03,09:58:03.931,1.0
2016-04-03,09:58:04.926,1.0
2016-04-03,09:58:05.923,1.0
2016-04-03,09:58:06.922,1.0
2016-04-03,09:58:07.918,1.0
2016-04-03,09:58:08.916,1.0
2016-04-03,09:58:09.913,1.0
2016-04-03,09:58:10.911,1.0
2016-04-03,09:58:11.908,1.0
2016-04-03,09:58:12.906,1.0
2016-04-03,09:58:14.402,1.0
2016-04-03,09:58:15.400,1.0
2016-04-03,09:58:16.397,1.0
2016-04-03,09:58:17.394,1.0
2016-04-03,09:58:18.392,1.0
2016-04-03,09:58:19.389,1.0
2016-04-03,09:58:20.387,1.0
2016-04-03,09:58:21.385,1.0
2016-04-03,09:58:22.383,1.0
2016-04-03,09:58:23.380,1.0
2016-04-03,09:58:24.377,1.0
2016-04-03,09:58:25.374,1.0
2016-04-03,09:58:26.871,1.0
2016-04-03,09:58:27.370,1.0
2016-04-03,09:58:28.367,1.0
2016-04-03,09:58:29.364,1.0
2016-04-03,09:58:30.362,1.0
2016-04-03,09:58:31.360,1.0
2016-04-03,09:58:32.357,1.0
2016-04-03,09:58:33.354,1.0
2016-04-03,09:58:34.354,1.0
2016-04-03,09:58:35.350,1.0
2016-04-03,09:58:35.848,1.0
2016-04-03,09:58:36.846,1.0
2016-04-03,09:58:37.843,1.0
2016-04-03,09:58:38.841,1.0
2016-04-03,09:58:39.838,1.0
2016-04-03,09:58:40.836,1.0
2016-04-03,09:58:41.833,1.0
2016-04-03,09:58:42.831,1.0
2016-04-03,09:58:43.828,1.0
2016-04-03,09:58:44.826,1.0
2016-04-03,09:58:45.823,1.0
2016-04-03,09:58:46.820,1.0
2016-04-03,09:58:47.818,1.0
2016-04-03,09:58:48.816,1.0
2016-04-03,09:58:49.813,1.0
2016-04-03,09:58:50.811,1.0
2016-04-03,09:58:51.808,1.0
2016-04-03,09:58:52.806,1.0
2016-04-03,09:58:53.803,1.0
2016-04-03,09:58:54.801,1.0
2016-04-03,09:58:55.798,1.0
2016-04-03,09:58:57.294,1.0
2016-04-03,09:58:57.794,1.0
2016-04-03,09:58:58.791,1.0
2016-04-03,09:58:59.788,1.0
2016-04-03,09:59:00.786,1.0
2016-04-03,09:59:01.783,1.0
2016-04-03,09:59:02.781,1.0
2016-04-03,09:59:03.778,1.0
2016-04-03,09:59:04.776,1.0
2016-04-03,09:59:05.773,1.0
2016-04-03,09:59:06.771,1.0
2016-04-03,09:59:07.768,1.0
2016-04-03,09:59:08.766,1.0
2016-04-03,09:59:10.262,1.0
2016-04-03,09:59:11.260,1.0
2016-04-03,09:59:12.257,1.0
2016-04-03,09:59:13.254,1.0
2016-04-03,09:59:14.252,1.0
2016-04-03,09:59:15.252,1.0
2016-04-03,09:59:16.247,1.0
2016-04-03,09:59:17.244,1.0
2016-04-03,09:59:18.243,1.0
2016-04-03,09:59:19.240,1.0
2016-04-03,09:59:19.738,1.0
2016-04-03,09:59:20.735,1.0
2016-04-03,09:59:21.734,1.0
2016-04-03,09:59:22.731,1.0
2016-04-03,09:59:23.729,1.0
2016-04-03,09:59:24.725,1.0
2016-04-03,09:59:25.723,1.0
2016-04-03,09:59:26.721,1.0
2016-04-03,09:59:27.718,1.0
2016-04-03,09:59:28.715,1.0
2016-04-03,09:59:29.713,1.0
2016-04-03,09:59:30.710,1.0
2016-04-03,09:59:31.709,1.0
2016-04-03,09:59:32.706,1.0
2016-04-03,09:59:33.704,1.0
2016-04-03,09:59:34.700,1.0
2016-04-03,09:59:35.699,1.0
2016-04-03,09:59:36.696,1.0
2016-04-03,09:59:37.693,1.0
2016-04-03,09:59:38.691,1.0
2016-04-03,09:59:39.688,1.0
2016-04-03,09:59:40.686,1.0
2016-04-03,09:59:41.684,1.0
2016-04-03,09:59:42.681,1.0
2016-04-03,09:59:43.678,1.0
2016-04-03,09:59:44.676,1.0
2016-04-03,09:59:46.671,1.0
2016-04-03,09:59:47.669,1.0
2016-04-03,09:59:48.666,1.0
2016-04-03,09:59:49.664,1.0
2016-04-03,09:59:50.662,1.0
2016-04-03,09:59:51.659,1.0
2016-04-03,09:59:52.656,1.0
2016-04-03,09:59:53.653,1.0
2016-04-03,09:59:54.651,1.0
2016-04-03,09:59:55.648,1.0
2016-04-03,09:59:56.149,1.0
2016-04-03,09:59:57.145,1.0
2016-04-03,09:59:58.143,1.0
2016-04-03,09:59:59.139,1.0
2016-04-03,10:00:00.137,1.0
2016-04-03,10:00:01.134,1.0
2016-04-03,10:00:02.631,1.0
2016-04-03,10:00:03.628,1.0
2016-04-03,10:00:04.626,1.0
2016-04-03,10:00:05.623,1.0
2016-04-03,10:00:06.621,1.0
2016-04-03,10:00:07.619,1.0
2016-04-03,10:00:08.616,1.0
2016-04-03,10:00:09.615,1.0
2016-04-03,10:00:10.611,1.0
2016-04-03,10:00:11.608,1.0
2016-04-03,10:00:12.605,1.0
2016-04-03,10:00:13.603,1.0
2016-04-03,10:00:14.600,1.0
2016-04-03,10:00:15.598,1.0
2016-04-03,10:00:16.596,1.0
2016-04-03,10:00:17.593,1.0
2016-04-03,10:00:18.591,1.0
2016-04-03,10:00:19.588,1.0
2016-04-03,10:00:20.586,1.0
2016-04-03,10:00:21.583,1.0
2016-04-03,10:00:22.581,1.0
2016-04-03,10:00:23.578,1.0
2016-04-03,10:00:24.576,1.0
2016-04-03,10:00:25.573,1.0
2016-04-03,10:00:27.069,1.0
2016-04-03,10:00:27.568,1.0
2016-04-03,10:00:28.565,1.0
2016-04-03,10:00:29.563,1.0
2016-04-03,10:00:30.561,1.0
2016-04-03,10:00:31.558,1.0
2016-04-03,10:00:32.555,1.0
2016-04-03,10:00:33.553,1.0
2016-04-03,10:00:34.052,1.0
2016-04-03,10:00:35.049,1.0
2016-04-03,10:00:36.047,1.0
2016-04-03,10:00:37.044,1.0
2016-04-03,10:00:38.042,1.0
2016-04-03,10:00:39.039,1.0
2016-04-03,10:00:40.037,1.0
2016-04-03,10:00:41.034,1.0
2016-04-03,10:00:42.032,1.0
2016-04-03,10:00:43.030,1.0
2016-04-03,10:00:44.027,1.0
2016-04-03,10:00:45.024,1.0
2016-04-03,10:00:46.022,1.0
2016-04-03,10:00:47.019,1.0
2016-04-03,10:00:48.018,1.0
2016-04-03,10:00:49.015,1.0
2016-04-03,10:00:50.012,1.0
2016-04-03,10:00:51.009,1.0
2016-04-03,10:00:52.007,1.0
2016-04-03,10:00:53.503,1.0
2016-04-03,10:00:54.501,1.0
2016-04-03,10:00:55.498,1.0
2016-04-03,10:00:56.496,1.0
2016-04-03,10:00:57.494,1.0
2016-04-03,10:00:58.491,1.0
2016-04-03,10:00:59.488,1.0
2016-04-03,10:01:00.485,1.0
2016-04-03,10:01:01.483,1.0
2016-04-03,10:01:02.481,1.0
2016-04-03,10:01:03.478,1.0
2016-04-03,10:01:04.476,1.0
2016-04-03,10:01:05.473,1.0
2016-04-03,10:01:06.471,1.0
2016-04-03,10:01:07.468,1.0
2016-04-03,10:01:08.466,1.0
2016-04-03,10:01:09.463,1.0
2016-04-03,10:01:10.461,1.0
2016-04-03,10:01:11.458,1.0
2016-04-03,10:01:12.456,1.0
2016-04-03,10:01:12.954,1.0
2016-04-03,10:01:13.952,1.0
2016-04-03,10:01:14.949,1.0
2016-04-03,10:01:15.947,1.0
2016-04-03,10:01:16.944,1.0
2016-04-03,10:01:17.942,1.0
2016-04-03,10:01:18.940,1.0
2016-04-03,10:01:19.937,1.0
2016-04-03,10:01:20.934,1.0
2016-04-03,10:01:21.932,1.0
2016-04-03,10:01:22.930,1.0
2016-04-03,10:01:23.927,1.0
2016-04-03,10:01:24.924,1.0
2016-04-03,10:01:25.923,1.0
2016-04-03,10:01:26.919,1.0
2016-04-03,10:01:27.917,1.0
2016-04-03,10:01:28.914,1.0
2016-04-03,10:01:29.913,1.0
2016-04-03,10:01:30.910,1.0
2016-04-03,10:01:31.907,1.0
2016-04-03,10:01:32.905,1.0
2016-04-03,10:01:33.902,1.0
2016-04-03,10:01:34.900,1.0
2016-04-03,10:01:35.897,1.0
2016-04-03,10:01:37.393,1.0
2016-04-03,10:01:37.892,1.0
2016-04-03,10:01:38.890,1.0
2016-04-03,10:01:39.887,1.0
2016-04-03,10:01:40.885,1.0
2016-04-03,10:01:42.403,1.0
2016-04-03,10:01:43.379,1.0
2016-04-03,10:01:44.375,1.0
2016-04-03,10:01:45.375,1.0
2016-04-03,10:01:46.370,1.0
2016-04-03,10:01:47.368,1.0
2016-04-03,10:01:48.366,1.0
2016-04-03,10:01:49.363,1.0
2016-04-03,10:01:50.361,1.0
2016-04-03,10:01:50.859,1.0
2016-04-03,10:01:51.857,1.0
2016-04-03,10:01:52.855,1.0
2016-04-03,10:01:53.852,1.0
2016-04-03,10:01:54.850,1.0
2016-04-03,10:01:55.847,1.0
2016-04-03,10:01:56.844,1.0
2016-04-03,10:01:57.842,1.0
2016-04-03,10:01:58.841,1.0
2016-04-03,10:01:59.837,1.0
2016-04-03,10:02:00.835,1.0
2016-04-03,10:02:01.832,1.0
2016-04-03,10:02:02.830,1.0
2016-04-03,10:02:03.827,1.0
2016-04-03,10:02:04.825,1.0
2016-04-03,10:02:05.822,1.0
2016-04-03,10:02:06.819,1.0
2016-04-03,10:02:07.817,1.0
2016-04-03,10:02:08.814,1.0
2016-04-03,10:02:09.812,1.0
2016-04-03,10:02:10.810,1.0
2016-04-03,10:02:11.807,1.0
2016-04-03,10:02:12.805,1.0
2016-04-03,10:02:13.802,1.0
2016-04-03,10:02:14.800,1.0
2016-04-03,10:02:15.797,1.0
2016-04-03,10:02:16.796,1.0
2016-04-03,10:02:17.792,1.0
2016-04-03,10:02:18.789,1.0
2016-04-03,10:02:19.787,1.0
2016-04-03,10:02:20.785,1.0
2016-04-03,10:02:22.285,1.0
2016-04-03,10:02:23.777,1.0
2016-04-03,10:02:24.775,1.0
2016-04-03,10:02:25.772,1.0
2016-04-03,10:02:26.770,1.0
2016-04-03,10:02:27.767,1.0
2016-04-03,10:02:28.765,1.0
2016-04-03,10:02:29.762,1.0
2016-04-03,10:02:30.760,1.0
2016-04-03,10:02:31.258,1.0
2016-04-03,10:02:32.256,1.0
2016-04-03,10:02:33.255,1.0
2016-04-03,10:02:34.750,1.0
2016-04-03,10:02:35.747,1.0
2016-04-03,10:02:36.744,1.0
2016-04-03,10:02:37.742,1.0
2016-04-03,10:02:38.739,1.0
2016-04-03,10:02:39.738,1.0
2016-04-03,10:02:40.735,1.0
2016-04-03,10:02:41.733,1.0
2016-04-03,10:02:42.729,1.0
2016-04-03,10:02:43.727,1.0
2016-04-03,10:02:44.724,1.0
2016-04-03,10:02:45.722,1.0
2016-04-03,10:02:46.720,1.0
2016-04-03,10:02:47.717,1.0
2016-04-03,10:02:48.714,1.0
2016-04-03,10:02:49.712,1.0
2016-04-03,10:02:50.710,1.0
2016-04-03,10:02:51.707,1.0
2016-04-03,10:02:52.704,1.0
2016-04-03,10:02:53.702,1.0
2016-04-03,10:02:54.700,1.0
2016-04-03,10:02:55.697,1.0
2016-04-03,10:02:56.694,1.0
2016-04-03,10:02:57.694,1.0
2016-04-03,10:02:58.690,1.0
2016-04-03,10:02:59.687,1.0
2016-04-03,10:03:00.685,1.0
2016-04-03,10:03:01.682,1.0
2016-04-03,10:03:02.679,1.0
2016-04-03,10:03:03.677,1.0
2016-04-03,10:03:04.674,1.0
2016-04-03,10:03:05.672,1.0
2016-04-03,10:03:06.669,1.0
2016-04-03,10:03:07.670,1.0
2016-04-03,10:03:08.665,1.0
2016-04-03,10:03:09.662,1.0
2016-04-03,10:03:10.161,1.0
2016-04-03,10:03:11.158,1.0
2016-04-03,10:03:12.156,1.0
2016-04-03,10:03:13.154,1.0
2016-04-03,10:03:14.151,1.0
2016-04-03,10:03:15.148,1.0
2016-04-03,10:03:16.146,1.0
2016-04-03,10:03:17.143,1.0
2016-04-03,10:03:18.141,1.0
2016-04-03,10:03:19.138,1.0
2016-04-03,10:03:20.135,1.0
2016-04-03,10:03:21.133,1.0
2016-04-03,10:03:22.131,1.0
2016-04-03,10:03:23.128,1.0
2016-04-03,10:03:24.126,1.0
2016-04-03,10:03:25.123,1.0
2016-04-03,10:03:26.121,1.0
2016-04-03,10:03:27.119,1.0
2016-04-03,10:03:28.116,1.0
2016-04-03,10:03:29.612,1.0
2016-04-03,10:03:30.610,1.0
2016-04-03,10:03:31.607,1.0
2016-04-03,10:03:32.605,1.0
2016-04-03,10:03:33.602,1.0
2016-04-03,10:03:34.600,1.0
2016-04-03,10:03:35.597,1.0
2016-04-03,10:03:36.594,1.0
2016-04-03,10:03:37.592,1.0
2016-04-03,10:03:38.589,1.0
2016-04-03,10:03:39.587,1.0
2016-04-03,10:03:40.584,1.0
2016-04-03,10:03:41.582,1.0
2016-04-03,10:03:42.580,1.0
2016-04-03,10:03:43.577,1.0
2016-04-03,10:03:44.574,1.0
2016-04-03,10:03:45.572,1.0
2016-04-03,10:03:46.569,1.0
2016-04-03,10:03:47.567,1.0
2016-04-03,10:03:48.066,1.0
2016-04-03,10:03:49.063,1.0
2016-04-03,10:03:50.061,1.0
2016-04-03,10:03:51.058,1.0
2016-04-03,10:03:52.056,1.0
2016-04-03,10:03:53.054,1.0
2016-04-03,10:03:54.051,1.0
2016-04-03,10:03:55.048,1.0
2016-04-03,10:03:56.046,1.0
2016-04-03,10:03:57.043,1.0
2016-04-03,10:03:58.041,1.0
2016-04-03,10:03:59.038,1.0
2016-04-03,10:04:00.036,1.0
2016-04-03,10:04:01.033,1.0
2016-04-03,10:04:02.030,1.0
2016-04-03,10:04:03.028,1.0
2016-04-03,10:04:04.026,1.0
2016-04-03,10:04:05.024,1.0
2016-04-03,10:04:06.021,1.0
2016-04-03,10:04:07.018,1.0
2016-04-03,10:04:08.016,1.0
2016-04-03,10:04:09.014,1.0
2016-04-03,10:04:10.011,1.0
2016-04-03,10:04:11.008,1.0
2016-04-03,10:04:12.006,1.0
2016-04-03,10:04:13.003,1.0
2016-04-03,10:04:14.001,1.0
2016-04-03,10:04:14.999,1.0
2016-04-03,10:04:15.996,1.0
2016-04-03,10:04:16.993,1.0
2016-04-03,10:04:18.489,1.0
2016-04-03,10:04:19.487,1.0
2016-04-03,10:04:20.484,1.0
2016-04-03,10:04:21.483,1.0
2016-04-03,10:04:22.479,1.0
2016-04-03,10:04:23.477,1.0
2016-04-03,10:04:24.475,1.0
2016-04-03,10:04:24.973,1.0
2016-04-03,10:04:25.971,1.0
2016-04-03,10:04:26.968,1.0
2016-04-03,10:04:27.966,1.0
2016-04-03,10:04:28.963,1.0
2016-04-03,10:04:29.961,1.0
2016-04-03,10:04:30.958,1.0
2016-04-03,10:04:31.956,1.0
2016-04-03,10:04:32.953,1.0
2016-04-03,10:04:33.951,1.0
2016-04-03,10:04:34.948,1.0
2016-04-03,10:04:35.946,1.0
2016-04-03,10:04:36.944,1.0
2016-04-03,10:04:37.943,1.0
2016-04-03,10:04:38.938,1.0
2016-04-03,10:04:39.936,1.0
2016-04-03,10:04:40.934,1.0
2016-04-03,10:04:41.931,1.0
2016-04-03,10:04:42.928,1.0
2016-04-03,10:04:43.927,1.0
2016-04-03,10:04:44.923,1.0
2016-04-03,10:04:45.921,1.0
2016-04-03,10:04:46.918,1.0
2016-04-03,10:04:47.916,1.0
2016-04-03,10:04:48.913,1.0
2016-04-03,10:04:49.911,1.0
2016-04-03,10:04:50.909,1.0
2016-04-03,10:04:52.903,1.0
2016-04-03,10:04:53.901,1.0
2016-04-03,10:04:54.900,1.0
2016-04-03,10:04:55.897,1.0
2016-04-03,10:04:56.898,1.0
2016-04-03,10:04:57.891,1.0
2016-04-03,10:04:58.888,1.0
2016-04-03,10:04:59.887,1.0
2016-04-03,10:05:00.883,1.0
2016-04-03,10:05:01.882,1.0
2016-04-03,10:05:02.380,1.0
2016-04-03,10:05:03.377,1.0
2016-04-03,10:05:04.374,1.0
2016-04-03,10:05:05.372,1.0
2016-04-03,10:05:06.369,1.0
2016-04-03,10:05:07.367,1.0
2016-04-03,10:05:08.863,1.0
2016-04-03,10:05:09.863,1.0
2016-04-03,10:05:10.858,1.0
2016-04-03,10:05:11.856,1.0
2016-04-03,10:05:12.854,1.0
2016-04-03,10:05:13.851,1.0
2016-04-03,10:05:14.848,1.0
2016-04-03,10:05:15.846,1.0
2016-04-03,10:05:16.843,1.0
2016-04-03,10:05:17.841,1.0
2016-04-03,10:05:18.838,1.0
2016-04-03,10:05:19.836,1.0
2016-04-03,10:05:20.833,1.0
2016-04-03,10:05:21.831,1.0
2016-04-03,10:05:22.829,1.0
2016-04-03,10:05:23.826,1.0
2016-04-03,10:05:24.823,1.0
2016-04-03,10:05:25.822,1.0
2016-04-03,10:05:26.818,1.0
2016-04-03,10:05:27.816,1.0
2016-04-03,10:05:28.813,1.0
2016-04-03,10:05:29.811,1.0
2016-04-03,10:05:30.808,1.0
2016-04-03,10:05:31.806,1.0
2016-04-03,10:05:32.803,1.0
2016-04-03,10:05:33.800,1.0
2016-04-03,10:05:34.798,1.0
2016-04-03,10:05:35.796,1.0
2016-04-03,10:05:36.795,1.0
2016-04-03,10:05:37.791,1.0
2016-04-03,10:05:38.788,1.0
2016-04-03,10:05:39.786,1.0
2016-04-03,10:05:40.285,1.0
2016-04-03,10:05:41.282,1.0
2016-04-03,10:05:42.279,1.0
2016-04-03,10:05:43.277,1.0
2016-04-03,10:05:44.275,1.0
2016-04-03,10:05:45.272,1.0
2016-04-03,10:05:46.270,1.0
2016-04-03,10:05:47.267,1.0
2016-04-03,10:05:48.265,1.0
2016-04-03,10:05:49.263,1.0
2016-04-03,10:05:50.259,1.0
2016-04-03,10:05:51.259,1.0
2016-04-03,10:05:52.254,1.0
2016-04-03,10:05:53.252,1.0
2016-04-03,10:05:54.250,1.0
2016-04-03,10:05:55.248,1.0
2016-04-03,10:05:56.244,1.0
2016-04-03,10:05:57.741,1.0
2016-04-03,10:05:58.738,1.0
2016-04-03,10:05:59.736,1.0
2016-04-03,10:06:00.733,1.0
2016-04-03,10:06:01.731,1.0
2016-04-03,10:06:02.728,1.0
2016-04-03,10:06:03.726,1.0
2016-04-03,10:06:04.726,1.0
2016-04-03,10:06:05.721,1.0
2016-04-03,10:06:06.718,1.0
2016-04-03,10:06:07.716,1.0
2016-04-03,10:06:08.713,1.0
2016-04-03,10:06:09.711,1.0
2016-04-03,10:06:10.708,1.0
2016-04-03,10:06:11.706,1.0
2016-04-03,10:06:12.703,1.0
2016-04-03,10:06:13.701,1.0
2016-04-03,10:06:14.699,1.0
2016-04-03,10:06:15.696,1.0
2016-04-03,10:06:16.693,1.0
2016-04-03,10:06:17.691,1.0
2016-04-03,10:06:18.688,1.0
2016-04-03,10:06:19.686,1.0
2016-04-03,10:06:20.683,1.0
2016-04-03,10:06:21.182,1.0
2016-04-03,10:06:22.180,1.0
2016-04-03,10:06:23.178,1.0
2016-04-03,10:06:24.174,1.0
2016-04-03,10:06:25.175,1.0
2016-04-03,10:06:26.170,1.0
2016-04-03,10:06:27.167,1.0
2016-04-03,10:06:28.168,1.0
2016-04-03,10:06:29.162,1.0
2016-04-03,10:06:30.160,1.0
2016-04-03,10:06:31.157,1.0
2016-04-03,10:06:32.156,1.0
2016-04-03,10:06:33.152,1.0
2016-04-03,10:06:34.150,1.0
2016-04-03,10:06:35.147,1.0
2016-04-03,10:06:36.145,1.0
2016-04-03,10:06:37.143,1.0
2016-04-03,10:06:38.139,1.0
2016-04-03,10:06:39.137,1.0
2016-04-03,10:06:40.135,1.0
2016-04-03,10:06:41.133,1.0
2016-04-03,10:06:42.130,1.0
2016-04-03,10:06:43.127,1.0
2016-04-03,10:06:44.125,1.0
2016-04-03,10:06:45.124,1.0
2016-04-03,10:06:46.119,1.0
2016-04-03,10:06:47.117,1.0
2016-04-03,10:06:48.115,1.0
2016-04-03,10:06:49.112,1.0
2016-04-03,10:06:50.110,1.0
2016-04-03,10:06:51.107,1.0
2016-04-03,10:06:52.105,1.0
2016-04-03,10:06:53.102,1.0
2016-04-03,10:06:54.100,1.0
2016-04-03,10:06:55.097,1.0
2016-04-03,10:06:56.094,1.0
2016-04-03,10:06:57.591,1.0
2016-04-03,10:06:58.588,1.0
2016-04-03,10:06:59.586,1.0
2016-04-03,10:07:00.583,1.0
2016-04-03,10:07:01.581,1.0
2016-04-03,10:07:02.578,1.0
2016-04-03,10:07:03.576,1.0
2016-04-03,10:07:04.075,1.0
2016-04-03,10:07:05.072,1.0
2016-04-03,10:07:06.070,1.0
2016-04-03,10:07:07.068,1.0
2016-04-03,10:07:08.065,1.0
2016-04-03,10:07:09.062,1.0
2016-04-03,10:07:10.060,1.0
2016-04-03,10:07:11.057,1.0
2016-04-03,10:07:12.054,1.0
2016-04-03,10:07:13.052,1.0
2016-04-03,10:07:14.050,1.0
2016-04-03,10:07:15.047,1.0
2016-04-03,10:07:16.046,1.0
2016-04-03,10:07:17.043,1.0
2016-04-03,10:07:18.040,1.0
2016-04-03,10:07:19.037,1.0
2016-04-03,10:07:20.035,1.0
2016-04-03,10:07:21.033,1.0
2016-04-03,10:07:22.029,1.0
2016-04-03,10:07:24.025,1.0
2016-04-03,10:07:25.023,1.0
2016-04-03,10:07:26.020,1.0
2016-04-03,10:07:27.516,1.0
2016-04-03,10:07:28.015,1.0
2016-04-03,10:07:29.012,1.0
2016-04-03,10:07:30.009,1.0
2016-04-03,10:07:31.007,1.0
2016-04-03,10:07:32.005,1.0
2016-04-03,10:07:33.002,1.0
2016-04-03,10:07:34.000,1.0
2016-04-03,10:07:34.997,1.0
2016-04-03,10:07:35.995,1.0
2016-04-03,10:07:36.992,1.0
2016-04-03,10:07:37.990,1.0
2016-04-03,10:07:38.989,1.0
2016-04-03,10:07:39.985,1.0
2016-04-03,10:07:40.982,1.0
2016-04-03,10:07:41.980,1.0
2016-04-03,10:07:42.977,1.0
2016-04-03,10:07:43.476,1.0
2016-04-03,10:07:44.473,1.0
2016-04-03,10:07:45.471,1.0
2016-04-03,10:07:46.469,1.0
2016-04-03,10:07:47.466,1.0
2016-04-03,10:07:48.463,1.0
2016-04-03,10:07:49.461,1.0
2016-04-03,10:07:50.458,1.0
2016-04-03,10:07:51.955,1.0
2016-04-03,10:07:52.953,1.0
2016-04-03,10:07:53.950,1.0
2016-04-03,10:07:54.947,1.0
2016-04-03,10:07:55.945,1.0
2016-04-03,10:07:56.942,1.0
2016-04-03,10:07:57.940,1.0
2016-04-03,10:07:58.937,1.0
2016-04-03,10:07:59.936,1.0
2016-04-03,10:08:00.932,1.0
2016-04-03,10:08:01.930,1.0
2016-04-03,10:08:02.928,1.0
2016-04-03,10:08:03.925,1.0
2016-04-03,10:08:04.922,1.0
2016-04-03,10:08:05.920,1.0
2016-04-03,10:08:07.419,1.0
2016-04-03,10:08:07.915,1.0
2016-04-03,10:08:08.912,1.0
2016-04-03,10:08:09.910,1.0
2016-04-03,10:08:10.907,1.0
2016-04-03,10:08:11.905,1.0
2016-04-03,10:08:12.902,1.0
2016-04-03,10:08:13.900,1.0
2016-04-03,10:08:14.897,1.0
2016-04-03,10:08:15.895,1.0
2016-04-03,10:08:16.893,1.0
2016-04-03,10:08:17.890,1.0
2016-04-03,10:08:18.887,1.0
2016-04-03,10:08:19.885,1.0
2016-04-03,10:08:20.882,1.0
2016-04-03,10:08:21.880,1.0
2016-04-03,10:08:22.877,1.0
2016-04-03,10:08:23.875,1.0
2016-04-03,10:08:24.374,1.0
2016-04-03,10:08:25.371,1.0
2016-04-03,10:08:26.369,1.0
2016-04-03,10:08:27.366,1.0
2016-04-03,10:08:28.363,1.0
2016-04-03,10:08:29.361,1.0
2016-04-03,10:08:30.358,1.0
2016-04-03,10:08:31.356,1.0
2016-04-03,10:08:32.353,1.0
2016-04-03,10:08:33.351,1.0
2016-04-03,10:08:34.348,1.0
2016-04-03,10:08:35.346,1.0
2016-04-03,10:08:36.343,1.0
2016-04-03,10:08:37.341,1.0
2016-04-03,10:08:38.338,1.0
2016-04-03,10:08:39.336,1.0
2016-04-03,10:08:40.333,1.0
2016-04-03,10:08:41.331,1.0
2016-04-03,10:08:42.328,1.0
2016-04-03,10:08:43.326,1.0
2016-04-03,10:08:44.822,1.0
2016-04-03,10:08:45.820,1.0
2016-04-03,10:08:46.817,1.0
2016-04-03,10:08:47.816,1.0
2016-04-03,10:08:48.813,1.0
2016-04-03,10:08:49.810,1.0
2016-04-03,10:08:50.807,1.0
2016-04-03,10:08:51.806,1.0
2016-04-03,10:08:52.803,1.0
2016-04-03,10:08:53.800,1.0
2016-04-03,10:08:54.799,1.0
2016-04-03,10:08:55.795,1.0
2016-04-03,10:08:56.794,1.0
2016-04-03,10:08:57.790,1.0
2016-04-03,10:08:58.787,1.0
2016-04-03,10:08:59.785,1.0
2016-04-03,10:09:00.782,1.0
2016-04-03,10:09:01.783,1.0
2016-04-03,10:09:02.777,1.0
2016-04-03,10:09:03.276,1.0
2016-04-03,10:09:04.273,1.0
2016-04-03,10:09:05.271,1.0
2016-04-03,10:09:06.268,1.0
2016-04-03,10:09:07.266,1.0
2016-04-03,10:09:08.264,1.0
2016-04-03,10:09:09.261,1.0
2016-04-03,10:09:10.258,1.0
2016-04-03,10:09:11.257,1.0
2016-04-03,10:09:12.253,1.0
2016-04-03,10:09:13.251,1.0
2016-04-03,10:09:14.248,1.0
2016-04-03,10:09:15.247,1.0
2016-04-03,10:09:16.243,1.0
2016-04-03,10:09:17.241,1.0
2016-04-03,10:09:18.238,1.0
2016-04-03,10:09:19.236,1.0
2016-04-03,10:09:20.234,1.0
2016-04-03,10:09:21.233,1.0
2016-04-03,10:09:22.229,1.0
2016-04-03,10:09:23.226,1.0
2016-04-03,10:09:24.224,1.0
2016-04-03,10:09:25.221,1.0
2016-04-03,10:09:26.219,1.0
2016-04-03,10:09:27.216,1.0
2016-04-03,10:09:28.213,1.0
2016-04-03,10:09:29.211,1.0
2016-04-03,10:09:30.209,1.0
2016-04-03,10:09:31.206,1.0
2016-04-03,10:09:32.203,1.0
2016-04-03,10:09:33.201,1.0
2016-04-03,10:09:34.198,1.0
2016-04-03,10:09:35.220,1.0
2016-04-03,10:09:36.193,1.0
2016-04-03,10:09:37.191,1.0
2016-04-03,10:09:38.188,1.0
2016-04-03,10:09:39.186,1.0
2016-04-03,10:09:40.682,1.0
2016-04-03,10:09:41.679,1.0
2016-04-03,10:09:42.179,1.0
2016-04-03,10:09:43.176,1.0
2016-04-03,10:09:44.174,1.0
2016-04-03,10:09:45.171,1.0
2016-04-03,10:09:46.169,1.0
2016-04-03,10:09:47.171,1.0
2016-04-03,10:09:48.164,1.0
2016-04-03,10:09:49.161,1.0
2016-04-03,10:09:50.159,1.0
2016-04-03,10:09:51.156,1.0
2016-04-03,10:09:52.153,1.0
2016-04-03,10:09:53.151,1.0
2016-04-03,10:09:55.146,1.0
2016-04-03,10:09:56.144,1.0
2016-04-03,10:09:57.141,1.0
2016-04-03,10:09:58.139,1.0
2016-04-03,10:09:59.136,1.0
2016-04-03,10:10:00.133,1.0
2016-04-03,10:10:01.131,1.0
2016-04-03,10:10:02.128,1.0
2016-04-03,10:10:03.127,1.0
2016-04-03,10:10:04.123,1.0
2016-04-03,10:10:05.121,1.0
2016-04-03,10:10:06.119,1.0
2016-04-03,10:10:07.116,1.0
2016-04-03,10:10:08.114,1.0
2016-04-03,10:10:09.111,1.0
2016-04-03,10:10:10.109,1.0
2016-04-03,10:10:11.106,1.0
2016-04-03,10:10:12.103,1.0
2016-04-03,10:10:13.102,1.0
2016-04-03,10:10:14.098,1.0
2016-04-03,10:10:15.096,1.0
2016-04-03,10:10:16.093,1.0
2016-04-03,10:10:17.091,1.0
2016-04-03,10:10:18.089,1.0
2016-04-03,10:10:19.086,1.0
2016-04-03,10:10:20.083,1.0
2016-04-03,10:10:21.081,1.0
2016-04-03,10:10:22.078,1.0
2016-04-03,10:10:22.578,1.0
2016-04-03,10:10:23.579,1.0
2016-04-03,10:10:24.572,1.0
2016-04-03,10:10:25.570,1.0
2016-04-03,10:10:26.567,1.0
2016-04-03,10:10:27.565,1.0
2016-04-03,10:10:28.563,1.0
2016-04-03,10:10:29.560,1.0
2016-04-03,10:10:30.559,1.0
2016-04-03,10:10:31.555,1.0
2016-04-03,10:10:33.051,1.0
2016-04-03,10:10:34.049,1.0
2016-04-03,10:10:35.046,1.0
2016-04-03,10:10:36.043,1.0
2016-04-03,10:10:37.042,1.0
2016-04-03,10:10:38.039,1.0
2016-04-03,10:10:39.036,1.0
2016-04-03,10:10:40.034,1.0
2016-04-03,10:10:41.031,1.0
2016-04-03,10:10:42.029,1.0
2016-04-03,10:10:43.026,1.0
2016-04-03,10:10:44.024,1.0
2016-04-03,10:10:45.021,1.0
2016-04-03,10:10:46.019,1.0
2016-04-03,10:10:47.016,1.0
2016-04-03,10:10:48.013,1.0
2016-04-03,10:10:49.011,1.0
2016-04-03,10:10:50.009,1.0
2016-04-03,10:10:51.006,1.0
2016-04-03,10:10:52.003,1.0
2016-04-03,10:10:53.001,1.0
2016-04-03,10:10:53.999,1.0
2016-04-03,10:10:54.996,1.0
2016-04-03,10:10:55.994,1.0
2016-04-03,10:10:56.991,1.0
2016-04-03,10:10:57.988,1.0
2016-04-03,10:10:58.986,1.0
2016-04-03,10:10:59.983,1.0
2016-04-03,10:11:00.981,1.0
2016-04-03,10:11:01.979,1.0
2016-04-03,10:11:02.976,1.0
2016-04-03,10:11:03.475,1.0
2016-04-03,10:11:04.474,1.0
2016-04-03,10:11:05.470,1.0
2016-04-03,10:11:06.467,1.0
2016-04-03,10:11:07.465,1.0
2016-04-03,10:11:08.462,1.0
2016-04-03,10:11:09.460,1.0
2016-04-03,10:11:10.457,1.0
2016-04-03,10:11:11.454,1.0
2016-04-03,10:11:12.453,1.0
2016-04-03,10:11:13.450,1.0
2016-04-03,10:11:14.447,1.0
2016-04-03,10:11:15.445,1.0
2016-04-03,10:11:16.442,1.0
2016-04-03,10:11:17.440,1.0
2016-04-03,10:11:18.437,1.0
2016-04-03,10:11:19.434,1.0
2016-04-03,10:11:20.432,1.0
2016-04-03,10:11:21.429,1.0
2016-04-03,10:11:22.427,1.0
2016-04-03,10:11:23.426,1.0
2016-04-03,10:11:24.423,1.0
2016-04-03,10:11:25.420,1.0
2016-04-03,10:11:27.415,1.0
2016-04-03,10:11:27.913,1.0
2016-04-03,10:11:28.911,1.0
2016-04-03,10:11:29.909,1.0
2016-04-03,10:11:30.906,1.0
2016-04-03,10:11:31.904,1.0
2016-04-03,10:11:32.901,1.0
2016-04-03,10:11:33.899,1.0
2016-04-03,10:11:34.896,1.0
2016-04-03,10:11:35.894,1.0
2016-04-03,10:11:36.892,1.0
2016-04-03,10:11:37.888,1.0
2016-04-03,10:11:38.886,1.0
2016-04-03,10:11:39.385,1.0
2016-04-03,10:11:40.383,1.0
2016-04-03,10:11:41.381,1.0
2016-04-03,10:11:42.378,1.0
2016-04-03,10:11:43.374,1.0
2016-04-03,10:11:44.372,1.0
2016-04-03,10:11:45.371,1.0
2016-04-03,10:11:46.368,1.0
2016-04-03,10:11:47.366,1.0
2016-04-03,10:11:48.363,1.0
2016-04-03,10:11:49.360,1.0
2016-04-03,10:11:50.357,1.0
2016-04-03,10:11:51.354,1.0
2016-04-03,10:11:52.352,1.0
2016-04-03,10:11:53.350,1.0
2016-04-03,10:11:54.347,1.0
2016-04-03,10:11:55.345,1.0
2016-04-03,10:11:56.342,1.0
2016-04-03,10:11:57.339,1.0
2016-04-03,10:11:58.337,1.0
2016-04-03,10:11:59.334,1.0
2016-04-03,10:12:00.332,1.0
2016-04-03,10:12:01.330,1.0
2016-04-03,10:12:02.327,1.0
2016-04-03,10:12:03.324,1.0
2016-04-03,10:12:04.322,1.0
2016-04-03,10:12:05.321,1.0
2016-04-03,10:12:06.317,1.0
2016-04-03,10:12:07.314,1.0
2016-04-03,10:12:08.312,1.0
2016-04-03,10:12:09.309,1.0
2016-04-03,10:12:10.307,1.0
2016-04-03,10:12:11.304,1.0
2016-04-03,10:12:12.302,1.0
2016-04-03,10:12:13.299,1.0
2016-04-03,10:12:14.297,1.0
2016-04-03,10:12:15.295,1.0
2016-04-03,10:12:16.292,1.0
2016-04-03,10:12:17.289,1.0
2016-04-03,10:12:18.288,1.0
2016-04-03,10:12:19.285,1.0
2016-04-03,10:12:20.283,1.0
2016-04-03,10:12:21.280,1.0
2016-04-03,10:12:22.277,1.0
2016-04-03,10:12:23.275,1.0
2016-04-03,10:12:24.272,1.0
2016-04-03,10:12:25.269,1.0
2016-04-03,10:12:27.268,1.0
2016-04-03,10:12:28.263,1.0
2016-04-03,10:12:29.260,1.0
2016-04-03,10:12:30.257,1.0
2016-04-03,10:12:31.254,1.0
2016-04-03,10:12:32.252,1.0
2016-04-03,10:12:33.250,1.0
2016-04-03,10:12:34.247,1.0
2016-04-03,10:12:35.245,1.0
2016-04-03,10:12:36.242,1.0
2016-04-03,10:12:37.239,1.0
2016-04-03,10:12:38.237,1.0
2016-04-03,10:12:39.235,1.0
2016-04-03,10:12:40.235,1.0
2016-04-03,10:12:41.230,1.0
2016-04-03,10:12:42.227,1.0
2016-04-03,10:12:43.225,1.0
2016-04-03,10:12:44.224,1.0
2016-04-03,10:12:45.220,1.0
2016-04-03,10:12:46.218,1.0
2016-04-03,10:12:47.215,1.0
2016-04-03,10:12:48.212,1.0
2016-04-03,10:12:49.209,1.0
2016-04-03,10:12:50.207,1.0
2016-04-03,10:12:51.205,1.0
2016-04-03,10:12:52.202,1.0
2016-04-03,10:12:53.200,1.0
2016-04-03,10:12:54.198,1.0
2016-04-03,10:12:55.195,1.0
2016-04-03,10:12:56.192,1.0
2016-04-03,10:12:57.191,1.0
2016-04-03,10:12:58.187,1.0
2016-04-03,10:12:59.185,1.0
2016-04-03,10:13:00.182,1.0
2016-04-03,10:13:01.180,1.0
2016-04-03,10:13:01.679,1.0
2016-04-03,10:13:02.676,1.0
2016-04-03,10:13:03.674,1.0
2016-04-03,10:13:04.672,1.0
2016-04-03,10:13:05.668,1.0
2016-04-03,10:13:06.667,1.0
2016-04-03,10:13:07.663,1.0
2016-04-03,10:13:08.662,1.0
2016-04-03,10:13:09.658,1.0
2016-04-03,10:13:10.656,1.0
2016-04-03,10:13:11.654,1.0
2016-04-03,10:13:12.651,1.0
2016-04-03,10:13:13.649,1.0
2016-04-03,10:13:15.145,1.0
2016-04-03,10:13:16.142,1.0
2016-04-03,10:13:17.140,1.0
2016-04-03,10:13:18.137,1.0
2016-04-03,10:13:19.134,1.0
2016-04-03,10:13:20.134,1.0
2016-04-03,10:13:21.130,1.0
2016-04-03,10:13:22.127,1.0
2016-04-03,10:13:23.125,1.0
2016-04-03,10:13:24.122,1.0
2016-04-03,10:13:25.120,1.0
2016-04-03,10:13:26.117,1.0
2016-04-03,10:13:27.115,1.0
2016-04-03,10:13:28.112,1.0
2016-04-03,10:13:29.110,1.0
2016-04-03,10:13:30.107,1.0
2016-04-03,10:13:31.104,1.0
2016-04-03,10:13:32.102,1.0
2016-04-03,10:13:33.100,1.0
2016-04-03,10:13:34.097,1.0
2016-04-03,10:13:35.096,1.0
2016-04-03,10:13:36.092,1.0
2016-04-03,10:13:37.090,1.0
2016-04-03,10:13:38.087,1.0
2016-04-03,10:13:39.085,1.0
2016-04-03,10:13:40.083,1.0
2016-04-03,10:13:41.082,1.0
2016-04-03,10:13:41.579,1.0
2016-04-03,10:13:42.576,1.0
2016-04-03,10:13:43.574,1.0
2016-04-03,10:13:44.571,1.0
2016-04-03,10:13:45.569,1.0
2016-04-03,10:13:46.568,1.0
2016-04-03,10:13:47.563,1.0
2016-04-03,10:13:48.561,1.0
2016-04-03,10:13:49.559,1.0
2016-04-03,10:13:50.556,1.0
2016-04-03,10:13:51.554,1.0
2016-04-03,10:13:52.551,1.0
2016-04-03,10:13:53.548,1.0
2016-04-03,10:13:54.548,1.0
2016-04-03,10:13:55.544,1.0
2016-04-03,10:13:56.542,1.0
2016-04-03,10:13:57.538,1.0
2016-04-03,10:13:58.536,1.0
2016-04-03,10:13:59.533,1.0
2016-04-03,10:14:00.531,1.0
2016-04-03,10:14:01.529,1.0
2016-04-03,10:14:02.526,1.0
2016-04-03,10:14:03.524,1.0
2016-04-03,10:14:04.522,1.0
2016-04-03,10:14:05.519,1.0
2016-04-03,10:14:06.516,1.0
2016-04-03,10:14:08.012,1.0
2016-04-03,10:14:09.010,1.0
2016-04-03,10:14:10.008,1.0
2016-04-03,10:14:11.005,1.0
2016-04-03,10:14:12.002,1.0
2016-04-03,10:14:13.000,1.0
2016-04-03,10:14:13.997,1.0
2016-04-03,10:14:14.996,1.0
2016-04-03,10:14:15.992,1.0
2016-04-03,10:14:16.990,1.0
2016-04-03,10:14:17.988,1.0
2016-04-03,10:14:18.985,1.0
2016-04-03,10:14:19.983,1.0
2016-04-03,10:14:20.481,1.0
2016-04-03,10:14:21.480,1.0
2016-04-03,10:14:22.476,1.0
2016-04-03,10:14:23.473,1.0
2016-04-03,10:14:24.471,1.0
2016-04-03,10:14:25.468,1.0
2016-04-03,10:14:26.466,1.0
2016-04-03,10:14:27.463,1.0
2016-04-03,10:14:28.461,1.0
2016-04-03,10:14:29.458,1.0
2016-04-03,10:14:30.456,1.0
2016-04-03,10:14:31.454,1.0
2016-04-03,10:14:32.451,1.0
2016-04-03,10:14:33.448,1.0
2016-04-03,10:14:34.446,1.0
2016-04-03,10:14:35.444,1.0
2016-04-03,10:14:36.441,1.0
2016-04-03,10:14:37.438,1.0
2016-04-03,10:14:38.436,1.0
2016-04-03,10:14:39.433,1.0
2016-04-03,10:14:40.431,1.0
2016-04-03,10:14:41.428,1.0
2016-04-03,10:14:42.426,1.0
2016-04-03,10:14:43.423,1.0
2016-04-03,10:14:44.421,1.0
2016-04-03,10:14:45.419,1.0
2016-04-03,10:14:46.416,1.0
2016-04-03,10:14:47.414,1.0
2016-04-03,10:14:48.411,1.0
2016-04-03,10:14:49.408,1.0
2016-04-03,10:14:50.406,1.0
2016-04-03,10:14:51.404,1.0
2016-04-03,10:14:52.401,1.0
2016-04-03,10:14:53.398,1.0
2016-04-03,10:14:54.396,1.0
2016-04-03,10:14:55.393,1.0
2016-04-03,10:14:56.391,1.0
2016-04-03,10:14:57.389,1.0
2016-04-03,10:14:58.386,1.0
2016-04-03,10:14:59.383,1.0
2016-04-03,10:15:00.880,1.0
2016-04-03,10:15:02.376,1.0
2016-04-03,10:15:03.373,1.0
2016-04-03,10:15:04.371,1.0
2016-04-03,10:15:05.368,1.0
2016-04-03,10:15:06.366,1.0
2016-04-03,10:15:07.363,1.0
2016-04-03,10:15:08.361,1.0
2016-04-03,10:15:09.358,1.0
2016-04-03,10:15:10.357,1.0
2016-04-03,10:15:11.353,1.0
2016-04-03,10:15:12.351,1.0
2016-04-03,10:15:13.351,1.0
2016-04-03,10:15:14.346,1.0
2016-04-03,10:15:15.343,1.0
2016-04-03,10:15:16.341,1.0
2016-04-03,10:15:17.338,1.0
2016-04-03,10:15:18.336,1.0
2016-04-03,10:15:19.334,1.0
2016-04-03,10:15:20.331,1.0
2016-04-03,10:15:21.328,1.0
2016-04-03,10:15:22.326,1.0
2016-04-03,10:15:23.323,1.0
2016-04-03,10:15:24.323,1.0
2016-04-03,10:15:25.318,1.0
2016-04-03,10:15:26.316,1.0
2016-04-03,10:15:27.313,1.0
2016-04-03,10:15:28.311,1.0
2016-04-03,10:15:29.309,1.0
2016-04-03,10:15:30.307,1.0
2016-04-03,10:15:31.303,1.0
2016-04-03,10:15:32.301,1.0
2016-04-03,10:15:33.298,1.0
2016-04-03,10:15:34.296,1.0
2016-04-03,10:15:35.293,1.0
2016-04-03,10:15:36.291,1.0
2016-04-03,10:15:36.789,1.0
2016-04-03,10:15:37.787,1.0
2016-04-03,10:15:38.784,1.0
2016-04-03,10:15:39.782,1.0
2016-04-03,10:15:40.780,1.0
2016-04-03,10:15:41.778,1.0
2016-04-03,10:15:42.775,1.0
2016-04-03,10:15:43.773,1.0
2016-04-03,10:15:44.770,1.0
2016-04-03,10:15:45.767,1.0
2016-04-03,10:15:46.765,1.0
2016-04-03,10:15:48.261,1.0
2016-04-03,10:15:49.259,1.0
2016-04-03,10:15:50.257,1.0
2016-04-03,10:15:51.254,1.0
2016-04-03,10:15:52.253,1.0
2016-04-03,10:15:53.248,1.0
2016-04-03,10:15:54.246,1.0
2016-04-03,10:15:55.244,1.0
2016-04-03,10:15:56.243,1.0
2016-04-03,10:15:57.238,1.0
2016-04-03,10:15:58.236,1.0
2016-04-03,10:15:59.234,1.0
2016-04-03,10:16:00.231,1.0
2016-04-03,10:16:01.229,1.0
2016-04-03,10:16:02.226,1.0
2016-04-03,10:16:03.224,1.0
2016-04-03,10:16:04.221,1.0
2016-04-03,10:16:05.219,1.0
2016-04-03,10:16:06.216,1.0
2016-04-03,10:16:07.213,1.0
2016-04-03,10:16:08.211,1.0
2016-04-03,10:16:09.209,1.0
2016-04-03,10:16:10.206,1.0
2016-04-03,10:16:11.205,1.0
2016-04-03,10:16:12.201,1.0
2016-04-03,10:16:13.200,1.0
2016-04-03,10:16:14.196,1.0
2016-04-03,10:16:15.194,1.0
2016-04-03,10:16:15.694,1.0
2016-04-03,10:16:16.690,1.0
2016-04-03,10:16:17.687,1.0
2016-04-03,10:16:18.684,1.0
2016-04-03,10:16:19.682,1.0
2016-04-03,10:16:20.680,1.0
2016-04-03,10:16:21.677,1.0
2016-04-03,10:16:22.675,1.0
2016-04-03,10:16:23.673,1.0
2016-04-03,10:16:24.670,1.0
2016-04-03,10:16:25.667,1.0
2016-04-03,10:16:26.665,1.0
2016-04-03,10:16:27.662,1.0
2016-04-03,10:16:28.660,1.0
2016-04-03,10:16:29.657,1.0
2016-04-03,10:16:30.655,1.0
2016-04-03,10:16:31.653,1.0
2016-04-03,10:16:32.650,1.0
2016-04-03,10:16:33.650,1.0
2016-04-03,10:16:34.645,1.0
2016-04-03,10:16:35.642,1.0
2016-04-03,10:16:36.640,1.0
2016-04-03,10:16:37.637,1.0
2016-04-03,10:16:38.637,1.0
2016-04-03,10:16:39.632,1.0
2016-04-03,10:16:40.630,1.0
2016-04-03,10:16:41.628,1.0
2016-04-03,10:16:43.123,1.0
2016-04-03,10:16:44.121,1.0
2016-04-03,10:16:45.119,1.0
2016-04-03,10:16:46.116,1.0
2016-04-03,10:16:47.114,1.0
2016-04-03,10:16:48.111,1.0
2016-04-03,10:16:49.109,1.0
2016-04-03,10:16:50.106,1.0
2016-04-03,10:16:51.104,1.0
2016-04-03,10:16:52.102,1.0
2016-04-03,10:16:53.098,1.0
2016-04-03,10:16:53.597,1.0
2016-04-03,10:16:54.595,1.0
2016-04-03,10:16:55.592,1.0
2016-04-03,10:16:56.590,1.0
2016-04-03,10:16:57.589,1.0
2016-04-03,10:16:58.585,1.0
2016-04-03,10:16:59.583,1.0
2016-04-03,10:17:00.580,1.0
2016-04-03,10:17:01.577,1.0
2016-04-03,10:17:02.575,1.0
2016-04-03,10:17:03.572,1.0
2016-04-03,10:17:04.570,1.0
2016-04-03,10:17:05.567,1.0
2016-04-03,10:17:06.566,1.0
2016-04-03,10:17:07.562,1.0
2016-04-03,10:17:08.560,1.0
2016-04-03,10:17:09.557,1.0
2016-04-03,10:17:10.555,1.0
2016-04-03,10:17:11.553,1.0
2016-04-03,10:17:12.550,1.0
2016-04-03,10:17:13.547,1.0
2016-04-03,10:17:14.545,1.0
2016-04-03,10:17:15.542,1.0
2016-04-03,10:17:16.540,1.0
2016-04-03,10:17:17.537,1.0
2016-04-03,10:17:18.535,1.0
2016-04-03,10:17:19.533,1.0
2016-04-03,10:17:20.530,1.0
2016-04-03,10:17:21.528,1.0
2016-04-03,10:17:22.525,1.0
2016-04-03,10:17:23.522,1.0
2016-04-03,10:17:24.520,1.0
2016-04-03,10:17:25.518,1.0
2016-04-03,10:17:26.516,1.0
2016-04-03,10:17:27.513,1.0
2016-04-03,10:17:28.510,1.0
2016-04-03,10:17:29.507,1.0
2016-04-03,10:17:30.505,1.0
2016-04-03,10:17:31.502,1.0
2016-04-03,10:17:32.501,1.0
2016-04-03,10:17:33.498,1.0
2016-04-03,10:17:34.495,1.0
2016-04-03,10:17:35.493,1.0
2016-04-03,10:17:37.986,1.0
2016-04-03,10:17:38.485,1.0
2016-04-03,10:17:39.482,1.0
2016-04-03,10:17:40.480,1.0
2016-04-03,10:17:41.477,1.0
2016-04-03,10:17:42.475,1.0
2016-04-03,10:17:43.472,1.0
2016-04-03,10:17:44.470,1.0
2016-04-03,10:17:45.467,1.0
2016-04-03,10:17:46.465,1.0
2016-04-03,10:17:47.463,1.0
2016-04-03,10:17:48.460,1.0
2016-04-03,10:17:49.458,1.0
2016-04-03,10:17:50.455,1.0
2016-04-03,10:17:51.452,1.0
2016-04-03,10:17:52.450,1.0
