2016-04-03,09:25:30.036,94.0
2016-04-03,09:25:31.002,94.0
2016-04-03,09:25:32.026,94.0
2016-04-03,09:25:33.002,94.0
2016-04-03,09:25:34.025,94.0
2016-04-03,09:25:35.000,95.0
2016-04-03,09:25:36.024,96.0
2016-04-03,09:25:36.999,96.0
2016-04-03,09:25:38.022,96.0
2016-04-03,09:25:38.997,96.0
2016-04-03,09:25:40.948,95.0
2016-04-03,09:25:41.045,95.0
2016-04-03,09:25:42.020,95.0
2016-04-03,09:25:43.044,95.0
2016-04-03,09:25:44.019,95.0
2016-04-03,09:25:45.044,95.0
2016-04-03,09:25:46.019,95.0
2016-04-03,09:25:47.043,95.0
2016-04-03,09:25:48.016,95.0
2016-04-03,09:25:49.918,96.0
2016-04-03,09:25:50.015,96.0
2016-04-03,09:25:51.039,96.0
2016-04-03,09:25:52.014,97.0
2016-04-03,09:25:53.037,97.0
2016-04-03,09:25:54.012,97.0
2016-04-03,09:25:55.036,97.0
2016-04-03,09:25:56.049,96.0
2016-04-03,09:25:57.035,96.0
2016-04-03,09:25:58.059,97.0
2016-04-03,09:25:59.034,98.0
2016-04-03,09:26:00.057,99.0
2016-04-03,09:26:01.284,100.0
2016-04-03,09:26:02.278,101.0
2016-04-03,09:26:03.277,102.0
2016-04-03,09:26:04.775,102.0
2016-04-03,09:26:05.735,103.0
2016-04-03,09:26:06.732,103.0
2016-04-03,09:26:07.759,104.0
2016-04-03,09:26:08.762,104.0
2016-04-03,09:26:09.759,104.0
2016-04-03,09:26:10.762,104.0
2016-04-03,09:26:11.763,105.0
2016-04-03,09:26:12.753,105.0
2016-04-03,09:26:13.740,105.0
2016-04-03,09:26:14.749,105.0
2016-04-03,09:26:15.750,106.0
2016-04-03,09:26:16.746,106.0
2016-04-03,09:26:17.746,106.0
2016-04-03,09:26:18.741,106.0
2016-04-03,09:26:19.743,107.0
2016-04-03,09:26:20.738,106.0
2016-04-03,09:26:21.198,106.0
2016-04-03,09:26:22.193,105.0
2016-04-03,09:26:23.193,105.0
2016-04-03,09:26:24.189,103.0
2016-04-03,09:26:25.226,103.0
2016-04-03,09:26:26.184,102.0
2016-04-03,09:26:27.222,103.0
2016-04-03,09:26:28.210,103.0
2016-04-03,09:26:29.205,103.0
2016-04-03,09:26:30.199,103.0
2016-04-03,09:26:31.221,104.0
2016-04-03,09:26:32.209,104.0
2016-04-03,09:26:33.228,104.0
2016-04-03,09:26:34.164,103.0
2016-04-03,09:26:35.161,102.0
2016-04-03,09:26:36.160,100.0
2016-04-03,09:26:37.156,100.0
2016-04-03,09:26:38.154,100.0
2016-04-03,09:26:39.159,100.0
2016-04-03,09:26:40.148,100.0
2016-04-03,09:26:41.146,99.0
2016-04-03,09:26:42.144,99.0
2016-04-03,09:26:43.141,99.0
2016-04-03,09:26:44.139,98.0
2016-04-03,09:26:45.136,96.0
2016-04-03,09:26:46.134,96.0
2016-04-03,09:26:47.131,96.0
2016-04-03,09:26:48.129,96.0
2016-04-03,09:26:49.126,97.0
2016-04-03,09:26:50.124,97.0
2016-04-03,09:26:51.122,96.0
2016-04-03,09:26:52.118,95.0
2016-04-03,09:26:53.116,94.0
2016-04-03,09:26:54.114,93.0
2016-04-03,09:26:55.111,94.0
2016-04-03,09:26:56.109,94.0
2016-04-03,09:26:57.605,94.0
2016-04-03,09:26:58.602,94.0
2016-04-03,09:26:59.600,94.0
2016-04-03,09:27:00.099,94.0
2016-04-03,09:27:01.098,94.0
2016-04-03,09:27:02.095,95.0
2016-04-03,09:27:03.093,97.0
2016-04-03,09:27:04.090,98.0
2016-04-03,09:27:05.088,98.0
2016-04-03,09:27:06.085,99.0
2016-04-03,09:27:07.081,99.0
2016-04-03,09:27:08.080,99.0
2016-04-03,09:27:09.078,99.0
2016-04-03,09:27:10.075,99.0
2016-04-03,09:27:12.069,99.0
2016-04-03,09:27:13.067,99.0
2016-04-03,09:27:14.065,99.0
2016-04-03,09:27:15.063,99.0
2016-04-03,09:27:16.060,99.0
2016-04-03,09:27:17.057,99.0
2016-04-03,09:27:18.055,98.0
2016-04-03,09:27:19.053,98.0
2016-04-03,09:27:20.050,97.0
2016-04-03,09:27:21.048,96.0
2016-04-03,09:27:22.045,96.0
2016-04-03,09:27:23.041,96.0
2016-04-03,09:27:24.040,95.0
2016-04-03,09:27:25.036,95.0
2016-04-03,09:27:26.035,94.0
2016-04-03,09:27:27.033,94.0
2016-04-03,09:27:28.030,95.0
2016-04-03,09:27:29.028,96.0
2016-04-03,09:27:30.025,97.0
2016-04-03,09:27:31.023,98.0
2016-04-03,09:27:32.020,99.0
2016-04-03,09:27:33.017,99.0
2016-04-03,09:27:34.051,99.0
2016-04-03,09:27:35.050,99.0
2016-04-03,09:27:36.043,99.0
2016-04-03,09:27:37.039,98.0
2016-04-03,09:27:38.045,97.0
2016-04-03,09:27:39.048,97.0
2016-04-03,09:27:40.040,97.0
2016-04-03,09:27:40.498,97.0
2016-04-03,09:27:41.532,96.0
2016-04-03,09:27:42.537,96.0
2016-04-03,09:27:43.520,96.0
2016-04-03,09:27:44.520,96.0
2016-04-03,09:27:45.505,96.0
2016-04-03,09:27:46.496,96.0
2016-04-03,09:27:47.505,96.0
2016-04-03,09:27:49.411,96.0
2016-04-03,09:27:49.475,97.0
2016-04-03,09:27:50.496,97.0
2016-04-03,09:27:51.500,97.0
2016-04-03,09:27:52.490,98.0
2016-04-03,09:27:54.003,98.0
2016-04-03,09:27:54.999,98.0
2016-04-03,09:27:55.959,98.0
2016-04-03,09:27:56.958,99.0
2016-04-03,09:27:57.986,99.0
2016-04-03,09:27:58.953,100.0
2016-04-03,09:27:59.950,100.0
2016-04-03,09:28:00.946,101.0
2016-04-03,09:28:01.944,101.0
2016-04-03,09:28:02.941,101.0
2016-04-03,09:28:03.939,100.0
2016-04-03,09:28:04.938,99.0
2016-04-03,09:28:05.933,98.0
2016-04-03,09:28:06.932,96.0
2016-04-03,09:28:07.928,96.0
2016-04-03,09:28:08.926,95.0
2016-04-03,09:28:09.924,95.0
2016-04-03,09:28:10.921,95.0
2016-04-03,09:28:11.919,96.0
2016-04-03,09:28:12.916,96.0
2016-04-03,09:28:13.913,97.0
2016-04-03,09:28:14.911,97.0
2016-04-03,09:28:15.909,97.0
2016-04-03,09:28:16.906,96.0
2016-04-03,09:28:17.903,96.0
2016-04-03,09:28:18.901,95.0
2016-04-03,09:28:19.898,94.0
2016-04-03,09:28:24.249,95.0
2016-04-03,09:28:24.252,95.0
2016-04-03,09:28:24.268,94.0
2016-04-03,09:28:24.277,94.0
2016-04-03,09:28:24.387,94.0
2016-04-03,09:28:26.284,94.0
2016-04-03,09:28:26.881,94.0
2016-04-03,09:28:27.380,95.0
2016-04-03,09:28:28.377,95.0
2016-04-03,09:28:29.375,95.0
2016-04-03,09:28:30.372,95.0
2016-04-03,09:28:31.370,94.0
2016-04-03,09:28:32.368,94.0
2016-04-03,09:28:33.365,95.0
2016-04-03,09:28:34.363,94.0
2016-04-03,09:28:35.360,94.0
2016-04-03,09:28:36.357,94.0
2016-04-03,09:28:37.355,93.0
2016-04-03,09:28:38.352,93.0
2016-04-03,09:28:39.350,93.0
2016-04-03,09:28:40.347,94.0
2016-04-03,09:28:41.345,95.0
2016-04-03,09:28:42.342,96.0
2016-04-03,09:28:43.340,96.0
2016-04-03,09:28:44.337,95.0
2016-04-03,09:28:45.335,96.0
2016-04-03,09:28:46.332,95.0
2016-04-03,09:28:47.330,95.0
2016-04-03,09:28:48.327,95.0
2016-04-03,09:28:49.325,94.0
2016-04-03,09:28:50.323,94.0
2016-04-03,09:28:51.819,94.0
2016-04-03,09:28:52.816,93.0
2016-04-03,09:28:53.813,93.0
2016-04-03,09:28:54.811,93.0
2016-04-03,09:28:55.809,93.0
2016-04-03,09:28:56.806,93.0
2016-04-03,09:28:57.803,92.0
2016-04-03,09:28:58.802,92.0
2016-04-03,09:28:59.799,92.0
2016-04-03,09:29:00.798,92.0
2016-04-03,09:29:01.794,92.0
2016-04-03,09:29:02.293,92.0
2016-04-03,09:29:03.290,92.0
2016-04-03,09:29:04.288,92.0
2016-04-03,09:29:05.285,91.0
2016-04-03,09:29:06.282,91.0
2016-04-03,09:29:07.280,91.0
2016-04-03,09:29:08.278,90.0
2016-04-03,09:29:09.275,90.0
2016-04-03,09:29:10.272,91.0
2016-04-03,09:29:11.769,92.0
2016-04-03,09:29:12.267,93.0
2016-04-03,09:29:13.265,95.0
2016-04-03,09:29:14.265,95.0
2016-04-03,09:29:15.260,96.0
2016-04-03,09:29:16.257,96.0
2016-04-03,09:29:17.258,97.0
2016-04-03,09:29:18.253,97.0
2016-04-03,09:29:19.250,97.0
2016-04-03,09:29:20.249,97.0
2016-04-03,09:29:21.247,98.0
2016-04-03,09:29:22.247,99.0
2016-04-03,09:29:23.241,99.0
2016-04-03,09:29:24.239,100.0
2016-04-03,09:29:25.237,100.0
2016-04-03,09:29:26.242,100.0
2016-04-03,09:29:27.230,100.0
2016-04-03,09:29:28.227,100.0
2016-04-03,09:29:29.225,101.0
2016-04-03,09:29:30.222,101.0
2016-04-03,09:29:31.220,101.0
2016-04-03,09:29:32.231,101.0
2016-04-03,09:29:33.215,101.0
2016-04-03,09:29:34.213,101.0
2016-04-03,09:29:35.210,101.0
2016-04-03,09:29:36.208,101.0
2016-04-03,09:29:37.706,101.0
2016-04-03,09:29:38.202,102.0
2016-04-03,09:29:39.200,102.0
2016-04-03,09:29:40.197,103.0
2016-04-03,09:29:41.195,105.0
2016-04-03,09:29:42.192,105.0
2016-04-03,09:29:44.194,106.0
2016-04-03,09:29:45.185,106.0
2016-04-03,09:29:46.182,106.0
2016-04-03,09:29:47.180,107.0
2016-04-03,09:29:48.178,108.0
2016-04-03,09:29:49.175,109.0
2016-04-03,09:29:50.173,109.0
2016-04-03,09:29:51.170,109.0
2016-04-03,09:29:52.168,109.0
2016-04-03,09:29:53.165,108.0
2016-04-03,09:29:54.163,108.0
2016-04-03,09:29:55.160,108.0
2016-04-03,09:29:56.158,108.0
2016-04-03,09:29:57.155,107.0
2016-04-03,09:29:58.159,107.0
2016-04-03,09:29:59.150,107.0
2016-04-03,09:30:00.148,107.0
2016-04-03,09:30:01.145,107.0
2016-04-03,09:30:02.143,107.0
2016-04-03,09:30:03.140,108.0
2016-04-03,09:30:04.137,109.0
2016-04-03,09:30:05.135,109.0
2016-04-03,09:30:06.136,109.0
2016-04-03,09:30:07.130,108.0
2016-04-03,09:30:08.127,107.0
2016-04-03,09:30:09.125,107.0
2016-04-03,09:30:10.123,107.0
2016-04-03,09:30:11.732,107.0
2016-04-03,09:30:12.117,107.0
2016-04-03,09:30:13.115,108.0
2016-04-03,09:30:14.113,108.0
2016-04-03,09:30:15.110,108.0
2016-04-03,09:30:16.107,107.0
2016-04-03,09:30:17.105,107.0
2016-04-03,09:30:18.102,106.0
2016-04-03,09:30:19.100,106.0
2016-04-03,09:30:20.097,106.0
2016-04-03,09:30:21.095,107.0
2016-04-03,09:30:22.092,108.0
2016-04-03,09:30:23.090,108.0
2016-04-03,09:30:23.589,107.0
2016-04-03,09:30:24.586,106.0
2016-04-03,09:30:25.584,106.0
2016-04-03,09:30:26.581,106.0
2016-04-03,09:30:27.578,107.0
2016-04-03,09:30:28.577,108.0
2016-04-03,09:30:29.574,108.0
2016-04-03,09:30:30.571,110.0
2016-04-03,09:30:31.569,110.0
2016-04-03,09:30:32.566,111.0
2016-04-03,09:30:33.564,112.0
2016-04-03,09:30:34.561,112.0
2016-04-03,09:30:35.559,111.0
2016-04-03,09:30:36.556,111.0
2016-04-03,09:30:37.554,111.0
2016-04-03,09:30:38.551,111.0
2016-04-03,09:30:39.549,111.0
2016-04-03,09:30:40.546,111.0
2016-04-03,09:30:41.544,111.0
2016-04-03,09:30:42.542,110.0
2016-04-03,09:30:44.038,110.0
2016-04-03,09:30:45.035,110.0
2016-04-03,09:30:46.033,110.0
2016-04-03,09:30:47.030,110.0
2016-04-03,09:30:48.027,110.0
2016-04-03,09:30:49.025,109.0
2016-04-03,09:30:50.023,109.0
2016-04-03,09:30:51.020,109.0
2016-04-03,09:30:52.018,109.0
2016-04-03,09:30:53.015,109.0
2016-04-03,09:30:54.013,109.0
2016-04-03,09:30:55.010,109.0
2016-04-03,09:30:56.008,109.0
2016-04-03,09:30:57.005,109.0
2016-04-03,09:30:58.003,109.0
2016-04-03,09:30:59.000,109.0
2016-04-03,09:30:59.998,109.0
2016-04-03,09:31:00.995,110.0
2016-04-03,09:31:01.993,111.0
2016-04-03,09:31:02.990,111.0
2016-04-03,09:31:03.989,111.0
2016-04-03,09:31:04.985,110.0
2016-04-03,09:31:05.484,110.0
2016-04-03,09:31:06.482,109.0
2016-04-03,09:31:07.479,109.0
2016-04-03,09:31:08.476,109.0
2016-04-03,09:31:09.474,109.0
2016-04-03,09:31:10.472,109.0
2016-04-03,09:31:11.469,109.0
2016-04-03,09:31:12.466,109.0
2016-04-03,09:31:13.464,109.0
2016-04-03,09:31:14.462,108.0
2016-04-03,09:31:15.459,108.0
2016-04-03,09:31:16.456,108.0
2016-04-03,09:31:17.454,107.0
2016-04-03,09:31:18.451,107.0
2016-04-03,09:31:19.449,107.0
2016-04-03,09:31:20.446,107.0
2016-04-03,09:31:21.444,106.0
2016-04-03,09:31:22.441,106.0
2016-04-03,09:31:23.439,106.0
2016-04-03,09:31:24.437,106.0
2016-04-03,09:31:25.434,106.0
2016-04-03,09:31:26.431,106.0
2016-04-03,09:31:27.429,106.0
2016-04-03,09:31:28.426,106.0
2016-04-03,09:31:29.424,106.0
2016-04-03,09:31:30.422,106.0
2016-04-03,09:31:31.918,106.0
2016-04-03,09:31:32.915,106.0
2016-04-03,09:31:33.912,107.0
2016-04-03,09:31:34.910,108.0
2016-04-03,09:31:35.908,109.0
2016-04-03,09:31:36.905,109.0
2016-04-03,09:31:37.904,109.0
2016-04-03,09:31:38.900,108.0
2016-04-03,09:31:39.898,108.0
2016-04-03,09:31:40.895,108.0
2016-04-03,09:31:41.893,108.0
2016-04-03,09:31:42.890,109.0
2016-04-03,09:31:43.888,109.0
2016-04-03,09:31:44.386,109.0
2016-04-03,09:31:45.383,110.0
2016-04-03,09:31:46.381,110.0
2016-04-03,09:31:47.379,110.0
2016-04-03,09:31:48.376,109.0
2016-04-03,09:31:49.374,109.0
2016-04-03,09:31:50.372,110.0
2016-04-03,09:31:51.369,111.0
2016-04-03,09:31:52.366,111.0
2016-04-03,09:31:53.365,112.0
2016-04-03,09:31:54.361,112.0
2016-04-03,09:31:55.359,112.0
2016-04-03,09:31:56.357,111.0
2016-04-03,09:31:57.354,111.0
2016-04-03,09:31:58.351,111.0
2016-04-03,09:31:59.352,112.0
2016-04-03,09:32:00.346,112.0
2016-04-03,09:32:01.344,111.0
2016-04-03,09:32:02.341,111.0
2016-04-03,09:32:03.339,111.0
2016-04-03,09:32:04.336,111.0
2016-04-03,09:32:05.338,110.0
2016-04-03,09:32:06.331,111.0
2016-04-03,09:32:07.329,110.0
2016-04-03,09:32:08.326,110.0
2016-04-03,09:32:09.323,109.0
2016-04-03,09:32:10.321,109.0
2016-04-03,09:32:11.319,109.0
2016-04-03,09:32:12.316,110.0
2016-04-03,09:32:13.314,110.0
2016-04-03,09:32:15.309,110.0
2016-04-03,09:32:16.306,109.0
2016-04-03,09:32:17.304,109.0
2016-04-03,09:32:18.301,109.0
2016-04-03,09:32:19.298,108.0
2016-04-03,09:32:20.296,108.0
2016-04-03,09:32:20.795,108.0
2016-04-03,09:32:21.793,107.0
2016-04-03,09:32:22.790,107.0
2016-04-03,09:32:24.287,107.0
2016-04-03,09:32:25.284,107.0
2016-04-03,09:32:26.281,107.0
2016-04-03,09:32:27.278,108.0
2016-04-03,09:32:28.276,109.0
2016-04-03,09:32:29.274,110.0
2016-04-03,09:32:30.271,110.0
2016-04-03,09:32:31.269,111.0
2016-04-03,09:32:32.266,111.0
2016-04-03,09:32:33.264,111.0
2016-04-03,09:32:34.261,111.0
2016-04-03,09:32:35.260,112.0
2016-04-03,09:32:36.256,112.0
2016-04-03,09:32:37.254,112.0
2016-04-03,09:32:38.252,112.0
2016-04-03,09:32:39.249,112.0
2016-04-03,09:32:40.247,112.0
2016-04-03,09:32:41.245,112.0
2016-04-03,09:32:42.242,111.0
2016-04-03,09:32:43.239,111.0
2016-04-03,09:32:44.237,111.0
2016-04-03,09:32:45.234,111.0
2016-04-03,09:32:46.233,111.0
2016-04-03,09:32:47.230,111.0
2016-04-03,09:32:48.226,111.0
2016-04-03,09:32:49.223,111.0
2016-04-03,09:32:50.221,111.0
2016-04-03,09:32:51.219,111.0
2016-04-03,09:32:52.216,111.0
2016-04-03,09:32:53.214,112.0
2016-04-03,09:32:54.211,113.0
2016-04-03,09:32:55.209,113.0
2016-04-03,09:32:56.206,113.0
2016-04-03,09:32:57.205,114.0
2016-04-03,09:32:58.201,113.0
2016-04-03,09:32:59.199,113.0
2016-04-03,09:32:59.703,114.0
2016-04-03,09:33:00.695,114.0
2016-04-03,09:33:01.693,114.0
2016-04-03,09:33:02.690,113.0
2016-04-03,09:33:03.688,113.0
2016-04-03,09:33:04.685,112.0
2016-04-03,09:33:05.682,111.0
2016-04-03,09:33:06.681,111.0
2016-04-03,09:33:07.678,111.0
2016-04-03,09:33:08.675,112.0
2016-04-03,09:33:09.673,112.0
2016-04-03,09:33:10.670,112.0
2016-04-03,09:33:11.667,112.0
2016-04-03,09:33:12.665,112.0
2016-04-03,09:33:13.662,111.0
2016-04-03,09:33:14.660,110.0
2016-04-03,09:33:15.658,110.0
2016-04-03,09:33:17.154,111.0
2016-04-03,09:33:18.151,111.0
2016-04-03,09:33:19.149,111.0
2016-04-03,09:33:20.146,112.0
2016-04-03,09:33:21.144,112.0
2016-04-03,09:33:22.145,111.0
2016-04-03,09:33:23.139,112.0
2016-04-03,09:33:24.136,111.0
2016-04-03,09:33:25.134,111.0
2016-04-03,09:33:26.131,111.0
2016-04-03,09:33:27.129,111.0
2016-04-03,09:33:28.126,111.0
2016-04-03,09:33:29.124,112.0
2016-04-03,09:33:30.122,112.0
2016-04-03,09:33:31.119,111.0
2016-04-03,09:33:32.117,112.0
2016-04-03,09:33:33.114,111.0
2016-04-03,09:33:34.111,112.0
2016-04-03,09:33:35.109,112.0
2016-04-03,09:33:36.107,112.0
2016-04-03,09:33:37.104,112.0
2016-04-03,09:33:38.101,113.0
2016-04-03,09:33:38.600,113.0
2016-04-03,09:33:39.597,113.0
2016-04-03,09:33:40.596,113.0
2016-04-03,09:33:41.592,113.0
2016-04-03,09:33:42.590,113.0
2016-04-03,09:33:43.589,112.0
2016-04-03,09:33:44.585,112.0
2016-04-03,09:33:45.583,112.0
2016-04-03,09:33:46.580,113.0
2016-04-03,09:33:47.578,114.0
2016-04-03,09:33:48.575,115.0
2016-04-03,09:33:49.572,114.0
2016-04-03,09:33:50.570,114.0
2016-04-03,09:33:51.569,114.0
2016-04-03,09:33:52.566,113.0
2016-04-03,09:33:53.563,113.0
2016-04-03,09:33:54.560,112.0
2016-04-03,09:33:55.557,112.0
2016-04-03,09:33:56.555,112.0
2016-04-03,09:33:57.553,112.0
2016-04-03,09:33:58.550,111.0
2016-04-03,09:33:59.548,111.0
2016-04-03,09:34:00.545,111.0
2016-04-03,09:34:01.545,111.0
2016-04-03,09:34:02.541,111.0
2016-04-03,09:34:03.538,111.0
2016-04-03,09:34:04.535,111.0
2016-04-03,09:34:05.533,111.0
2016-04-03,09:34:06.531,111.0
2016-04-03,09:34:07.528,110.0
2016-04-03,09:34:08.525,111.0
2016-04-03,09:34:09.523,111.0
2016-04-03,09:34:11.019,111.0
2016-04-03,09:34:12.016,111.0
2016-04-03,09:34:13.014,111.0
2016-04-03,09:34:14.011,111.0
2016-04-03,09:34:15.011,111.0
2016-04-03,09:34:16.006,110.0
2016-04-03,09:34:16.505,110.0
2016-04-03,09:34:17.502,110.0
2016-04-03,09:34:18.500,110.0
2016-04-03,09:34:19.498,110.0
2016-04-03,09:34:20.495,110.0
2016-04-03,09:34:21.493,110.0
2016-04-03,09:34:22.491,110.0
2016-04-03,09:34:23.487,110.0
2016-04-03,09:34:24.485,110.0
2016-04-03,09:34:25.483,109.0
2016-04-03,09:34:26.480,109.0
2016-04-03,09:34:27.478,110.0
2016-04-03,09:34:28.476,109.0
2016-04-03,09:34:29.473,110.0
2016-04-03,09:34:30.470,110.0
2016-04-03,09:34:31.470,111.0
2016-04-03,09:34:32.466,110.0
2016-04-03,09:34:33.463,111.0
2016-04-03,09:34:34.460,111.0
2016-04-03,09:34:35.458,111.0
2016-04-03,09:34:36.455,111.0
2016-04-03,09:34:37.453,110.0
2016-04-03,09:34:38.450,110.0
2016-04-03,09:34:39.448,110.0
2016-04-03,09:34:40.445,110.0
2016-04-03,09:34:41.443,110.0
2016-04-03,09:34:42.939,110.0
2016-04-03,09:34:44.435,111.0
2016-04-03,09:34:45.433,111.0
2016-04-03,09:34:46.431,111.0
2016-04-03,09:34:47.427,111.0
2016-04-03,09:34:48.425,110.0
2016-04-03,09:34:49.423,110.0
2016-04-03,09:34:50.420,110.0
2016-04-03,09:34:51.418,110.0
2016-04-03,09:34:52.415,111.0
2016-04-03,09:34:53.414,111.0
2016-04-03,09:34:54.410,112.0
2016-04-03,09:34:55.408,112.0
2016-04-03,09:34:56.904,112.0
2016-04-03,09:34:56.909,111.0
2016-04-03,09:34:57.901,111.0
2016-04-03,09:34:58.899,111.0
2016-04-03,09:34:59.896,111.0
2016-04-03,09:35:00.899,111.0
2016-04-03,09:35:02.390,111.0
2016-04-03,09:35:03.388,111.0
2016-04-03,09:35:04.385,112.0
2016-04-03,09:35:05.384,112.0
2016-04-03,09:35:06.380,112.0
2016-04-03,09:35:07.377,111.0
2016-04-03,09:35:08.375,112.0
2016-04-03,09:35:09.376,112.0
2016-04-03,09:35:10.370,111.0
2016-04-03,09:35:11.368,112.0
2016-04-03,09:35:12.365,111.0
2016-04-03,09:35:13.363,111.0
2016-04-03,09:35:14.360,111.0
2016-04-03,09:35:15.358,111.0
2016-04-03,09:35:16.355,110.0
2016-04-03,09:35:17.352,110.0
2016-04-03,09:35:18.350,110.0
2016-04-03,09:35:19.347,110.0
2016-04-03,09:35:20.345,110.0
2016-04-03,09:35:21.343,110.0
2016-04-03,09:35:22.340,110.0
2016-04-03,09:35:23.338,110.0
2016-04-03,09:35:24.335,109.0
2016-04-03,09:35:25.333,109.0
2016-04-03,09:35:26.330,108.0
2016-04-03,09:35:27.328,109.0
2016-04-03,09:35:28.325,109.0
2016-04-03,09:35:29.323,109.0
2016-04-03,09:35:30.320,110.0
2016-04-03,09:35:31.317,109.0
2016-04-03,09:35:32.315,109.0
2016-04-03,09:35:33.312,110.0
2016-04-03,09:35:34.310,110.0
2016-04-03,09:35:35.308,110.0
2016-04-03,09:35:35.806,110.0
2016-04-03,09:35:36.804,111.0
2016-04-03,09:35:37.802,111.0
2016-04-03,09:35:38.798,112.0
2016-04-03,09:35:40.295,113.0
2016-04-03,09:35:41.293,113.0
2016-04-03,09:35:41.791,114.0
2016-04-03,09:35:42.789,115.0
2016-04-03,09:35:43.786,116.0
2016-04-03,09:35:44.784,116.0
2016-04-03,09:35:45.781,114.0
2016-04-03,09:35:46.779,114.0
2016-04-03,09:35:47.776,113.0
2016-04-03,09:35:48.774,113.0
2016-04-03,09:35:49.771,113.0
2016-04-03,09:35:50.769,114.0
2016-04-03,09:35:51.766,115.0
2016-04-03,09:35:52.764,115.0
2016-04-03,09:35:53.762,115.0
2016-04-03,09:35:54.759,115.0
2016-04-03,09:35:55.757,114.0
2016-04-03,09:35:56.754,114.0
2016-04-03,09:35:58.250,114.0
2016-04-03,09:35:59.247,113.0
2016-04-03,09:36:00.245,113.0
2016-04-03,09:36:01.243,112.0
2016-04-03,09:36:02.240,112.0
2016-04-03,09:36:03.237,112.0
2016-04-03,09:36:04.236,112.0
2016-04-03,09:36:05.233,112.0
2016-04-03,09:36:06.230,112.0
2016-04-03,09:36:07.228,112.0
2016-04-03,09:36:08.225,112.0
2016-04-03,09:36:09.222,112.0
2016-04-03,09:36:10.220,112.0
2016-04-03,09:36:11.217,112.0
2016-04-03,09:36:12.215,112.0
2016-04-03,09:36:13.213,111.0
2016-04-03,09:36:14.210,111.0
2016-04-03,09:36:15.208,111.0
2016-04-03,09:36:16.205,111.0
2016-04-03,09:36:16.704,111.0
2016-04-03,09:36:17.701,111.0
2016-04-03,09:36:18.699,112.0
2016-04-03,09:36:19.696,112.0
2016-04-03,09:36:21.193,112.0
2016-04-03,09:36:21.692,112.0
2016-04-03,09:36:22.690,112.0
2016-04-03,09:36:23.686,112.0
2016-04-03,09:36:24.684,112.0
2016-04-03,09:36:25.682,113.0
2016-04-03,09:36:26.680,113.0
2016-04-03,09:36:27.676,113.0
2016-04-03,09:36:28.674,113.0
2016-04-03,09:36:29.673,113.0
2016-04-03,09:36:30.669,113.0
2016-04-03,09:36:31.666,113.0
2016-04-03,09:36:32.664,113.0
2016-04-03,09:36:33.662,113.0
2016-04-03,09:36:34.659,114.0
2016-04-03,09:36:35.657,114.0
2016-04-03,09:36:36.654,114.0
2016-04-03,09:36:37.651,114.0
2016-04-03,09:36:38.650,114.0
2016-04-03,09:36:39.646,114.0
2016-04-03,09:36:41.143,114.0
2016-04-03,09:36:41.641,114.0
2016-04-03,09:36:42.639,114.0
2016-04-03,09:36:43.637,115.0
2016-04-03,09:36:44.634,116.0
2016-04-03,09:36:45.632,116.0
2016-04-03,09:36:46.629,117.0
2016-04-03,09:36:47.627,117.0
2016-04-03,09:36:49.123,116.0
2016-04-03,09:36:50.120,116.0
2016-04-03,09:36:51.119,115.0
2016-04-03,09:36:52.115,115.0
2016-04-03,09:36:53.113,114.0
2016-04-03,09:36:54.111,114.0
2016-04-03,09:36:55.108,114.0
2016-04-03,09:36:55.606,114.0
2016-04-03,09:36:56.604,114.0
2016-04-03,09:36:57.602,113.0
2016-04-03,09:36:58.599,112.0
2016-04-03,09:36:59.596,111.0
2016-04-03,09:37:01.093,110.0
2016-04-03,09:37:01.591,110.0
2016-04-03,09:37:02.590,110.0
2016-04-03,09:37:03.586,110.0
2016-04-03,09:37:04.584,110.0
2016-04-03,09:37:05.582,110.0
2016-04-03,09:37:06.579,111.0
2016-04-03,09:37:07.577,110.0
2016-04-03,09:37:08.574,110.0
2016-04-03,09:37:09.571,109.0
2016-04-03,09:37:10.569,109.0
2016-04-03,09:37:11.566,108.0
2016-04-03,09:37:12.565,108.0
2016-04-03,09:37:13.561,109.0
2016-04-03,09:37:15.556,110.0
2016-04-03,09:37:16.555,111.0
2016-04-03,09:37:17.552,111.0
2016-04-03,09:37:18.549,111.0
2016-04-03,09:37:19.547,111.0
2016-04-03,09:37:20.544,111.0
2016-04-03,09:37:21.541,110.0
2016-04-03,09:37:22.540,110.0
2016-04-03,09:37:23.536,110.0
2016-04-03,09:37:24.535,110.0
2016-04-03,09:37:25.535,111.0
2016-04-03,09:37:26.529,112.0
2016-04-03,09:37:27.526,113.0
2016-04-03,09:37:28.524,114.0
2016-04-03,09:37:29.522,115.0
2016-04-03,09:37:30.520,115.0
2016-04-03,09:37:31.516,115.0
2016-04-03,09:37:32.514,114.0
2016-04-03,09:37:33.013,114.0
2016-04-03,09:37:34.010,113.0
2016-04-03,09:37:35.008,113.0
2016-04-03,09:37:36.005,113.0
2016-04-03,09:37:37.003,114.0
2016-04-03,09:37:38.000,114.0
2016-04-03,09:37:38.998,115.0
2016-04-03,09:37:40.494,115.0
2016-04-03,09:37:41.492,115.0
2016-04-03,09:37:42.489,115.0
2016-04-03,09:37:43.486,115.0
2016-04-03,09:37:44.484,115.0
2016-04-03,09:37:45.481,116.0
2016-04-03,09:37:46.479,116.0
2016-04-03,09:37:47.476,117.0
2016-04-03,09:37:48.474,117.0
2016-04-03,09:37:49.471,117.0
2016-04-03,09:37:50.469,117.0
2016-04-03,09:37:51.467,116.0
2016-04-03,09:37:52.464,116.0
2016-04-03,09:37:53.462,116.0
2016-04-03,09:37:54.459,116.0
2016-04-03,09:37:55.457,117.0
2016-04-03,09:37:56.455,118.0
2016-04-03,09:37:57.452,118.0
2016-04-03,09:37:58.449,118.0
2016-04-03,09:37:59.446,118.0
2016-04-03,09:38:00.444,118.0
2016-04-03,09:38:01.442,118.0
2016-04-03,09:38:02.439,118.0
2016-04-03,09:38:03.437,118.0
2016-04-03,09:38:04.434,119.0
2016-04-03,09:38:05.431,119.0
2016-04-03,09:38:06.429,119.0
2016-04-03,09:38:07.428,118.0
2016-04-03,09:38:08.424,118.0
2016-04-03,09:38:09.422,119.0
2016-04-03,09:38:10.419,120.0
2016-04-03,09:38:11.417,121.0
2016-04-03,09:38:12.414,121.0
2016-04-03,09:38:13.411,120.0
2016-04-03,09:38:13.910,119.0
2016-04-03,09:38:14.908,118.0
2016-04-03,09:38:15.906,118.0
2016-04-03,09:38:16.902,117.0
2016-04-03,09:38:17.900,116.0
2016-04-03,09:38:18.898,116.0
2016-04-03,09:38:19.895,116.0
2016-04-03,09:38:20.893,116.0
2016-04-03,09:38:21.890,116.0
2016-04-03,09:38:22.888,116.0
2016-04-03,09:38:23.885,115.0
2016-04-03,09:38:24.883,115.0
2016-04-03,09:38:25.880,115.0
2016-04-03,09:38:26.879,114.0
2016-04-03,09:38:27.875,115.0
2016-04-03,09:38:28.873,114.0
2016-04-03,09:38:29.870,115.0
2016-04-03,09:38:30.867,116.0
2016-04-03,09:38:31.865,117.0
2016-04-03,09:38:32.865,116.0
2016-04-03,09:38:33.861,116.0
2016-04-03,09:38:34.858,115.0
2016-04-03,09:38:35.855,115.0
2016-04-03,09:38:36.852,114.0
2016-04-03,09:38:37.850,114.0
2016-04-03,09:38:39.346,115.0
2016-04-03,09:38:40.344,114.0
2016-04-03,09:38:41.341,114.0
2016-04-03,09:38:42.339,114.0
2016-04-03,09:38:43.336,115.0
2016-04-03,09:38:44.334,115.0
2016-04-03,09:38:45.331,115.0
2016-04-03,09:38:46.329,115.0
2016-04-03,09:38:47.328,115.0
2016-04-03,09:38:48.324,114.0
2016-04-03,09:38:49.321,114.0
2016-04-03,09:38:50.319,114.0
2016-04-03,09:38:51.316,114.0
2016-04-03,09:38:52.314,115.0
2016-04-03,09:38:53.311,115.0
2016-04-03,09:38:54.309,115.0
2016-04-03,09:38:54.808,115.0
2016-04-03,09:38:55.805,114.0
2016-04-03,09:38:56.803,114.0
2016-04-03,09:38:57.800,113.0
2016-04-03,09:38:58.798,113.0
2016-04-03,09:38:59.795,112.0
2016-04-03,09:39:00.795,112.0
2016-04-03,09:39:01.790,112.0
2016-04-03,09:39:02.788,112.0
2016-04-03,09:39:03.786,112.0
2016-04-03,09:39:04.783,112.0
2016-04-03,09:39:05.780,112.0
2016-04-03,09:39:06.778,112.0
2016-04-03,09:39:07.777,112.0
2016-04-03,09:39:08.773,112.0
2016-04-03,09:39:09.770,112.0
2016-04-03,09:39:10.768,112.0
2016-04-03,09:39:11.765,112.0
2016-04-03,09:39:12.763,112.0
2016-04-03,09:39:13.760,112.0
2016-04-03,09:39:14.759,112.0
2016-04-03,09:39:15.755,113.0
2016-04-03,09:39:16.753,113.0
2016-04-03,09:39:17.750,114.0
2016-04-03,09:39:18.749,114.0
2016-04-03,09:39:19.746,114.0
2016-04-03,09:39:20.743,114.0
2016-04-03,09:39:21.740,114.0
2016-04-03,09:39:22.738,114.0
2016-04-03,09:39:23.736,115.0
2016-04-03,09:39:24.736,115.0
2016-04-03,09:39:25.730,116.0
2016-04-03,09:39:26.728,116.0
2016-04-03,09:39:27.725,117.0
2016-04-03,09:39:28.725,117.0
2016-04-03,09:39:29.721,117.0
2016-04-03,09:39:30.720,117.0
2016-04-03,09:39:32.214,117.0
2016-04-03,09:39:33.211,116.0
2016-04-03,09:39:33.711,116.0
2016-04-03,09:39:34.708,116.0
2016-04-03,09:39:35.705,116.0
2016-04-03,09:39:36.706,115.0
2016-04-03,09:39:37.701,115.0
2016-04-03,09:39:38.698,115.0
2016-04-03,09:39:39.695,115.0
2016-04-03,09:39:40.694,116.0
2016-04-03,09:39:41.690,116.0
2016-04-03,09:39:42.688,116.0
2016-04-03,09:39:44.683,116.0
2016-04-03,09:39:45.680,115.0
2016-04-03,09:39:46.678,115.0
2016-04-03,09:39:47.675,115.0
2016-04-03,09:39:48.676,114.0
2016-04-03,09:39:49.670,114.0
2016-04-03,09:39:50.668,114.0
2016-04-03,09:39:51.665,114.0
2016-04-03,09:39:52.663,114.0
2016-04-03,09:39:53.661,114.0
2016-04-03,09:39:54.658,115.0
2016-04-03,09:39:55.656,115.0
2016-04-03,09:39:56.653,115.0
2016-04-03,09:39:57.650,115.0
2016-04-03,09:39:58.648,115.0
2016-04-03,09:39:59.645,114.0
2016-04-03,09:40:00.645,114.0
2016-04-03,09:40:01.640,114.0
2016-04-03,09:40:02.639,115.0
2016-04-03,09:40:03.635,115.0
2016-04-03,09:40:04.634,115.0
2016-04-03,09:40:05.630,116.0
2016-04-03,09:40:06.629,116.0
2016-04-03,09:40:07.625,116.0
2016-04-03,09:40:08.625,117.0
2016-04-03,09:40:09.622,117.0
2016-04-03,09:40:10.618,116.0
2016-04-03,09:40:11.615,116.0
2016-04-03,09:40:12.613,116.0
2016-04-03,09:40:13.610,116.0
2016-04-03,09:40:14.608,116.0
2016-04-03,09:40:15.605,116.0
2016-04-03,09:40:16.104,116.0
2016-04-03,09:40:17.102,116.0
2016-04-03,09:40:18.099,116.0
2016-04-03,09:40:19.098,116.0
2016-04-03,09:40:20.094,117.0
2016-04-03,09:40:21.092,117.0
2016-04-03,09:40:22.089,117.0
2016-04-03,09:40:23.088,117.0
2016-04-03,09:40:24.084,117.0
2016-04-03,09:40:25.083,116.0
2016-04-03,09:40:26.079,117.0
2016-04-03,09:40:27.077,116.0
2016-04-03,09:40:28.074,116.0
2016-04-03,09:40:29.570,116.0
2016-04-03,09:40:30.569,115.0
2016-04-03,09:40:31.566,114.0
2016-04-03,09:40:32.566,113.0
2016-04-03,09:40:33.560,113.0
2016-04-03,09:40:34.558,113.0
2016-04-03,09:40:35.555,112.0
2016-04-03,09:40:36.555,112.0
2016-04-03,09:40:37.550,112.0
2016-04-03,09:40:38.548,112.0
2016-04-03,09:40:39.546,111.0
2016-04-03,09:40:40.543,111.0
2016-04-03,09:40:41.540,110.0
2016-04-03,09:40:42.538,110.0
2016-04-03,09:40:43.538,110.0
2016-04-03,09:40:44.533,110.0
2016-04-03,09:40:45.531,110.0
2016-04-03,09:40:46.528,110.0
2016-04-03,09:40:47.526,110.0
2016-04-03,09:40:48.523,110.0
2016-04-03,09:40:49.520,109.0
2016-04-03,09:40:50.518,109.0
2016-04-03,09:40:51.515,109.0
2016-04-03,09:40:52.513,109.0
2016-04-03,09:40:53.511,108.0
2016-04-03,09:40:54.009,108.0
2016-04-03,09:40:55.006,108.0
2016-04-03,09:40:56.004,108.0
2016-04-03,09:40:57.004,108.0
2016-04-03,09:40:58.000,109.0
2016-04-03,09:40:58.997,109.0
2016-04-03,09:40:59.994,109.0
2016-04-03,09:41:00.991,109.0
2016-04-03,09:41:01.990,109.0
2016-04-03,09:41:02.987,110.0
2016-04-03,09:41:03.986,110.0
2016-04-03,09:41:04.982,110.0
2016-04-03,09:41:05.979,111.0
2016-04-03,09:41:06.977,112.0
2016-04-03,09:41:07.975,113.0
2016-04-03,09:41:08.972,114.0
2016-04-03,09:41:09.969,114.0
2016-04-03,09:41:10.966,114.0
2016-04-03,09:41:11.965,114.0
2016-04-03,09:41:12.962,114.0
2016-04-03,09:41:13.960,114.0
2016-04-03,09:41:14.957,114.0
2016-04-03,09:41:15.954,114.0
2016-04-03,09:41:16.951,114.0
2016-04-03,09:41:17.949,114.0
2016-04-03,09:41:19.445,114.0
2016-04-03,09:41:20.445,114.0
2016-04-03,09:41:21.440,113.0
2016-04-03,09:41:22.438,113.0
2016-04-03,09:41:23.436,113.0
2016-04-03,09:41:24.434,113.0
2016-04-03,09:41:25.430,113.0
2016-04-03,09:41:26.428,113.0
2016-04-03,09:41:27.425,114.0
2016-04-03,09:41:28.423,114.0
2016-04-03,09:41:29.420,113.0
2016-04-03,09:41:30.418,113.0
2016-04-03,09:41:31.415,113.0
2016-04-03,09:41:31.914,113.0
2016-04-03,09:41:32.912,114.0
2016-04-03,09:41:33.909,114.0
2016-04-03,09:41:34.906,115.0
2016-04-03,09:41:35.907,115.0
2016-04-03,09:41:36.902,115.0
2016-04-03,09:41:37.899,114.0
2016-04-03,09:41:38.897,114.0
2016-04-03,09:41:39.894,113.0
2016-04-03,09:41:40.892,113.0
2016-04-03,09:41:41.889,113.0
2016-04-03,09:41:42.887,113.0
2016-04-03,09:41:43.885,113.0
2016-04-03,09:41:44.882,113.0
2016-04-03,09:41:45.879,112.0
2016-04-03,09:41:46.877,112.0
2016-04-03,09:41:47.875,112.0
2016-04-03,09:41:48.872,112.0
2016-04-03,09:41:49.869,112.0
2016-04-03,09:41:50.867,112.0
2016-04-03,09:41:51.867,112.0
2016-04-03,09:41:52.862,111.0
2016-04-03,09:41:53.859,112.0
2016-04-03,09:41:54.857,112.0
2016-04-03,09:41:55.854,112.0
2016-04-03,09:41:56.852,112.0
2016-04-03,09:41:57.849,112.0
2016-04-03,09:41:58.846,112.0
2016-04-03,09:41:59.845,112.0
2016-04-03,09:42:00.842,113.0
2016-04-03,09:42:01.839,113.0
2016-04-03,09:42:02.837,112.0
2016-04-03,09:42:03.834,113.0
2016-04-03,09:42:04.831,113.0
2016-04-03,09:42:05.829,113.0
2016-04-03,09:42:06.827,113.0
2016-04-03,09:42:07.824,113.0
2016-04-03,09:42:08.822,113.0
2016-04-03,09:42:10.318,114.0
2016-04-03,09:42:11.814,114.0
2016-04-03,09:42:12.313,113.0
2016-04-03,09:42:13.310,113.0
2016-04-03,09:42:14.807,113.0
2016-04-03,09:42:15.808,113.0
2016-04-03,09:42:16.802,113.0
2016-04-03,09:42:17.799,113.0
2016-04-03,09:42:18.798,113.0
2016-04-03,09:42:19.794,113.0
2016-04-03,09:42:20.791,113.0
2016-04-03,09:42:21.789,113.0
2016-04-03,09:42:22.787,113.0
2016-04-03,09:42:23.786,113.0
2016-04-03,09:42:24.784,113.0
2016-04-03,09:42:25.779,113.0
2016-04-03,09:42:26.777,113.0
2016-04-03,09:42:27.774,113.0
2016-04-03,09:42:28.772,113.0
2016-04-03,09:42:29.769,113.0
2016-04-03,09:42:30.767,112.0
2016-04-03,09:42:31.765,112.0
2016-04-03,09:42:32.764,112.0
2016-04-03,09:42:33.759,112.0
2016-04-03,09:42:34.757,112.0
2016-04-03,09:42:35.755,113.0
2016-04-03,09:42:36.751,113.0
2016-04-03,09:42:37.749,113.0
2016-04-03,09:42:38.746,113.0
2016-04-03,09:42:39.745,114.0
2016-04-03,09:42:40.742,114.0
2016-04-03,09:42:41.739,114.0
2016-04-03,09:42:42.736,114.0
2016-04-03,09:42:43.735,114.0
2016-04-03,09:42:44.732,113.0
2016-04-03,09:42:45.729,112.0
2016-04-03,09:42:46.727,112.0
2016-04-03,09:42:47.724,113.0
2016-04-03,09:42:48.722,113.0
2016-04-03,09:42:49.719,113.0
2016-04-03,09:42:50.718,113.0
2016-04-03,09:42:51.716,112.0
2016-04-03,09:42:52.213,112.0
2016-04-03,09:42:53.211,112.0
2016-04-03,09:42:54.208,112.0
2016-04-03,09:42:55.205,112.0
2016-04-03,09:42:56.203,112.0
2016-04-03,09:42:57.201,112.0
2016-04-03,09:42:58.198,112.0
2016-04-03,09:42:59.195,112.0
2016-04-03,09:43:00.193,112.0
2016-04-03,09:43:01.690,113.0
2016-04-03,09:43:02.188,113.0
2016-04-03,09:43:03.186,114.0
2016-04-03,09:43:04.183,114.0
2016-04-03,09:43:05.181,114.0
2016-04-03,09:43:06.679,114.0
2016-04-03,09:43:07.674,114.0
2016-04-03,09:43:08.672,114.0
2016-04-03,09:43:09.669,114.0
2016-04-03,09:43:10.667,113.0
2016-04-03,09:43:11.664,113.0
2016-04-03,09:43:12.662,113.0
2016-04-03,09:43:13.660,112.0
2016-04-03,09:43:14.657,113.0
2016-04-03,09:43:15.655,113.0
2016-04-03,09:43:16.652,113.0
2016-04-03,09:43:17.649,113.0
2016-04-03,09:43:18.647,113.0
2016-04-03,09:43:19.644,113.0
2016-04-03,09:43:20.643,112.0
2016-04-03,09:43:21.639,111.0
2016-04-03,09:43:22.637,111.0
2016-04-03,09:43:23.634,111.0
2016-04-03,09:43:24.633,110.0
2016-04-03,09:43:25.629,110.0
2016-04-03,09:43:26.627,111.0
2016-04-03,09:43:27.627,111.0
2016-04-03,09:43:28.622,111.0
2016-04-03,09:43:29.619,112.0
2016-04-03,09:43:30.617,112.0
2016-04-03,09:43:31.615,113.0
2016-04-03,09:43:32.113,113.0
2016-04-03,09:43:33.111,113.0
2016-04-03,09:43:34.108,113.0
2016-04-03,09:43:35.105,113.0
2016-04-03,09:43:36.103,113.0
2016-04-03,09:43:37.101,113.0
2016-04-03,09:43:38.098,113.0
2016-04-03,09:43:39.095,113.0
2016-04-03,09:43:40.093,113.0
2016-04-03,09:43:41.091,114.0
2016-04-03,09:43:42.088,114.0
2016-04-03,09:43:43.085,115.0
2016-04-03,09:43:44.083,115.0
2016-04-03,09:43:45.081,116.0
2016-04-03,09:43:46.078,116.0
2016-04-03,09:43:47.075,116.0
2016-04-03,09:43:48.073,116.0
2016-04-03,09:43:49.070,115.0
2016-04-03,09:43:50.068,116.0
2016-04-03,09:43:51.065,116.0
2016-04-03,09:43:52.063,116.0
2016-04-03,09:43:53.061,116.0
2016-04-03,09:43:54.059,116.0
2016-04-03,09:43:55.056,116.0
2016-04-03,09:43:56.053,116.0
2016-04-03,09:43:57.050,116.0
2016-04-03,09:43:58.048,116.0
2016-04-03,09:43:59.546,116.0
2016-04-03,09:44:00.542,115.0
2016-04-03,09:44:01.539,115.0
2016-04-03,09:44:02.537,114.0
2016-04-03,09:44:03.537,114.0
2016-04-03,09:44:04.532,114.0
2016-04-03,09:44:05.529,114.0
2016-04-03,09:44:06.528,113.0
2016-04-03,09:44:07.524,114.0
2016-04-03,09:44:08.025,114.0
2016-04-03,09:44:09.020,114.0
2016-04-03,09:44:10.018,114.0
2016-04-03,09:44:11.016,114.0
2016-04-03,09:44:12.013,114.0
2016-04-03,09:44:13.010,114.0
2016-04-03,09:44:14.008,114.0
2016-04-03,09:44:15.005,114.0
2016-04-03,09:44:16.004,114.0
2016-04-03,09:44:17.000,114.0
2016-04-03,09:44:17.998,114.0
2016-04-03,09:44:18.996,114.0
2016-04-03,09:44:19.993,115.0
2016-04-03,09:44:20.991,115.0
2016-04-03,09:44:21.989,116.0
2016-04-03,09:44:22.985,116.0
2016-04-03,09:44:23.983,116.0
2016-04-03,09:44:24.980,115.0
2016-04-03,09:44:25.978,115.0
2016-04-03,09:44:26.976,115.0
2016-04-03,09:44:27.973,115.0
2016-04-03,09:44:28.970,116.0
2016-04-03,09:44:29.968,117.0
2016-04-03,09:44:30.965,117.0
2016-04-03,09:44:31.963,117.0
2016-04-03,09:44:32.960,117.0
2016-04-03,09:44:33.958,117.0
2016-04-03,09:44:34.955,117.0
2016-04-03,09:44:35.954,117.0
2016-04-03,09:44:36.951,117.0
2016-04-03,09:44:37.948,118.0
2016-04-03,09:44:38.945,118.0
2016-04-03,09:44:39.944,119.0
2016-04-03,09:44:40.940,119.0
2016-04-03,09:44:42.936,119.0
2016-04-03,09:44:43.933,119.0
2016-04-03,09:44:44.931,120.0
2016-04-03,09:44:45.928,120.0
2016-04-03,09:44:46.926,119.0
2016-04-03,09:44:47.424,119.0
2016-04-03,09:44:48.422,118.0
2016-04-03,09:44:49.918,118.0
2016-04-03,09:44:50.915,118.0
2016-04-03,09:44:51.914,118.0
2016-04-03,09:44:52.910,118.0
2016-04-03,09:44:53.908,118.0
2016-04-03,09:44:54.905,119.0
2016-04-03,09:44:55.903,120.0
2016-04-03,09:44:56.901,120.0
2016-04-03,09:44:57.898,120.0
2016-04-03,09:44:58.895,120.0
2016-04-03,09:44:59.893,120.0
2016-04-03,09:45:00.891,120.0
2016-04-03,09:45:01.888,120.0
2016-04-03,09:45:02.886,120.0
2016-04-03,09:45:03.883,120.0
2016-04-03,09:45:04.881,120.0
2016-04-03,09:45:05.878,120.0
2016-04-03,09:45:06.875,120.0
2016-04-03,09:45:07.873,120.0
2016-04-03,09:45:08.871,120.0
2016-04-03,09:45:09.868,120.0
2016-04-03,09:45:10.865,120.0
2016-04-03,09:45:11.863,120.0
2016-04-03,09:45:12.860,119.0
2016-04-03,09:45:13.858,119.0
2016-04-03,09:45:14.855,119.0
2016-04-03,09:45:15.853,118.0
2016-04-03,09:45:16.850,118.0
2016-04-03,09:45:17.848,118.0
2016-04-03,09:45:18.845,118.0
2016-04-03,09:45:19.843,118.0
2016-04-03,09:45:20.841,118.0
2016-04-03,09:45:21.838,118.0
2016-04-03,09:45:22.835,118.0
2016-04-03,09:45:23.834,118.0
2016-04-03,09:45:24.831,118.0
2016-04-03,09:45:25.828,118.0
2016-04-03,09:45:26.826,118.0
2016-04-03,09:45:27.329,118.0
2016-04-03,09:45:28.322,118.0
2016-04-03,09:45:29.319,118.0
2016-04-03,09:45:30.316,118.0
2016-04-03,09:45:31.314,118.0
2016-04-03,09:45:32.312,119.0
2016-04-03,09:45:33.309,119.0
2016-04-03,09:45:34.307,119.0
2016-04-03,09:45:35.304,119.0
2016-04-03,09:45:36.302,120.0
2016-04-03,09:45:37.299,120.0
2016-04-03,09:45:38.297,120.0
2016-04-03,09:45:39.296,119.0
2016-04-03,09:45:40.292,120.0
2016-04-03,09:45:41.289,119.0
2016-04-03,09:45:42.287,119.0
2016-04-03,09:45:43.286,119.0
2016-04-03,09:45:44.781,119.0
2016-04-03,09:45:45.778,119.0
2016-04-03,09:45:46.776,118.0
2016-04-03,09:45:47.773,118.0
2016-04-03,09:45:48.771,118.0
2016-04-03,09:45:49.768,118.0
2016-04-03,09:45:50.766,118.0
2016-04-03,09:45:51.763,118.0
2016-04-03,09:45:52.760,118.0
2016-04-03,09:45:53.758,118.0
2016-04-03,09:45:54.756,118.0
2016-04-03,09:45:55.753,118.0
2016-04-03,09:45:56.750,118.0
2016-04-03,09:45:57.748,118.0
2016-04-03,09:45:58.746,118.0
2016-04-03,09:45:59.743,118.0
2016-04-03,09:46:00.741,118.0
2016-04-03,09:46:01.738,119.0
2016-04-03,09:46:02.735,119.0
2016-04-03,09:46:03.733,119.0
2016-04-03,09:46:04.730,118.0
2016-04-03,09:46:05.728,118.0
2016-04-03,09:46:06.725,118.0
2016-04-03,09:46:07.723,118.0
2016-04-03,09:46:08.222,118.0
2016-04-03,09:46:09.219,118.0
2016-04-03,09:46:10.217,119.0
2016-04-03,09:46:11.214,120.0
2016-04-03,09:46:12.212,120.0
2016-04-03,09:46:13.209,120.0
2016-04-03,09:46:14.207,120.0
2016-04-03,09:46:15.206,119.0
2016-04-03,09:46:16.202,119.0
2016-04-03,09:46:17.199,119.0
2016-04-03,09:46:18.197,119.0
2016-04-03,09:46:19.195,118.0
2016-04-03,09:46:20.192,118.0
2016-04-03,09:46:21.189,118.0
2016-04-03,09:46:22.187,118.0
2016-04-03,09:46:23.184,118.0
2016-04-03,09:46:24.182,117.0
2016-04-03,09:46:25.179,117.0
2016-04-03,09:46:26.177,116.0
2016-04-03,09:46:27.175,115.0
2016-04-03,09:46:28.172,115.0
2016-04-03,09:46:29.169,115.0
2016-04-03,09:46:30.166,115.0
2016-04-03,09:46:31.166,114.0
2016-04-03,09:46:32.162,114.0
2016-04-03,09:46:33.159,114.0
2016-04-03,09:46:34.157,114.0
2016-04-03,09:46:35.154,114.0
2016-04-03,09:46:36.152,114.0
2016-04-03,09:46:37.150,114.0
2016-04-03,09:46:38.150,114.0
2016-04-03,09:46:39.147,114.0
2016-04-03,09:46:40.142,115.0
2016-04-03,09:46:41.139,114.0
2016-04-03,09:46:42.137,114.0
2016-04-03,09:46:43.633,114.0
2016-04-03,09:46:44.631,115.0
2016-04-03,09:46:45.628,115.0
2016-04-03,09:46:46.625,115.0
2016-04-03,09:46:47.126,115.0
2016-04-03,09:46:48.122,115.0
2016-04-03,09:46:49.124,115.0
2016-04-03,09:46:50.117,115.0
2016-04-03,09:46:51.115,116.0
2016-04-03,09:46:52.115,116.0
2016-04-03,09:46:53.110,116.0
2016-04-03,09:46:54.108,117.0
2016-04-03,09:46:55.104,117.0
2016-04-03,09:46:56.102,116.0
2016-04-03,09:46:57.099,115.0
2016-04-03,09:46:58.097,115.0
2016-04-03,09:46:59.096,115.0
2016-04-03,09:47:00.092,114.0
2016-04-03,09:47:01.089,114.0
2016-04-03,09:47:02.087,114.0
2016-04-03,09:47:03.085,115.0
2016-04-03,09:47:04.082,115.0
2016-04-03,09:47:05.079,116.0
2016-04-03,09:47:06.077,116.0
2016-04-03,09:47:08.072,116.0
2016-04-03,09:47:09.069,116.0
2016-04-03,09:47:10.067,116.0
2016-04-03,09:47:11.064,116.0
2016-04-03,09:47:12.063,116.0
2016-04-03,09:47:13.059,117.0
2016-04-03,09:47:14.057,117.0
2016-04-03,09:47:15.056,118.0
2016-04-03,09:47:16.053,118.0
2016-04-03,09:47:17.050,119.0
2016-04-03,09:47:18.047,119.0
2016-04-03,09:47:19.045,120.0
2016-04-03,09:47:20.042,120.0
2016-04-03,09:47:21.039,120.0
2016-04-03,09:47:22.037,120.0
2016-04-03,09:47:23.034,119.0
2016-04-03,09:47:23.533,119.0
2016-04-03,09:47:24.531,118.0
2016-04-03,09:47:25.528,118.0
2016-04-03,09:47:26.526,118.0
2016-04-03,09:47:27.523,117.0
2016-04-03,09:47:28.520,117.0
2016-04-03,09:47:30.017,117.0
2016-04-03,09:47:31.014,117.0
2016-04-03,09:47:32.014,117.0
2016-04-03,09:47:33.009,117.0
2016-04-03,09:47:34.007,117.0
2016-04-03,09:47:35.004,117.0
2016-04-03,09:47:36.002,118.0
2016-04-03,09:47:36.999,118.0
2016-04-03,09:47:37.997,118.0
2016-04-03,09:47:38.994,118.0
2016-04-03,09:47:39.992,119.0
2016-04-03,09:47:41.488,119.0
2016-04-03,09:47:41.987,118.0
2016-04-03,09:47:42.984,119.0
2016-04-03,09:47:43.982,118.0
2016-04-03,09:47:44.979,118.0
2016-04-03,09:47:45.977,118.0
2016-04-03,09:47:46.974,118.0
2016-04-03,09:47:47.972,118.0
2016-04-03,09:47:48.969,118.0
2016-04-03,09:47:49.970,118.0
2016-04-03,09:47:50.964,118.0
2016-04-03,09:47:51.962,118.0
2016-04-03,09:47:52.961,119.0
2016-04-03,09:47:53.957,119.0
2016-04-03,09:47:54.955,119.0
2016-04-03,09:47:55.952,119.0
2016-04-03,09:47:56.950,118.0
2016-04-03,09:47:57.947,118.0
2016-04-03,09:47:58.948,118.0
2016-04-03,09:47:59.943,117.0
2016-04-03,09:48:00.939,118.0
2016-04-03,09:48:01.937,118.0
2016-04-03,09:48:02.934,118.0
2016-04-03,09:48:03.932,119.0
2016-04-03,09:48:04.929,119.0
2016-04-03,09:48:05.926,119.0
2016-04-03,09:48:06.925,119.0
2016-04-03,09:48:07.424,119.0
2016-04-03,09:48:08.421,118.0
2016-04-03,09:48:09.418,118.0
2016-04-03,09:48:10.415,118.0
2016-04-03,09:48:11.413,118.0
2016-04-03,09:48:12.411,118.0
2016-04-03,09:48:13.408,118.0
2016-04-03,09:48:14.405,118.0
2016-04-03,09:48:15.403,119.0
2016-04-03,09:48:16.400,120.0
2016-04-03,09:48:17.398,120.0
2016-04-03,09:48:18.395,120.0
2016-04-03,09:48:19.393,119.0
2016-04-03,09:48:20.391,119.0
2016-04-03,09:48:21.388,119.0
2016-04-03,09:48:22.386,119.0
2016-04-03,09:48:23.383,119.0
2016-04-03,09:48:24.382,119.0
2016-04-03,09:48:25.378,118.0
2016-04-03,09:48:26.375,118.0
2016-04-03,09:48:27.374,118.0
2016-04-03,09:48:28.370,118.0
2016-04-03,09:48:29.368,118.0
2016-04-03,09:48:30.365,117.0
2016-04-03,09:48:31.862,117.0
2016-04-03,09:48:32.859,117.0
2016-04-03,09:48:33.857,117.0
2016-04-03,09:48:34.854,117.0
2016-04-03,09:48:35.852,117.0
2016-04-03,09:48:36.849,117.0
2016-04-03,09:48:37.847,117.0
2016-04-03,09:48:38.845,117.0
2016-04-03,09:48:39.842,118.0
2016-04-03,09:48:40.840,118.0
2016-04-03,09:48:41.837,117.0
2016-04-03,09:48:42.834,117.0
2016-04-03,09:48:43.832,117.0
2016-04-03,09:48:44.829,117.0
2016-04-03,09:48:45.827,117.0
2016-04-03,09:48:46.325,117.0
2016-04-03,09:48:47.325,117.0
2016-04-03,09:48:48.320,117.0
2016-04-03,09:48:49.318,116.0
2016-04-03,09:48:50.315,116.0
2016-04-03,09:48:51.313,116.0
2016-04-03,09:48:52.310,116.0
2016-04-03,09:48:53.308,115.0
2016-04-03,09:48:54.308,115.0
2016-04-03,09:48:55.303,116.0
2016-04-03,09:48:56.300,116.0
2016-04-03,09:48:57.298,115.0
2016-04-03,09:48:58.295,115.0
2016-04-03,09:48:59.295,115.0
2016-04-03,09:49:00.293,114.0
2016-04-03,09:49:01.288,114.0
2016-04-03,09:49:02.285,113.0
2016-04-03,09:49:03.283,113.0
2016-04-03,09:49:04.280,113.0
2016-04-03,09:49:05.278,112.0
2016-04-03,09:49:06.276,112.0
2016-04-03,09:49:07.273,113.0
2016-04-03,09:49:08.271,113.0
2016-04-03,09:49:09.268,113.0
2016-04-03,09:49:10.265,113.0
2016-04-03,09:49:11.263,113.0
2016-04-03,09:49:12.260,113.0
2016-04-03,09:49:13.258,113.0
2016-04-03,09:49:14.257,113.0
2016-04-03,09:49:15.254,113.0
2016-04-03,09:49:16.251,113.0
2016-04-03,09:49:17.248,113.0
2016-04-03,09:49:18.247,113.0
2016-04-03,09:49:19.244,114.0
2016-04-03,09:49:20.240,114.0
2016-04-03,09:49:21.238,114.0
2016-04-03,09:49:22.236,114.0
2016-04-03,09:49:23.233,114.0
2016-04-03,09:49:24.231,115.0
2016-04-03,09:49:25.727,116.0
2016-04-03,09:49:26.724,116.0
2016-04-03,09:49:27.722,116.0
2016-04-03,09:49:28.221,115.0
2016-04-03,09:49:29.218,115.0
2016-04-03,09:49:30.216,115.0
2016-04-03,09:49:31.213,115.0
2016-04-03,09:49:32.211,115.0
2016-04-03,09:49:33.208,115.0
2016-04-03,09:49:34.206,116.0
2016-04-03,09:49:35.203,116.0
2016-04-03,09:49:36.200,116.0
2016-04-03,09:49:37.199,115.0
2016-04-03,09:49:38.196,115.0
2016-04-03,09:49:39.691,114.0
2016-04-03,09:49:41.188,114.0
2016-04-03,09:49:42.186,114.0
2016-04-03,09:49:43.183,113.0
2016-04-03,09:49:44.180,113.0
2016-04-03,09:49:45.178,113.0
2016-04-03,09:49:46.175,113.0
2016-04-03,09:49:47.173,113.0
2016-04-03,09:49:48.170,113.0
2016-04-03,09:49:49.168,113.0
2016-04-03,09:49:50.166,114.0
2016-04-03,09:49:51.163,114.0
2016-04-03,09:49:52.160,115.0
2016-04-03,09:49:53.158,115.0
2016-04-03,09:49:54.155,114.0
2016-04-03,09:49:55.153,114.0
2016-04-03,09:49:56.150,114.0
2016-04-03,09:49:57.148,114.0
2016-04-03,09:49:58.146,114.0
2016-04-03,09:49:59.144,113.0
2016-04-03,09:50:00.140,114.0
2016-04-03,09:50:01.138,114.0
2016-04-03,09:50:02.135,114.0
2016-04-03,09:50:03.135,114.0
2016-04-03,09:50:04.131,114.0
2016-04-03,09:50:05.129,115.0
2016-04-03,09:50:06.127,115.0
2016-04-03,09:50:06.624,115.0
2016-04-03,09:50:07.622,115.0
2016-04-03,09:50:08.619,115.0
2016-04-03,09:50:09.617,115.0
2016-04-03,09:50:10.614,115.0
2016-04-03,09:50:11.611,115.0
2016-04-03,09:50:12.609,116.0
2016-04-03,09:50:13.606,116.0
2016-04-03,09:50:14.604,117.0
2016-04-03,09:50:15.602,118.0
2016-04-03,09:50:17.098,117.0
2016-04-03,09:50:18.095,116.0
2016-04-03,09:50:19.096,115.0
2016-04-03,09:50:20.091,115.0
2016-04-03,09:50:21.088,114.0
2016-04-03,09:50:22.085,113.0
2016-04-03,09:50:23.083,113.0
2016-04-03,09:50:24.081,113.0
2016-04-03,09:50:25.078,113.0
2016-04-03,09:50:26.075,114.0
2016-04-03,09:50:27.074,114.0
2016-04-03,09:50:28.071,114.0
2016-04-03,09:50:29.068,114.0
2016-04-03,09:50:30.066,114.0
2016-04-03,09:50:31.064,114.0
2016-04-03,09:50:32.060,115.0
2016-04-03,09:50:33.058,115.0
2016-04-03,09:50:34.055,115.0
2016-04-03,09:50:35.053,116.0
2016-04-03,09:50:36.051,116.0
2016-04-03,09:50:37.048,116.0
2016-04-03,09:50:38.046,116.0
2016-04-03,09:50:39.043,116.0
2016-04-03,09:50:40.040,116.0
2016-04-03,09:50:41.038,116.0
2016-04-03,09:50:42.035,116.0
2016-04-03,09:50:43.033,117.0
2016-04-03,09:50:43.533,116.0
2016-04-03,09:50:44.529,116.0
2016-04-03,09:50:45.527,116.0
2016-04-03,09:50:46.524,116.0
2016-04-03,09:50:47.522,116.0
2016-04-03,09:50:48.519,116.0
2016-04-03,09:50:49.517,116.0
2016-04-03,09:50:50.514,116.0
2016-04-03,09:50:51.512,116.0
2016-04-03,09:50:52.509,116.0
2016-04-03,09:50:53.507,116.0
2016-04-03,09:50:54.504,116.0
2016-04-03,09:50:55.502,115.0
2016-04-03,09:50:56.499,115.0
2016-04-03,09:50:57.497,115.0
2016-04-03,09:50:58.494,115.0
2016-04-03,09:50:59.492,114.0
2016-04-03,09:51:00.489,114.0
2016-04-03,09:51:01.487,114.0
2016-04-03,09:51:02.485,114.0
2016-04-03,09:51:03.482,115.0
2016-04-03,09:51:04.479,115.0
2016-04-03,09:51:05.477,115.0
2016-04-03,09:51:06.474,115.0
2016-04-03,09:51:07.472,115.0
2016-04-03,09:51:08.470,115.0
2016-04-03,09:51:09.966,115.0
2016-04-03,09:51:10.966,114.0
2016-04-03,09:51:11.961,114.0
2016-04-03,09:51:12.958,114.0
2016-04-03,09:51:13.956,114.0
2016-04-03,09:51:14.953,114.0
2016-04-03,09:51:15.951,114.0
2016-04-03,09:51:16.948,114.0
2016-04-03,09:51:17.945,114.0
2016-04-03,09:51:18.943,114.0
2016-04-03,09:51:19.940,114.0
2016-04-03,09:51:20.938,114.0
2016-04-03,09:51:21.936,115.0
2016-04-03,09:51:22.933,115.0
2016-04-03,09:51:23.930,115.0
2016-04-03,09:51:24.928,116.0
2016-04-03,09:51:25.926,116.0
2016-04-03,09:51:26.424,116.0
2016-04-03,09:51:27.422,117.0
2016-04-03,09:51:28.419,117.0
2016-04-03,09:51:29.417,117.0
2016-04-03,09:51:30.414,117.0
2016-04-03,09:51:31.412,116.0
2016-04-03,09:51:32.409,116.0
2016-04-03,09:51:33.407,116.0
2016-04-03,09:51:34.404,116.0
2016-04-03,09:51:35.402,116.0
2016-04-03,09:51:36.399,116.0
2016-04-03,09:51:37.396,116.0
2016-04-03,09:51:38.394,116.0
2016-04-03,09:51:39.392,117.0
2016-04-03,09:51:40.389,117.0
2016-04-03,09:51:41.387,117.0
2016-04-03,09:51:42.384,117.0
2016-04-03,09:51:43.382,117.0
2016-04-03,09:51:44.379,118.0
2016-04-03,09:51:45.377,118.0
2016-04-03,09:51:46.374,119.0
2016-04-03,09:51:47.371,118.0
2016-04-03,09:51:48.369,118.0
2016-04-03,09:51:49.366,118.0
2016-04-03,09:51:50.364,118.0
2016-04-03,09:51:51.361,118.0
2016-04-03,09:51:52.359,118.0
2016-04-03,09:51:53.362,118.0
2016-04-03,09:51:54.354,117.0
2016-04-03,09:51:55.352,117.0
2016-04-03,09:51:56.349,118.0
2016-04-03,09:51:57.347,118.0
2016-04-03,09:51:58.344,118.0
2016-04-03,09:51:59.342,118.0
2016-04-03,09:52:00.339,117.0
2016-04-03,09:52:01.337,117.0
2016-04-03,09:52:02.334,116.0
2016-04-03,09:52:03.332,116.0
2016-04-03,09:52:04.828,116.0
2016-04-03,09:52:05.329,115.0
2016-04-03,09:52:06.325,115.0
2016-04-03,09:52:07.322,115.0
2016-04-03,09:52:08.319,115.0
2016-04-03,09:52:09.320,115.0
2016-04-03,09:52:10.314,115.0
2016-04-03,09:52:12.309,115.0
2016-04-03,09:52:13.306,115.0
2016-04-03,09:52:14.304,115.0
2016-04-03,09:52:15.302,115.0
2016-04-03,09:52:16.299,115.0
2016-04-03,09:52:17.297,116.0
2016-04-03,09:52:18.294,116.0
2016-04-03,09:52:19.292,117.0
2016-04-03,09:52:20.289,117.0
2016-04-03,09:52:21.785,117.0
2016-04-03,09:52:22.284,117.0
2016-04-03,09:52:23.282,118.0
2016-04-03,09:52:24.279,118.0
2016-04-03,09:52:25.277,118.0
2016-04-03,09:52:26.274,118.0
2016-04-03,09:52:27.272,119.0
2016-04-03,09:52:28.270,119.0
2016-04-03,09:52:29.266,119.0
2016-04-03,09:52:30.266,119.0
2016-04-03,09:52:31.262,119.0
2016-04-03,09:52:32.259,119.0
2016-04-03,09:52:33.257,119.0
2016-04-03,09:52:34.254,119.0
2016-04-03,09:52:35.253,118.0
2016-04-03,09:52:36.249,119.0
2016-04-03,09:52:37.247,119.0
2016-04-03,09:52:38.244,119.0
2016-04-03,09:52:39.242,118.0
2016-04-03,09:52:40.239,119.0
2016-04-03,09:52:41.237,119.0
2016-04-03,09:52:42.235,119.0
2016-04-03,09:52:43.232,120.0
2016-04-03,09:52:44.229,120.0
2016-04-03,09:52:45.227,121.0
2016-04-03,09:52:46.225,121.0
2016-04-03,09:52:46.723,122.0
2016-04-03,09:52:47.720,122.0
2016-04-03,09:52:48.718,122.0
2016-04-03,09:52:49.716,123.0
2016-04-03,09:52:50.713,123.0
2016-04-03,09:52:51.710,123.0
2016-04-03,09:52:52.708,122.0
2016-04-03,09:52:53.705,121.0
2016-04-03,09:52:54.703,121.0
2016-04-03,09:52:55.706,121.0
2016-04-03,09:52:59.287,121.0
2016-04-03,09:53:02.198,121.0
2016-04-03,09:53:02.202,121.0
2016-04-03,09:53:02.210,121.0
2016-04-03,09:53:02.214,121.0
2016-04-03,09:53:03.840,121.0
2016-04-03,09:53:03.846,121.0
2016-04-03,09:53:04.179,121.0
2016-04-03,09:53:05.179,121.0
2016-04-03,09:53:06.673,120.0
2016-04-03,09:53:08.043,120.0
2016-04-03,09:53:08.169,120.0
2016-04-03,09:53:09.167,120.0
2016-04-03,09:53:10.164,119.0
2016-04-03,09:53:11.162,119.0
2016-04-03,09:53:12.159,119.0
2016-04-03,09:53:13.157,119.0
2016-04-03,09:53:15.650,119.0
2016-04-03,09:53:16.149,119.0
2016-04-03,09:53:16.154,119.0
2016-04-03,09:53:17.147,120.0
2016-04-03,09:53:18.144,120.0
2016-04-03,09:53:19.142,120.0
2016-04-03,09:53:20.139,120.0
2016-04-03,09:53:21.136,120.0
2016-04-03,09:53:22.134,119.0
2016-04-03,09:53:23.132,119.0
2016-04-03,09:53:24.129,119.0
2016-04-03,09:53:24.628,119.0
2016-04-03,09:53:25.626,120.0
2016-04-03,09:53:26.627,119.0
2016-04-03,09:53:27.620,119.0
2016-04-03,09:53:28.618,119.0
2016-04-03,09:53:29.615,119.0
2016-04-03,09:53:30.619,119.0
2016-04-03,09:53:33.129,119.0
2016-04-03,09:53:33.141,119.0
2016-04-03,09:53:33.605,119.0
2016-04-03,09:53:35.102,119.0
2016-04-03,09:53:35.601,120.0
2016-04-03,09:53:36.598,120.0
2016-04-03,09:53:37.596,120.0
2016-04-03,09:53:38.593,120.0
2016-04-03,09:53:39.590,120.0
2016-04-03,09:53:40.588,120.0
2016-04-03,09:53:41.585,121.0
2016-04-03,09:53:42.583,120.0
2016-04-03,09:53:43.581,121.0
2016-04-03,09:53:44.578,121.0
2016-04-03,09:53:45.576,121.0
2016-04-03,09:53:46.574,121.0
2016-04-03,09:53:47.572,121.0
2016-04-03,09:53:48.571,121.0
2016-04-03,09:53:49.565,121.0
2016-04-03,09:53:50.564,121.0
2016-04-03,09:53:51.560,121.0
2016-04-03,09:53:52.558,121.0
2016-04-03,09:53:53.557,121.0
2016-04-03,09:53:55.053,121.0
2016-04-03,09:53:56.052,121.0
2016-04-03,09:53:57.047,121.0
2016-04-03,09:53:58.044,121.0
2016-04-03,09:53:59.042,121.0
2016-04-03,09:54:00.039,121.0
2016-04-03,09:54:01.036,121.0
2016-04-03,09:54:02.034,120.0
2016-04-03,09:54:03.032,120.0
2016-04-03,09:54:04.030,120.0
2016-04-03,09:54:04.529,121.0
2016-04-03,09:54:05.526,121.0
2016-04-03,09:54:07.331,120.0
2016-04-03,09:54:07.521,119.0
2016-04-03,09:54:08.523,119.0
2016-04-03,09:54:09.515,118.0
2016-04-03,09:54:10.513,118.0
2016-04-03,09:54:11.511,118.0
2016-04-03,09:54:12.509,118.0
2016-04-03,09:54:13.506,118.0
2016-04-03,09:54:14.504,118.0
2016-04-03,09:54:15.501,118.0
2016-04-03,09:54:16.498,119.0
2016-04-03,09:54:17.496,118.0
2016-04-03,09:54:18.493,119.0
2016-04-03,09:54:19.491,119.0
2016-04-03,09:54:20.488,119.0
2016-04-03,09:54:21.485,119.0
2016-04-03,09:54:22.483,119.0
2016-04-03,09:54:23.481,119.0
2016-04-03,09:54:24.479,119.0
2016-04-03,09:54:25.475,119.0
2016-04-03,09:54:26.473,119.0
2016-04-03,09:54:27.470,119.0
2016-04-03,09:54:28.469,118.0
2016-04-03,09:54:29.466,118.0
2016-04-03,09:54:30.463,118.0
2016-04-03,09:54:31.460,118.0
2016-04-03,09:54:32.458,119.0
2016-04-03,09:54:33.456,119.0
2016-04-03,09:54:34.453,119.0
2016-04-03,09:54:35.451,120.0
2016-04-03,09:54:36.448,120.0
2016-04-03,09:54:37.446,121.0
2016-04-03,09:54:38.444,121.0
2016-04-03,09:54:39.441,121.0
2016-04-03,09:54:40.438,121.0
2016-04-03,09:54:41.436,121.0
2016-04-03,09:54:43.430,122.0
2016-04-03,09:54:43.930,122.0
2016-04-03,09:54:45.425,123.0
2016-04-03,09:54:46.423,123.0
2016-04-03,09:54:47.420,124.0
2016-04-03,09:54:48.418,124.0
2016-04-03,09:54:49.416,124.0
2016-04-03,09:54:50.413,124.0
2016-04-03,09:54:51.411,124.0
2016-04-03,09:54:52.408,124.0
2016-04-03,09:54:53.406,124.0
2016-04-03,09:54:54.403,124.0
2016-04-03,09:54:55.401,124.0
2016-04-03,09:54:56.398,123.0
2016-04-03,09:54:57.396,123.0
2016-04-03,09:54:58.393,123.0
2016-04-03,09:54:59.391,123.0
2016-04-03,09:55:00.388,123.0
2016-04-03,09:55:01.386,123.0
2016-04-03,09:55:02.384,123.0
2016-04-03,09:55:03.380,123.0
2016-04-03,09:55:04.378,123.0
2016-04-03,09:55:05.375,122.0
2016-04-03,09:55:06.373,122.0
2016-04-03,09:55:07.371,122.0
2016-04-03,09:55:08.368,122.0
2016-04-03,09:55:09.366,122.0
2016-04-03,09:55:10.363,122.0
2016-04-03,09:55:11.361,122.0
2016-04-03,09:55:12.358,122.0
2016-04-03,09:55:13.355,121.0
2016-04-03,09:55:14.353,121.0
2016-04-03,09:55:15.350,121.0
2016-04-03,09:55:16.846,121.0
2016-04-03,09:55:17.345,121.0
2016-04-03,09:55:18.351,121.0
2016-04-03,09:55:19.340,121.0
2016-04-03,09:55:20.339,121.0
2016-04-03,09:55:20.837,121.0
2016-04-03,09:55:21.834,121.0
2016-04-03,09:55:22.832,121.0
2016-04-03,09:55:23.831,121.0
2016-04-03,09:55:24.826,121.0
2016-04-03,09:55:25.824,122.0
2016-04-03,09:55:26.822,122.0
2016-04-03,09:55:27.819,122.0
2016-04-03,09:55:28.816,123.0
2016-04-03,09:55:29.814,123.0
2016-04-03,09:55:30.812,123.0
2016-04-03,09:55:31.809,122.0
2016-04-03,09:55:32.807,122.0
2016-04-03,09:55:33.805,122.0
2016-04-03,09:55:35.300,122.0
2016-04-03,09:55:36.298,122.0
2016-04-03,09:55:37.296,122.0
2016-04-03,09:55:38.293,122.0
2016-04-03,09:55:39.290,122.0
2016-04-03,09:55:40.288,122.0
2016-04-03,09:55:41.286,122.0
2016-04-03,09:55:42.283,122.0
2016-04-03,09:55:43.281,121.0
2016-04-03,09:55:44.278,121.0
2016-04-03,09:55:45.275,122.0
2016-04-03,09:55:46.273,122.0
2016-04-03,09:55:47.270,121.0
2016-04-03,09:55:48.268,121.0
2016-04-03,09:55:49.266,121.0
2016-04-03,09:55:50.264,121.0
2016-04-03,09:55:51.261,121.0
2016-04-03,09:55:52.259,121.0
2016-04-03,09:55:53.256,120.0
2016-04-03,09:55:54.253,120.0
2016-04-03,09:55:55.251,120.0
2016-04-03,09:55:56.248,120.0
2016-04-03,09:55:57.246,120.0
2016-04-03,09:55:57.744,120.0
2016-04-03,09:55:58.742,120.0
2016-04-03,09:55:59.739,121.0
2016-04-03,09:56:00.737,121.0
2016-04-03,09:56:01.735,122.0
2016-04-03,09:56:02.732,122.0
2016-04-03,09:56:03.731,122.0
2016-04-03,09:56:04.727,122.0
2016-04-03,09:56:05.724,122.0
2016-04-03,09:56:06.722,123.0
2016-04-03,09:56:07.719,123.0
2016-04-03,09:56:08.717,123.0
2016-04-03,09:56:09.714,122.0
2016-04-03,09:56:10.713,122.0
2016-04-03,09:56:11.709,121.0
2016-04-03,09:56:12.707,121.0
2016-04-03,09:56:13.705,121.0
2016-04-03,09:56:14.702,120.0
2016-04-03,09:56:15.699,121.0
2016-04-03,09:56:16.697,121.0
2016-04-03,09:56:17.695,119.0
2016-04-03,09:56:18.692,121.0
2016-04-03,09:56:19.689,122.0
2016-04-03,09:56:20.687,123.0
2016-04-03,09:56:21.684,123.0
2016-04-03,09:56:22.682,122.0
2016-04-03,09:56:23.679,122.0
2016-04-03,09:56:24.677,121.0
2016-04-03,09:56:26.173,121.0
2016-04-03,09:56:27.170,120.0
2016-04-03,09:56:28.168,120.0
2016-04-03,09:56:29.166,120.0
2016-04-03,09:56:30.163,120.0
2016-04-03,09:56:31.162,120.0
2016-04-03,09:56:32.158,120.0
2016-04-03,09:56:33.156,121.0
2016-04-03,09:56:34.153,121.0
2016-04-03,09:56:35.151,120.0
2016-04-03,09:56:36.148,120.0
2016-04-03,09:56:37.146,120.0
2016-04-03,09:56:37.644,121.0
2016-04-03,09:56:38.642,121.0
2016-04-03,09:56:39.639,121.0
2016-04-03,09:56:40.637,121.0
2016-04-03,09:56:41.634,121.0
2016-04-03,09:56:42.632,121.0
2016-04-03,09:56:43.629,120.0
2016-04-03,09:56:44.627,120.0
2016-04-03,09:56:45.624,120.0
2016-04-03,09:56:46.622,120.0
2016-04-03,09:56:47.619,120.0
2016-04-03,09:56:48.617,121.0
2016-04-03,09:56:49.615,121.0
2016-04-03,09:56:50.612,122.0
2016-04-03,09:56:51.609,122.0
2016-04-03,09:56:52.607,123.0
2016-04-03,09:56:53.604,122.0
2016-04-03,09:56:54.602,121.0
2016-04-03,09:56:55.599,121.0
2016-04-03,09:56:56.597,121.0
2016-04-03,09:56:57.595,120.0
2016-04-03,09:56:58.592,121.0
2016-04-03,09:56:59.589,121.0
2016-04-03,09:57:00.589,121.0
2016-04-03,09:57:01.584,121.0
2016-04-03,09:57:02.582,121.0
2016-04-03,09:57:03.579,120.0
2016-04-03,09:57:04.577,120.0
2016-04-03,09:57:05.574,119.0
2016-04-03,09:57:06.571,119.0
2016-04-03,09:57:07.569,119.0
2016-04-03,09:57:08.567,119.0
2016-04-03,09:57:09.564,120.0
2016-04-03,09:57:10.562,120.0
2016-04-03,09:57:11.559,120.0
2016-04-03,09:57:12.559,120.0
2016-04-03,09:57:13.554,121.0
2016-04-03,09:57:14.552,121.0
2016-04-03,09:57:17.046,121.0
2016-04-03,09:57:17.105,122.0
2016-04-03,09:57:18.542,122.0
2016-04-03,09:57:19.539,123.0
2016-04-03,09:57:20.537,122.0
2016-04-03,09:57:21.535,122.0
2016-04-03,09:57:22.532,122.0
2016-04-03,09:57:23.529,122.0
2016-04-03,09:57:24.527,122.0
2016-04-03,09:57:25.525,122.0
2016-04-03,09:57:26.523,123.0
2016-04-03,09:57:27.519,123.0
2016-04-03,09:57:28.517,123.0
2016-04-03,09:57:29.514,123.0
2016-04-03,09:57:30.512,123.0
2016-04-03,09:57:31.509,123.0
2016-04-03,09:57:32.507,123.0
2016-04-03,09:57:33.504,123.0
2016-04-03,09:57:34.502,122.0
2016-04-03,09:57:35.500,122.0
2016-04-03,09:57:36.497,122.0
2016-04-03,09:57:37.494,122.0
2016-04-03,09:57:38.492,122.0
2016-04-03,09:57:39.489,122.0
2016-04-03,09:57:40.487,122.0
2016-04-03,09:57:41.485,123.0
2016-04-03,09:57:42.482,123.0
2016-04-03,09:57:43.479,124.0
2016-04-03,09:57:44.477,124.0
2016-04-03,09:57:45.475,124.0
2016-04-03,09:57:46.472,124.0
2016-04-03,09:57:47.469,125.0
2016-04-03,09:57:48.467,125.0
2016-04-03,09:57:49.464,126.0
2016-04-03,09:57:50.462,127.0
2016-04-03,09:57:51.459,127.0
2016-04-03,09:57:52.457,127.0
2016-04-03,09:57:53.456,128.0
2016-04-03,09:57:54.452,128.0
2016-04-03,09:57:55.449,128.0
2016-04-03,09:57:56.448,128.0
2016-04-03,09:57:56.946,128.0
2016-04-03,09:57:57.943,128.0
2016-04-03,09:57:58.941,127.0
2016-04-03,09:57:59.939,126.0
2016-04-03,09:58:00.936,126.0
2016-04-03,09:58:01.933,125.0
2016-04-03,09:58:02.931,125.0
2016-04-03,09:58:03.931,124.0
2016-04-03,09:58:04.926,123.0
2016-04-03,09:58:05.923,122.0
2016-04-03,09:58:06.922,122.0
2016-04-03,09:58:07.918,122.0
2016-04-03,09:58:08.916,122.0
2016-04-03,09:58:09.913,122.0
2016-04-03,09:58:10.911,122.0
2016-04-03,09:58:11.908,122.0
2016-04-03,09:58:12.906,121.0
2016-04-03,09:58:14.402,120.0
2016-04-03,09:58:15.400,120.0
2016-04-03,09:58:16.397,120.0
2016-04-03,09:58:17.394,120.0
2016-04-03,09:58:18.392,120.0
2016-04-03,09:58:19.389,120.0
2016-04-03,09:58:20.387,120.0
2016-04-03,09:58:21.385,120.0
2016-04-03,09:58:22.383,120.0
2016-04-03,09:58:23.380,120.0
2016-04-03,09:58:24.377,120.0
2016-04-03,09:58:25.374,120.0
2016-04-03,09:58:26.871,120.0
2016-04-03,09:58:27.370,120.0
2016-04-03,09:58:28.367,120.0
2016-04-03,09:58:29.364,120.0
2016-04-03,09:58:30.362,120.0
2016-04-03,09:58:31.360,120.0
2016-04-03,09:58:32.357,120.0
2016-04-03,09:58:33.354,120.0
2016-04-03,09:58:34.354,120.0
2016-04-03,09:58:35.350,120.0
2016-04-03,09:58:35.848,120.0
2016-04-03,09:58:36.846,120.0
2016-04-03,09:58:37.843,120.0
2016-04-03,09:58:38.841,120.0
2016-04-03,09:58:39.838,120.0
2016-04-03,09:58:40.836,120.0
2016-04-03,09:58:41.833,120.0
2016-04-03,09:58:42.831,120.0
2016-04-03,09:58:43.828,120.0
2016-04-03,09:58:44.826,120.0
2016-04-03,09:58:45.823,120.0
2016-04-03,09:58:46.820,119.0
2016-04-03,09:58:47.818,118.0
2016-04-03,09:58:48.816,117.0
2016-04-03,09:58:49.813,116.0
2016-04-03,09:58:50.811,116.0
2016-04-03,09:58:51.808,116.0
2016-04-03,09:58:52.806,116.0
2016-04-03,09:58:53.803,117.0
2016-04-03,09:58:54.801,117.0
2016-04-03,09:58:55.798,118.0
2016-04-03,09:58:57.294,118.0
2016-04-03,09:58:57.794,119.0
2016-04-03,09:58:58.791,119.0
2016-04-03,09:58:59.788,118.0
2016-04-03,09:59:00.786,118.0
2016-04-03,09:59:01.783,119.0
2016-04-03,09:59:02.781,119.0
2016-04-03,09:59:03.778,119.0
2016-04-03,09:59:04.776,119.0
2016-04-03,09:59:05.773,119.0
2016-04-03,09:59:06.771,119.0
2016-04-03,09:59:07.768,118.0
2016-04-03,09:59:08.766,118.0
2016-04-03,09:59:10.262,118.0
2016-04-03,09:59:11.260,118.0
2016-04-03,09:59:12.257,118.0
2016-04-03,09:59:13.254,118.0
2016-04-03,09:59:14.252,118.0
2016-04-03,09:59:15.252,118.0
2016-04-03,09:59:16.247,119.0
2016-04-03,09:59:17.244,119.0
2016-04-03,09:59:18.243,119.0
2016-04-03,09:59:19.240,119.0
2016-04-03,09:59:19.738,119.0
2016-04-03,09:59:20.735,119.0
2016-04-03,09:59:21.734,119.0
2016-04-03,09:59:22.731,119.0
2016-04-03,09:59:23.729,119.0
2016-04-03,09:59:24.725,119.0
2016-04-03,09:59:25.723,120.0
2016-04-03,09:59:26.721,121.0
2016-04-03,09:59:27.718,121.0
2016-04-03,09:59:28.715,122.0
2016-04-03,09:59:29.713,122.0
2016-04-03,09:59:30.710,122.0
2016-04-03,09:59:31.709,122.0
2016-04-03,09:59:32.706,122.0
2016-04-03,09:59:33.704,121.0
2016-04-03,09:59:34.700,121.0
2016-04-03,09:59:35.699,120.0
2016-04-03,09:59:36.696,120.0
2016-04-03,09:59:37.693,119.0
2016-04-03,09:59:38.691,119.0
2016-04-03,09:59:39.688,118.0
2016-04-03,09:59:40.686,119.0
2016-04-03,09:59:41.684,119.0
2016-04-03,09:59:42.681,119.0
2016-04-03,09:59:43.678,119.0
2016-04-03,09:59:44.676,119.0
2016-04-03,09:59:46.671,119.0
2016-04-03,09:59:47.669,119.0
2016-04-03,09:59:48.666,119.0
2016-04-03,09:59:49.664,119.0
2016-04-03,09:59:50.662,119.0
2016-04-03,09:59:51.659,120.0
2016-04-03,09:59:52.656,120.0
2016-04-03,09:59:53.653,121.0
2016-04-03,09:59:54.651,121.0
2016-04-03,09:59:55.648,121.0
2016-04-03,09:59:56.149,121.0
2016-04-03,09:59:57.145,120.0
2016-04-03,09:59:58.143,120.0
2016-04-03,09:59:59.139,119.0
2016-04-03,10:00:00.137,119.0
2016-04-03,10:00:01.134,119.0
2016-04-03,10:00:02.631,119.0
2016-04-03,10:00:03.628,119.0
2016-04-03,10:00:04.626,119.0
2016-04-03,10:00:05.623,119.0
2016-04-03,10:00:06.621,119.0
2016-04-03,10:00:07.619,119.0
2016-04-03,10:00:08.616,119.0
2016-04-03,10:00:09.615,119.0
2016-04-03,10:00:10.611,119.0
2016-04-03,10:00:11.608,119.0
2016-04-03,10:00:12.605,119.0
2016-04-03,10:00:13.603,119.0
2016-04-03,10:00:14.600,119.0
2016-04-03,10:00:15.598,120.0
2016-04-03,10:00:16.596,120.0
2016-04-03,10:00:17.593,121.0
2016-04-03,10:00:18.591,121.0
2016-04-03,10:00:19.588,121.0
2016-04-03,10:00:20.586,122.0
2016-04-03,10:00:21.583,122.0
2016-04-03,10:00:22.581,121.0
2016-04-03,10:00:23.578,121.0
2016-04-03,10:00:24.576,121.0
2016-04-03,10:00:25.573,121.0
2016-04-03,10:00:27.069,121.0
2016-04-03,10:00:27.568,121.0
2016-04-03,10:00:28.565,121.0
2016-04-03,10:00:29.563,122.0
2016-04-03,10:00:30.561,122.0
2016-04-03,10:00:31.558,123.0
2016-04-03,10:00:32.555,123.0
2016-04-03,10:00:33.553,123.0
2016-04-03,10:00:34.052,123.0
2016-04-03,10:00:35.049,123.0
2016-04-03,10:00:36.047,123.0
2016-04-03,10:00:37.044,123.0
2016-04-03,10:00:38.042,124.0
2016-04-03,10:00:39.039,125.0
2016-04-03,10:00:40.037,126.0
2016-04-03,10:00:41.034,126.0
2016-04-03,10:00:42.032,126.0
2016-04-03,10:00:43.030,125.0
2016-04-03,10:00:44.027,125.0
2016-04-03,10:00:45.024,124.0
2016-04-03,10:00:46.022,123.0
2016-04-03,10:00:47.019,122.0
2016-04-03,10:00:48.018,121.0
2016-04-03,10:00:49.015,120.0
2016-04-03,10:00:50.012,119.0
2016-04-03,10:00:51.009,119.0
2016-04-03,10:00:52.007,119.0
2016-04-03,10:00:53.503,119.0
2016-04-03,10:00:54.501,120.0
2016-04-03,10:00:55.498,120.0
2016-04-03,10:00:56.496,119.0
2016-04-03,10:00:57.494,119.0
2016-04-03,10:00:58.491,118.0
2016-04-03,10:00:59.488,117.0
2016-04-03,10:01:00.485,117.0
2016-04-03,10:01:01.483,117.0
2016-04-03,10:01:02.481,117.0
2016-04-03,10:01:03.478,117.0
2016-04-03,10:01:04.476,118.0
2016-04-03,10:01:05.473,118.0
2016-04-03,10:01:06.471,118.0
2016-04-03,10:01:07.468,118.0
2016-04-03,10:01:08.466,117.0
2016-04-03,10:01:09.463,117.0
2016-04-03,10:01:10.461,117.0
2016-04-03,10:01:11.458,118.0
2016-04-03,10:01:12.456,118.0
2016-04-03,10:01:12.954,118.0
2016-04-03,10:01:13.952,118.0
2016-04-03,10:01:14.949,118.0
2016-04-03,10:01:15.947,119.0
2016-04-03,10:01:16.944,118.0
2016-04-03,10:01:17.942,119.0
2016-04-03,10:01:18.940,118.0
2016-04-03,10:01:19.937,119.0
2016-04-03,10:01:20.934,118.0
2016-04-03,10:01:21.932,118.0
2016-04-03,10:01:22.930,119.0
2016-04-03,10:01:23.927,119.0
2016-04-03,10:01:24.924,119.0
2016-04-03,10:01:25.923,119.0
2016-04-03,10:01:26.919,119.0
2016-04-03,10:01:27.917,119.0
2016-04-03,10:01:28.914,119.0
2016-04-03,10:01:29.913,119.0
2016-04-03,10:01:30.910,119.0
2016-04-03,10:01:31.907,120.0
2016-04-03,10:01:32.905,120.0
2016-04-03,10:01:33.902,120.0
2016-04-03,10:01:34.900,120.0
2016-04-03,10:01:35.897,120.0
2016-04-03,10:01:37.393,120.0
2016-04-03,10:01:37.892,119.0
2016-04-03,10:01:38.890,119.0
2016-04-03,10:01:39.887,119.0
2016-04-03,10:01:40.885,119.0
2016-04-03,10:01:42.403,119.0
2016-04-03,10:01:43.379,120.0
2016-04-03,10:01:44.375,120.0
2016-04-03,10:01:45.375,119.0
2016-04-03,10:01:46.370,118.0
2016-04-03,10:01:47.368,117.0
2016-04-03,10:01:48.366,116.0
2016-04-03,10:01:49.363,115.0
2016-04-03,10:01:50.361,115.0
2016-04-03,10:01:50.859,115.0
2016-04-03,10:01:51.857,115.0
2016-04-03,10:01:52.855,116.0
2016-04-03,10:01:53.852,117.0
2016-04-03,10:01:54.850,117.0
2016-04-03,10:01:55.847,117.0
2016-04-03,10:01:56.844,118.0
2016-04-03,10:01:57.842,118.0
2016-04-03,10:01:58.841,118.0
2016-04-03,10:01:59.837,119.0
2016-04-03,10:02:00.835,119.0
2016-04-03,10:02:01.832,120.0
2016-04-03,10:02:02.830,120.0
2016-04-03,10:02:03.827,120.0
2016-04-03,10:02:04.825,120.0
2016-04-03,10:02:05.822,119.0
2016-04-03,10:02:06.819,120.0
2016-04-03,10:02:07.817,120.0
2016-04-03,10:02:08.814,120.0
2016-04-03,10:02:09.812,120.0
2016-04-03,10:02:10.810,120.0
2016-04-03,10:02:11.807,121.0
2016-04-03,10:02:12.805,121.0
2016-04-03,10:02:13.802,120.0
2016-04-03,10:02:14.800,120.0
2016-04-03,10:02:15.797,120.0
2016-04-03,10:02:16.796,119.0
2016-04-03,10:02:17.792,119.0
2016-04-03,10:02:18.789,119.0
2016-04-03,10:02:19.787,119.0
2016-04-03,10:02:20.785,119.0
2016-04-03,10:02:22.285,119.0
2016-04-03,10:02:23.777,119.0
2016-04-03,10:02:24.775,119.0
2016-04-03,10:02:25.772,119.0
2016-04-03,10:02:26.770,119.0
2016-04-03,10:02:27.767,119.0
2016-04-03,10:02:28.765,119.0
2016-04-03,10:02:29.762,120.0
2016-04-03,10:02:30.760,120.0
2016-04-03,10:02:31.258,120.0
2016-04-03,10:02:32.256,121.0
2016-04-03,10:02:33.255,121.0
2016-04-03,10:02:34.750,121.0
2016-04-03,10:02:35.747,121.0
2016-04-03,10:02:36.744,120.0
2016-04-03,10:02:37.742,120.0
2016-04-03,10:02:38.739,120.0
2016-04-03,10:02:39.738,120.0
2016-04-03,10:02:40.735,120.0
2016-04-03,10:02:41.733,120.0
2016-04-03,10:02:42.729,120.0
2016-04-03,10:02:43.727,121.0
2016-04-03,10:02:44.724,121.0
2016-04-03,10:02:45.722,121.0
2016-04-03,10:02:46.720,120.0
2016-04-03,10:02:47.717,120.0
2016-04-03,10:02:48.714,120.0
2016-04-03,10:02:49.712,119.0
2016-04-03,10:02:50.710,119.0
2016-04-03,10:02:51.707,118.0
2016-04-03,10:02:52.704,118.0
2016-04-03,10:02:53.702,117.0
2016-04-03,10:02:54.700,117.0
2016-04-03,10:02:55.697,117.0
2016-04-03,10:02:56.694,117.0
2016-04-03,10:02:57.694,117.0
2016-04-03,10:02:58.690,117.0
2016-04-03,10:02:59.687,117.0
2016-04-03,10:03:00.685,118.0
2016-04-03,10:03:01.682,118.0
2016-04-03,10:03:02.679,118.0
2016-04-03,10:03:03.677,118.0
2016-04-03,10:03:04.674,119.0
2016-04-03,10:03:05.672,120.0
2016-04-03,10:03:06.669,121.0
2016-04-03,10:03:07.670,121.0
2016-04-03,10:03:08.665,121.0
2016-04-03,10:03:09.662,121.0
2016-04-03,10:03:10.161,120.0
2016-04-03,10:03:11.158,120.0
2016-04-03,10:03:12.156,119.0
2016-04-03,10:03:13.154,119.0
2016-04-03,10:03:14.151,118.0
2016-04-03,10:03:15.148,118.0
2016-04-03,10:03:16.146,118.0
2016-04-03,10:03:17.143,117.0
2016-04-03,10:03:18.141,117.0
2016-04-03,10:03:19.138,117.0
2016-04-03,10:03:20.135,118.0
2016-04-03,10:03:21.133,118.0
2016-04-03,10:03:22.131,118.0
2016-04-03,10:03:23.128,118.0
2016-04-03,10:03:24.126,118.0
2016-04-03,10:03:25.123,118.0
2016-04-03,10:03:26.121,118.0
2016-04-03,10:03:27.119,117.0
2016-04-03,10:03:28.116,117.0
2016-04-03,10:03:29.612,117.0
2016-04-03,10:03:30.610,116.0
2016-04-03,10:03:31.607,117.0
2016-04-03,10:03:32.605,117.0
2016-04-03,10:03:33.602,117.0
2016-04-03,10:03:34.600,117.0
2016-04-03,10:03:35.597,117.0
2016-04-03,10:03:36.594,117.0
2016-04-03,10:03:37.592,117.0
2016-04-03,10:03:38.589,117.0
2016-04-03,10:03:39.587,116.0
2016-04-03,10:03:40.584,116.0
2016-04-03,10:03:41.582,116.0
2016-04-03,10:03:42.580,117.0
2016-04-03,10:03:43.577,117.0
2016-04-03,10:03:44.574,118.0
2016-04-03,10:03:45.572,119.0
2016-04-03,10:03:46.569,119.0
2016-04-03,10:03:47.567,120.0
2016-04-03,10:03:48.066,120.0
2016-04-03,10:03:49.063,120.0
2016-04-03,10:03:50.061,120.0
2016-04-03,10:03:51.058,120.0
2016-04-03,10:03:52.056,120.0
2016-04-03,10:03:53.054,121.0
2016-04-03,10:03:54.051,121.0
2016-04-03,10:03:55.048,121.0
2016-04-03,10:03:56.046,121.0
2016-04-03,10:03:57.043,121.0
2016-04-03,10:03:58.041,121.0
2016-04-03,10:03:59.038,121.0
2016-04-03,10:04:00.036,121.0
2016-04-03,10:04:01.033,121.0
2016-04-03,10:04:02.030,122.0
2016-04-03,10:04:03.028,122.0
2016-04-03,10:04:04.026,122.0
2016-04-03,10:04:05.024,122.0
2016-04-03,10:04:06.021,122.0
2016-04-03,10:04:07.018,122.0
2016-04-03,10:04:08.016,122.0
2016-04-03,10:04:09.014,122.0
2016-04-03,10:04:10.011,122.0
2016-04-03,10:04:11.008,122.0
2016-04-03,10:04:12.006,121.0
2016-04-03,10:04:13.003,121.0
2016-04-03,10:04:14.001,121.0
2016-04-03,10:04:14.999,121.0
2016-04-03,10:04:15.996,121.0
2016-04-03,10:04:16.993,121.0
2016-04-03,10:04:18.489,120.0
2016-04-03,10:04:19.487,120.0
2016-04-03,10:04:20.484,121.0
2016-04-03,10:04:21.483,122.0
2016-04-03,10:04:22.479,121.0
2016-04-03,10:04:23.477,121.0
2016-04-03,10:04:24.475,121.0
2016-04-03,10:04:24.973,121.0
2016-04-03,10:04:25.971,121.0
2016-04-03,10:04:26.968,122.0
2016-04-03,10:04:27.966,122.0
2016-04-03,10:04:28.963,122.0
2016-04-03,10:04:29.961,123.0
2016-04-03,10:04:30.958,123.0
2016-04-03,10:04:31.956,123.0
2016-04-03,10:04:32.953,123.0
2016-04-03,10:04:33.951,123.0
2016-04-03,10:04:34.948,123.0
2016-04-03,10:04:35.946,123.0
2016-04-03,10:04:36.944,123.0
2016-04-03,10:04:37.943,123.0
2016-04-03,10:04:38.938,123.0
2016-04-03,10:04:39.936,123.0
2016-04-03,10:04:40.934,124.0
2016-04-03,10:04:41.931,124.0
2016-04-03,10:04:42.928,124.0
2016-04-03,10:04:43.927,124.0
2016-04-03,10:04:44.923,124.0
2016-04-03,10:04:45.921,124.0
2016-04-03,10:04:46.918,125.0
2016-04-03,10:04:47.916,125.0
2016-04-03,10:04:48.913,125.0
2016-04-03,10:04:49.911,126.0
2016-04-03,10:04:50.909,126.0
2016-04-03,10:04:52.903,125.0
2016-04-03,10:04:53.901,125.0
2016-04-03,10:04:54.900,125.0
2016-04-03,10:04:55.897,125.0
2016-04-03,10:04:56.898,126.0
2016-04-03,10:04:57.891,126.0
2016-04-03,10:04:58.888,126.0
2016-04-03,10:04:59.887,126.0
2016-04-03,10:05:00.883,125.0
2016-04-03,10:05:01.882,125.0
2016-04-03,10:05:02.380,124.0
2016-04-03,10:05:03.377,123.0
2016-04-03,10:05:04.374,123.0
2016-04-03,10:05:05.372,123.0
2016-04-03,10:05:06.369,124.0
2016-04-03,10:05:07.367,124.0
2016-04-03,10:05:08.863,124.0
2016-04-03,10:05:09.863,125.0
2016-04-03,10:05:10.858,126.0
2016-04-03,10:05:11.856,126.0
2016-04-03,10:05:12.854,126.0
2016-04-03,10:05:13.851,125.0
2016-04-03,10:05:14.848,125.0
2016-04-03,10:05:15.846,125.0
2016-04-03,10:05:16.843,124.0
2016-04-03,10:05:17.841,123.0
2016-04-03,10:05:18.838,122.0
2016-04-03,10:05:19.836,121.0
2016-04-03,10:05:20.833,120.0
2016-04-03,10:05:21.831,119.0
2016-04-03,10:05:22.829,119.0
2016-04-03,10:05:23.826,118.0
2016-04-03,10:05:24.823,118.0
2016-04-03,10:05:25.822,117.0
2016-04-03,10:05:26.818,117.0
2016-04-03,10:05:27.816,117.0
2016-04-03,10:05:28.813,116.0
2016-04-03,10:05:29.811,116.0
2016-04-03,10:05:30.808,115.0
2016-04-03,10:05:31.806,115.0
2016-04-03,10:05:32.803,115.0
2016-04-03,10:05:33.800,115.0
2016-04-03,10:05:34.798,115.0
2016-04-03,10:05:35.796,115.0
2016-04-03,10:05:36.795,116.0
2016-04-03,10:05:37.791,115.0
2016-04-03,10:05:38.788,116.0
2016-04-03,10:05:39.786,116.0
2016-04-03,10:05:40.285,116.0
2016-04-03,10:05:41.282,117.0
2016-04-03,10:05:42.279,117.0
2016-04-03,10:05:43.277,118.0
2016-04-03,10:05:44.275,118.0
2016-04-03,10:05:45.272,118.0
2016-04-03,10:05:46.270,119.0
2016-04-03,10:05:47.267,119.0
2016-04-03,10:05:48.265,119.0
2016-04-03,10:05:49.263,119.0
2016-04-03,10:05:50.259,119.0
2016-04-03,10:05:51.259,119.0
2016-04-03,10:05:52.254,119.0
2016-04-03,10:05:53.252,119.0
2016-04-03,10:05:54.250,119.0
2016-04-03,10:05:55.248,119.0
2016-04-03,10:05:56.244,119.0
2016-04-03,10:05:57.741,119.0
2016-04-03,10:05:58.738,119.0
2016-04-03,10:05:59.736,120.0
2016-04-03,10:06:00.733,120.0
2016-04-03,10:06:01.731,119.0
2016-04-03,10:06:02.728,119.0
2016-04-03,10:06:03.726,119.0
2016-04-03,10:06:04.726,119.0
2016-04-03,10:06:05.721,119.0
2016-04-03,10:06:06.718,118.0
2016-04-03,10:06:07.716,118.0
2016-04-03,10:06:08.713,118.0
2016-04-03,10:06:09.711,118.0
2016-04-03,10:06:10.708,118.0
2016-04-03,10:06:11.706,119.0
2016-04-03,10:06:12.703,118.0
2016-04-03,10:06:13.701,118.0
2016-04-03,10:06:14.699,117.0
2016-04-03,10:06:15.696,117.0
2016-04-03,10:06:16.693,117.0
2016-04-03,10:06:17.691,118.0
2016-04-03,10:06:18.688,118.0
2016-04-03,10:06:19.686,118.0
2016-04-03,10:06:20.683,117.0
2016-04-03,10:06:21.182,117.0
2016-04-03,10:06:22.180,117.0
2016-04-03,10:06:23.178,117.0
2016-04-03,10:06:24.174,117.0
2016-04-03,10:06:25.175,117.0
2016-04-03,10:06:26.170,117.0
2016-04-03,10:06:27.167,117.0
2016-04-03,10:06:28.168,117.0
2016-04-03,10:06:29.162,118.0
2016-04-03,10:06:30.160,118.0
2016-04-03,10:06:31.157,119.0
2016-04-03,10:06:32.156,119.0
2016-04-03,10:06:33.152,119.0
2016-04-03,10:06:34.150,119.0
2016-04-03,10:06:35.147,119.0
2016-04-03,10:06:36.145,119.0
2016-04-03,10:06:37.143,119.0
2016-04-03,10:06:38.139,119.0
2016-04-03,10:06:39.137,119.0
2016-04-03,10:06:40.135,119.0
2016-04-03,10:06:41.133,119.0
2016-04-03,10:06:42.130,119.0
2016-04-03,10:06:43.127,119.0
2016-04-03,10:06:44.125,119.0
2016-04-03,10:06:45.124,119.0
2016-04-03,10:06:46.119,120.0
2016-04-03,10:06:47.117,121.0
2016-04-03,10:06:48.115,121.0
2016-04-03,10:06:49.112,121.0
2016-04-03,10:06:50.110,121.0
2016-04-03,10:06:51.107,120.0
2016-04-03,10:06:52.105,120.0
2016-04-03,10:06:53.102,120.0
2016-04-03,10:06:54.100,120.0
2016-04-03,10:06:55.097,120.0
2016-04-03,10:06:56.094,119.0
2016-04-03,10:06:57.591,119.0
2016-04-03,10:06:58.588,119.0
2016-04-03,10:06:59.586,118.0
2016-04-03,10:07:00.583,118.0
2016-04-03,10:07:01.581,118.0
2016-04-03,10:07:02.578,119.0
2016-04-03,10:07:03.576,119.0
2016-04-03,10:07:04.075,120.0
2016-04-03,10:07:05.072,120.0
2016-04-03,10:07:06.070,120.0
2016-04-03,10:07:07.068,121.0
2016-04-03,10:07:08.065,121.0
2016-04-03,10:07:09.062,121.0
2016-04-03,10:07:10.060,121.0
2016-04-03,10:07:11.057,122.0
2016-04-03,10:07:12.054,122.0
2016-04-03,10:07:13.052,122.0
2016-04-03,10:07:14.050,121.0
2016-04-03,10:07:15.047,121.0
2016-04-03,10:07:16.046,121.0
2016-04-03,10:07:17.043,122.0
2016-04-03,10:07:18.040,122.0
2016-04-03,10:07:19.037,122.0
2016-04-03,10:07:20.035,123.0
2016-04-03,10:07:21.033,124.0
2016-04-03,10:07:22.029,124.0
2016-04-03,10:07:24.025,124.0
2016-04-03,10:07:25.023,124.0
2016-04-03,10:07:26.020,124.0
2016-04-03,10:07:27.516,124.0
2016-04-03,10:07:28.015,125.0
2016-04-03,10:07:29.012,125.0
2016-04-03,10:07:30.009,124.0
2016-04-03,10:07:31.007,124.0
2016-04-03,10:07:32.005,124.0
2016-04-03,10:07:33.002,124.0
2016-04-03,10:07:34.000,124.0
2016-04-03,10:07:34.997,123.0
2016-04-03,10:07:35.995,123.0
2016-04-03,10:07:36.992,124.0
2016-04-03,10:07:37.990,124.0
2016-04-03,10:07:38.989,124.0
2016-04-03,10:07:39.985,125.0
2016-04-03,10:07:40.982,124.0
2016-04-03,10:07:41.980,124.0
2016-04-03,10:07:42.977,123.0
2016-04-03,10:07:43.476,123.0
2016-04-03,10:07:44.473,123.0
2016-04-03,10:07:45.471,123.0
2016-04-03,10:07:46.469,122.0
2016-04-03,10:07:47.466,122.0
2016-04-03,10:07:48.463,122.0
2016-04-03,10:07:49.461,122.0
2016-04-03,10:07:50.458,122.0
2016-04-03,10:07:51.955,121.0
2016-04-03,10:07:52.953,121.0
2016-04-03,10:07:53.950,120.0
2016-04-03,10:07:54.947,120.0
2016-04-03,10:07:55.945,120.0
2016-04-03,10:07:56.942,120.0
2016-04-03,10:07:57.940,120.0
2016-04-03,10:07:58.937,120.0
2016-04-03,10:07:59.936,120.0
2016-04-03,10:08:00.932,120.0
2016-04-03,10:08:01.930,120.0
2016-04-03,10:08:02.928,120.0
2016-04-03,10:08:03.925,120.0
2016-04-03,10:08:04.922,120.0
2016-04-03,10:08:05.920,120.0
2016-04-03,10:08:07.419,120.0
2016-04-03,10:08:07.915,121.0
2016-04-03,10:08:08.912,121.0
2016-04-03,10:08:09.910,121.0
2016-04-03,10:08:10.907,122.0
2016-04-03,10:08:11.905,121.0
2016-04-03,10:08:12.902,121.0
2016-04-03,10:08:13.900,121.0
2016-04-03,10:08:14.897,121.0
2016-04-03,10:08:15.895,121.0
2016-04-03,10:08:16.893,121.0
2016-04-03,10:08:17.890,121.0
2016-04-03,10:08:18.887,120.0
2016-04-03,10:08:19.885,120.0
2016-04-03,10:08:20.882,121.0
2016-04-03,10:08:21.880,121.0
2016-04-03,10:08:22.877,121.0
2016-04-03,10:08:23.875,122.0
2016-04-03,10:08:24.374,122.0
2016-04-03,10:08:25.371,122.0
2016-04-03,10:08:26.369,123.0
2016-04-03,10:08:27.366,123.0
2016-04-03,10:08:28.363,122.0
2016-04-03,10:08:29.361,122.0
2016-04-03,10:08:30.358,122.0
2016-04-03,10:08:31.356,122.0
2016-04-03,10:08:32.353,122.0
2016-04-03,10:08:33.351,122.0
2016-04-03,10:08:34.348,122.0
2016-04-03,10:08:35.346,122.0
2016-04-03,10:08:36.343,122.0
2016-04-03,10:08:37.341,122.0
2016-04-03,10:08:38.338,122.0
2016-04-03,10:08:39.336,122.0
2016-04-03,10:08:40.333,122.0
2016-04-03,10:08:41.331,122.0
2016-04-03,10:08:42.328,121.0
2016-04-03,10:08:43.326,121.0
2016-04-03,10:08:44.822,120.0
2016-04-03,10:08:45.820,120.0
2016-04-03,10:08:46.817,120.0
2016-04-03,10:08:47.816,119.0
2016-04-03,10:08:48.813,120.0
2016-04-03,10:08:49.810,120.0
2016-04-03,10:08:50.807,121.0
2016-04-03,10:08:51.806,121.0
2016-04-03,10:08:52.803,121.0
2016-04-03,10:08:53.800,121.0
2016-04-03,10:08:54.799,121.0
2016-04-03,10:08:55.795,120.0
2016-04-03,10:08:56.794,120.0
2016-04-03,10:08:57.790,119.0
2016-04-03,10:08:58.787,119.0
2016-04-03,10:08:59.785,119.0
2016-04-03,10:09:00.782,118.0
2016-04-03,10:09:01.783,119.0
2016-04-03,10:09:02.777,119.0
2016-04-03,10:09:03.276,119.0
2016-04-03,10:09:04.273,119.0
2016-04-03,10:09:05.271,118.0
2016-04-03,10:09:06.268,118.0
2016-04-03,10:09:07.266,118.0
2016-04-03,10:09:08.264,118.0
2016-04-03,10:09:09.261,119.0
2016-04-03,10:09:10.258,119.0
2016-04-03,10:09:11.257,120.0
2016-04-03,10:09:12.253,120.0
2016-04-03,10:09:13.251,120.0
2016-04-03,10:09:14.248,120.0
2016-04-03,10:09:15.247,121.0
2016-04-03,10:09:16.243,121.0
2016-04-03,10:09:17.241,121.0
2016-04-03,10:09:18.238,121.0
2016-04-03,10:09:19.236,121.0
2016-04-03,10:09:20.234,121.0
2016-04-03,10:09:21.233,121.0
2016-04-03,10:09:22.229,120.0
2016-04-03,10:09:23.226,120.0
2016-04-03,10:09:24.224,120.0
2016-04-03,10:09:25.221,119.0
2016-04-03,10:09:26.219,119.0
2016-04-03,10:09:27.216,119.0
2016-04-03,10:09:28.213,119.0
2016-04-03,10:09:29.211,119.0
2016-04-03,10:09:30.209,119.0
2016-04-03,10:09:31.206,119.0
2016-04-03,10:09:32.203,119.0
2016-04-03,10:09:33.201,118.0
2016-04-03,10:09:34.198,119.0
2016-04-03,10:09:35.220,119.0
2016-04-03,10:09:36.193,119.0
2016-04-03,10:09:37.191,119.0
2016-04-03,10:09:38.188,120.0
2016-04-03,10:09:39.186,120.0
2016-04-03,10:09:40.682,120.0
2016-04-03,10:09:41.679,120.0
2016-04-03,10:09:42.179,120.0
2016-04-03,10:09:43.176,121.0
2016-04-03,10:09:44.174,120.0
2016-04-03,10:09:45.171,120.0
2016-04-03,10:09:46.169,120.0
2016-04-03,10:09:47.171,119.0
2016-04-03,10:09:48.164,119.0
2016-04-03,10:09:49.161,118.0
2016-04-03,10:09:50.159,118.0
2016-04-03,10:09:51.156,118.0
2016-04-03,10:09:52.153,118.0
2016-04-03,10:09:53.151,118.0
2016-04-03,10:09:55.146,118.0
2016-04-03,10:09:56.144,118.0
2016-04-03,10:09:57.141,117.0
2016-04-03,10:09:58.139,117.0
2016-04-03,10:09:59.136,118.0
2016-04-03,10:10:00.133,118.0
2016-04-03,10:10:01.131,118.0
2016-04-03,10:10:02.128,118.0
2016-04-03,10:10:03.127,118.0
2016-04-03,10:10:04.123,118.0
2016-04-03,10:10:05.121,118.0
2016-04-03,10:10:06.119,118.0
2016-04-03,10:10:07.116,119.0
2016-04-03,10:10:08.114,119.0
2016-04-03,10:10:09.111,119.0
2016-04-03,10:10:10.109,119.0
2016-04-03,10:10:11.106,119.0
2016-04-03,10:10:12.103,118.0
2016-04-03,10:10:13.102,118.0
2016-04-03,10:10:14.098,118.0
2016-04-03,10:10:15.096,118.0
2016-04-03,10:10:16.093,117.0
2016-04-03,10:10:17.091,117.0
2016-04-03,10:10:18.089,117.0
2016-04-03,10:10:19.086,117.0
2016-04-03,10:10:20.083,117.0
2016-04-03,10:10:21.081,117.0
2016-04-03,10:10:22.078,117.0
2016-04-03,10:10:22.578,118.0
2016-04-03,10:10:23.579,118.0
2016-04-03,10:10:24.572,118.0
2016-04-03,10:10:25.570,118.0
2016-04-03,10:10:26.567,118.0
2016-04-03,10:10:27.565,118.0
2016-04-03,10:10:28.563,118.0
2016-04-03,10:10:29.560,118.0
2016-04-03,10:10:30.559,118.0
2016-04-03,10:10:31.555,118.0
2016-04-03,10:10:33.051,118.0
2016-04-03,10:10:34.049,118.0
2016-04-03,10:10:35.046,118.0
2016-04-03,10:10:36.043,118.0
2016-04-03,10:10:37.042,118.0
2016-04-03,10:10:38.039,118.0
2016-04-03,10:10:39.036,119.0
2016-04-03,10:10:40.034,119.0
2016-04-03,10:10:41.031,119.0
2016-04-03,10:10:42.029,119.0
2016-04-03,10:10:43.026,119.0
2016-04-03,10:10:44.024,119.0
2016-04-03,10:10:45.021,119.0
2016-04-03,10:10:46.019,120.0
2016-04-03,10:10:47.016,120.0
2016-04-03,10:10:48.013,121.0
2016-04-03,10:10:49.011,121.0
2016-04-03,10:10:50.009,121.0
2016-04-03,10:10:51.006,121.0
2016-04-03,10:10:52.003,120.0
2016-04-03,10:10:53.001,120.0
2016-04-03,10:10:53.999,119.0
2016-04-03,10:10:54.996,119.0
2016-04-03,10:10:55.994,119.0
2016-04-03,10:10:56.991,120.0
2016-04-03,10:10:57.988,120.0
2016-04-03,10:10:58.986,120.0
2016-04-03,10:10:59.983,120.0
2016-04-03,10:11:00.981,121.0
2016-04-03,10:11:01.979,121.0
2016-04-03,10:11:02.976,121.0
2016-04-03,10:11:03.475,121.0
2016-04-03,10:11:04.474,122.0
2016-04-03,10:11:05.470,122.0
2016-04-03,10:11:06.467,122.0
2016-04-03,10:11:07.465,122.0
2016-04-03,10:11:08.462,122.0
2016-04-03,10:11:09.460,122.0
2016-04-03,10:11:10.457,122.0
2016-04-03,10:11:11.454,122.0
2016-04-03,10:11:12.453,121.0
2016-04-03,10:11:13.450,121.0
2016-04-03,10:11:14.447,121.0
2016-04-03,10:11:15.445,121.0
2016-04-03,10:11:16.442,121.0
2016-04-03,10:11:17.440,122.0
2016-04-03,10:11:18.437,122.0
2016-04-03,10:11:19.434,122.0
2016-04-03,10:11:20.432,122.0
2016-04-03,10:11:21.429,122.0
2016-04-03,10:11:22.427,122.0
2016-04-03,10:11:23.426,122.0
2016-04-03,10:11:24.423,122.0
2016-04-03,10:11:25.420,121.0
2016-04-03,10:11:27.415,121.0
2016-04-03,10:11:27.913,121.0
2016-04-03,10:11:28.911,122.0
2016-04-03,10:11:29.909,122.0
2016-04-03,10:11:30.906,123.0
2016-04-03,10:11:31.904,123.0
2016-04-03,10:11:32.901,124.0
2016-04-03,10:11:33.899,124.0
2016-04-03,10:11:34.896,124.0
2016-04-03,10:11:35.894,123.0
2016-04-03,10:11:36.892,121.0
2016-04-03,10:11:37.888,120.0
2016-04-03,10:11:38.886,119.0
2016-04-03,10:11:39.385,118.0
2016-04-03,10:11:40.383,118.0
2016-04-03,10:11:41.381,117.0
2016-04-03,10:11:42.378,117.0
2016-04-03,10:11:43.374,117.0
2016-04-03,10:11:44.372,117.0
2016-04-03,10:11:45.371,118.0
2016-04-03,10:11:46.368,118.0
2016-04-03,10:11:47.366,118.0
2016-04-03,10:11:48.363,118.0
2016-04-03,10:11:49.360,119.0
2016-04-03,10:11:50.357,119.0
2016-04-03,10:11:51.354,119.0
2016-04-03,10:11:52.352,119.0
2016-04-03,10:11:53.350,119.0
2016-04-03,10:11:54.347,119.0
2016-04-03,10:11:55.345,119.0
2016-04-03,10:11:56.342,119.0
2016-04-03,10:11:57.339,120.0
2016-04-03,10:11:58.337,120.0
2016-04-03,10:11:59.334,120.0
2016-04-03,10:12:00.332,120.0
2016-04-03,10:12:01.330,119.0
2016-04-03,10:12:02.327,120.0
2016-04-03,10:12:03.324,120.0
2016-04-03,10:12:04.322,120.0
2016-04-03,10:12:05.321,120.0
2016-04-03,10:12:06.317,120.0
2016-04-03,10:12:07.314,121.0
2016-04-03,10:12:08.312,121.0
2016-04-03,10:12:09.309,121.0
2016-04-03,10:12:10.307,121.0
2016-04-03,10:12:11.304,121.0
2016-04-03,10:12:12.302,121.0
2016-04-03,10:12:13.299,121.0
2016-04-03,10:12:14.297,121.0
2016-04-03,10:12:15.295,121.0
2016-04-03,10:12:16.292,121.0
2016-04-03,10:12:17.289,121.0
2016-04-03,10:12:18.288,121.0
2016-04-03,10:12:19.285,121.0
2016-04-03,10:12:20.283,120.0
2016-04-03,10:12:21.280,120.0
2016-04-03,10:12:22.277,120.0
2016-04-03,10:12:23.275,120.0
2016-04-03,10:12:24.272,120.0
2016-04-03,10:12:25.269,120.0
2016-04-03,10:12:27.268,120.0
2016-04-03,10:12:28.263,120.0
2016-04-03,10:12:29.260,120.0
2016-04-03,10:12:30.257,120.0
2016-04-03,10:12:31.254,120.0
2016-04-03,10:12:32.252,120.0
2016-04-03,10:12:33.250,120.0
2016-04-03,10:12:34.247,120.0
2016-04-03,10:12:35.245,120.0
2016-04-03,10:12:36.242,120.0
2016-04-03,10:12:37.239,120.0
2016-04-03,10:12:38.237,119.0
2016-04-03,10:12:39.235,119.0
2016-04-03,10:12:40.235,119.0
2016-04-03,10:12:41.230,118.0
2016-04-03,10:12:42.227,118.0
2016-04-03,10:12:43.225,118.0
2016-04-03,10:12:44.224,118.0
2016-04-03,10:12:45.220,118.0
2016-04-03,10:12:46.218,119.0
2016-04-03,10:12:47.215,119.0
2016-04-03,10:12:48.212,119.0
2016-04-03,10:12:49.209,119.0
2016-04-03,10:12:50.207,119.0
2016-04-03,10:12:51.205,119.0
2016-04-03,10:12:52.202,118.0
2016-04-03,10:12:53.200,118.0
2016-04-03,10:12:54.198,118.0
2016-04-03,10:12:55.195,118.0
2016-04-03,10:12:56.192,119.0
2016-04-03,10:12:57.191,119.0
2016-04-03,10:12:58.187,119.0
2016-04-03,10:12:59.185,119.0
2016-04-03,10:13:00.182,119.0
2016-04-03,10:13:01.180,120.0
2016-04-03,10:13:01.679,120.0
2016-04-03,10:13:02.676,121.0
2016-04-03,10:13:03.674,121.0
2016-04-03,10:13:04.672,122.0
2016-04-03,10:13:05.668,122.0
2016-04-03,10:13:06.667,121.0
2016-04-03,10:13:07.663,121.0
2016-04-03,10:13:08.662,121.0
2016-04-03,10:13:09.658,121.0
2016-04-03,10:13:10.656,120.0
2016-04-03,10:13:11.654,120.0
2016-04-03,10:13:12.651,120.0
2016-04-03,10:13:13.649,120.0
2016-04-03,10:13:15.145,120.0
2016-04-03,10:13:16.142,121.0
2016-04-03,10:13:17.140,121.0
2016-04-03,10:13:18.137,121.0
2016-04-03,10:13:19.134,122.0
2016-04-03,10:13:20.134,122.0
2016-04-03,10:13:21.130,123.0
2016-04-03,10:13:22.127,123.0
2016-04-03,10:13:23.125,122.0
2016-04-03,10:13:24.122,122.0
2016-04-03,10:13:25.120,122.0
2016-04-03,10:13:26.117,121.0
2016-04-03,10:13:27.115,120.0
2016-04-03,10:13:28.112,120.0
2016-04-03,10:13:29.110,119.0
2016-04-03,10:13:30.107,119.0
2016-04-03,10:13:31.104,119.0
2016-04-03,10:13:32.102,119.0
2016-04-03,10:13:33.100,120.0
2016-04-03,10:13:34.097,120.0
2016-04-03,10:13:35.096,120.0
2016-04-03,10:13:36.092,120.0
2016-04-03,10:13:37.090,120.0
2016-04-03,10:13:38.087,120.0
2016-04-03,10:13:39.085,120.0
2016-04-03,10:13:40.083,120.0
2016-04-03,10:13:41.082,121.0
2016-04-03,10:13:41.579,122.0
2016-04-03,10:13:42.576,122.0
2016-04-03,10:13:43.574,123.0
2016-04-03,10:13:44.571,123.0
2016-04-03,10:13:45.569,123.0
2016-04-03,10:13:46.568,123.0
2016-04-03,10:13:47.563,123.0
2016-04-03,10:13:48.561,122.0
2016-04-03,10:13:49.559,122.0
2016-04-03,10:13:50.556,121.0
2016-04-03,10:13:51.554,120.0
2016-04-03,10:13:52.551,120.0
2016-04-03,10:13:53.548,119.0
2016-04-03,10:13:54.548,119.0
2016-04-03,10:13:55.544,119.0
2016-04-03,10:13:56.542,119.0
2016-04-03,10:13:57.538,119.0
2016-04-03,10:13:58.536,120.0
2016-04-03,10:13:59.533,120.0
2016-04-03,10:14:00.531,120.0
2016-04-03,10:14:01.529,119.0
2016-04-03,10:14:02.526,119.0
2016-04-03,10:14:03.524,119.0
2016-04-03,10:14:04.522,119.0
2016-04-03,10:14:05.519,119.0
2016-04-03,10:14:06.516,120.0
2016-04-03,10:14:08.012,120.0
2016-04-03,10:14:09.010,120.0
2016-04-03,10:14:10.008,121.0
2016-04-03,10:14:11.005,121.0
2016-04-03,10:14:12.002,122.0
2016-04-03,10:14:13.000,122.0
2016-04-03,10:14:13.997,122.0
2016-04-03,10:14:14.996,122.0
2016-04-03,10:14:15.992,121.0
2016-04-03,10:14:16.990,121.0
2016-04-03,10:14:17.988,120.0
2016-04-03,10:14:18.985,120.0
2016-04-03,10:14:19.983,120.0
2016-04-03,10:14:20.481,121.0
2016-04-03,10:14:21.480,121.0
2016-04-03,10:14:22.476,121.0
2016-04-03,10:14:23.473,121.0
2016-04-03,10:14:24.471,121.0
2016-04-03,10:14:25.468,122.0
2016-04-03,10:14:26.466,122.0
2016-04-03,10:14:27.463,121.0
2016-04-03,10:14:28.461,122.0
2016-04-03,10:14:29.458,122.0
2016-04-03,10:14:30.456,122.0
2016-04-03,10:14:31.454,122.0
2016-04-03,10:14:32.451,122.0
2016-04-03,10:14:33.448,123.0
2016-04-03,10:14:34.446,124.0
2016-04-03,10:14:35.444,124.0
2016-04-03,10:14:36.441,124.0
2016-04-03,10:14:37.438,124.0
2016-04-03,10:14:38.436,125.0
2016-04-03,10:14:39.433,125.0
2016-04-03,10:14:40.431,124.0
2016-04-03,10:14:41.428,124.0
2016-04-03,10:14:42.426,124.0
2016-04-03,10:14:43.423,123.0
2016-04-03,10:14:44.421,123.0
2016-04-03,10:14:45.419,122.0
2016-04-03,10:14:46.416,122.0
2016-04-03,10:14:47.414,122.0
2016-04-03,10:14:48.411,122.0
2016-04-03,10:14:49.408,122.0
2016-04-03,10:14:50.406,122.0
2016-04-03,10:14:51.404,122.0
2016-04-03,10:14:52.401,122.0
2016-04-03,10:14:53.398,122.0
2016-04-03,10:14:54.396,123.0
2016-04-03,10:14:55.393,123.0
2016-04-03,10:14:56.391,123.0
2016-04-03,10:14:57.389,124.0
2016-04-03,10:14:58.386,124.0
2016-04-03,10:14:59.383,124.0
2016-04-03,10:15:00.880,124.0
2016-04-03,10:15:02.376,124.0
2016-04-03,10:15:03.373,124.0
2016-04-03,10:15:04.371,124.0
2016-04-03,10:15:05.368,123.0
2016-04-03,10:15:06.366,123.0
2016-04-03,10:15:07.363,122.0
2016-04-03,10:15:08.361,122.0
2016-04-03,10:15:09.358,121.0
2016-04-03,10:15:10.357,121.0
2016-04-03,10:15:11.353,121.0
2016-04-03,10:15:12.351,121.0
2016-04-03,10:15:13.351,121.0
2016-04-03,10:15:14.346,121.0
2016-04-03,10:15:15.343,121.0
2016-04-03,10:15:16.341,121.0
2016-04-03,10:15:17.338,121.0
2016-04-03,10:15:18.336,121.0
2016-04-03,10:15:19.334,122.0
2016-04-03,10:15:20.331,121.0
2016-04-03,10:15:21.328,121.0
2016-04-03,10:15:22.326,121.0
2016-04-03,10:15:23.323,120.0
2016-04-03,10:15:24.323,120.0
2016-04-03,10:15:25.318,120.0
2016-04-03,10:15:26.316,120.0
2016-04-03,10:15:27.313,119.0
2016-04-03,10:15:28.311,120.0
2016-04-03,10:15:29.309,120.0
2016-04-03,10:15:30.307,120.0
2016-04-03,10:15:31.303,120.0
2016-04-03,10:15:32.301,120.0
2016-04-03,10:15:33.298,120.0
2016-04-03,10:15:34.296,120.0
2016-04-03,10:15:35.293,120.0
2016-04-03,10:15:36.291,121.0
2016-04-03,10:15:36.789,121.0
2016-04-03,10:15:37.787,122.0
2016-04-03,10:15:38.784,122.0
2016-04-03,10:15:39.782,122.0
2016-04-03,10:15:40.780,122.0
2016-04-03,10:15:41.778,122.0
2016-04-03,10:15:42.775,121.0
2016-04-03,10:15:43.773,121.0
2016-04-03,10:15:44.770,120.0
2016-04-03,10:15:45.767,120.0
2016-04-03,10:15:46.765,120.0
2016-04-03,10:15:48.261,120.0
2016-04-03,10:15:49.259,119.0
2016-04-03,10:15:50.257,119.0
2016-04-03,10:15:51.254,118.0
2016-04-03,10:15:52.253,118.0
2016-04-03,10:15:53.248,118.0
2016-04-03,10:15:54.246,117.0
2016-04-03,10:15:55.244,117.0
2016-04-03,10:15:56.243,116.0
2016-04-03,10:15:57.238,116.0
2016-04-03,10:15:58.236,116.0
2016-04-03,10:15:59.234,117.0
2016-04-03,10:16:00.231,117.0
2016-04-03,10:16:01.229,117.0
2016-04-03,10:16:02.226,117.0
2016-04-03,10:16:03.224,117.0
2016-04-03,10:16:04.221,117.0
2016-04-03,10:16:05.219,117.0
2016-04-03,10:16:06.216,118.0
2016-04-03,10:16:07.213,118.0
2016-04-03,10:16:08.211,118.0
2016-04-03,10:16:09.209,118.0
2016-04-03,10:16:10.206,118.0
2016-04-03,10:16:11.205,118.0
2016-04-03,10:16:12.201,118.0
2016-04-03,10:16:13.200,118.0
2016-04-03,10:16:14.196,118.0
2016-04-03,10:16:15.194,118.0
2016-04-03,10:16:15.694,118.0
2016-04-03,10:16:16.690,118.0
2016-04-03,10:16:17.687,119.0
2016-04-03,10:16:18.684,119.0
2016-04-03,10:16:19.682,119.0
2016-04-03,10:16:20.680,119.0
2016-04-03,10:16:21.677,120.0
2016-04-03,10:16:22.675,120.0
2016-04-03,10:16:23.673,120.0
2016-04-03,10:16:24.670,121.0
2016-04-03,10:16:25.667,121.0
2016-04-03,10:16:26.665,121.0
2016-04-03,10:16:27.662,121.0
2016-04-03,10:16:28.660,121.0
2016-04-03,10:16:29.657,121.0
2016-04-03,10:16:30.655,121.0
2016-04-03,10:16:31.653,121.0
2016-04-03,10:16:32.650,120.0
2016-04-03,10:16:33.650,120.0
2016-04-03,10:16:34.645,120.0
2016-04-03,10:16:35.642,120.0
2016-04-03,10:16:36.640,120.0
2016-04-03,10:16:37.637,120.0
2016-04-03,10:16:38.637,120.0
2016-04-03,10:16:39.632,121.0
2016-04-03,10:16:40.630,121.0
2016-04-03,10:16:41.628,122.0
2016-04-03,10:16:43.123,122.0
2016-04-03,10:16:44.121,122.0
2016-04-03,10:16:45.119,122.0
2016-04-03,10:16:46.116,122.0
2016-04-03,10:16:47.114,122.0
2016-04-03,10:16:48.111,122.0
2016-04-03,10:16:49.109,121.0
2016-04-03,10:16:50.106,121.0
2016-04-03,10:16:51.104,121.0
2016-04-03,10:16:52.102,121.0
2016-04-03,10:16:53.098,121.0
2016-04-03,10:16:53.597,121.0
2016-04-03,10:16:54.595,121.0
2016-04-03,10:16:55.592,122.0
2016-04-03,10:16:56.590,122.0
2016-04-03,10:16:57.589,122.0
2016-04-03,10:16:58.585,122.0
2016-04-03,10:16:59.583,122.0
2016-04-03,10:17:00.580,121.0
2016-04-03,10:17:01.577,120.0
2016-04-03,10:17:02.575,119.0
2016-04-03,10:17:03.572,119.0
2016-04-03,10:17:04.570,118.0
2016-04-03,10:17:05.567,119.0
2016-04-03,10:17:06.566,119.0
2016-04-03,10:17:07.562,120.0
2016-04-03,10:17:08.560,120.0
2016-04-03,10:17:09.557,120.0
2016-04-03,10:17:10.555,120.0
2016-04-03,10:17:11.553,121.0
2016-04-03,10:17:12.550,121.0
2016-04-03,10:17:13.547,121.0
2016-04-03,10:17:14.545,121.0
2016-04-03,10:17:15.542,121.0
2016-04-03,10:17:16.540,121.0
2016-04-03,10:17:17.537,121.0
2016-04-03,10:17:18.535,121.0
2016-04-03,10:17:19.533,121.0
2016-04-03,10:17:20.530,121.0
2016-04-03,10:17:21.528,121.0
2016-04-03,10:17:22.525,121.0
2016-04-03,10:17:23.522,121.0
2016-04-03,10:17:24.520,121.0
2016-04-03,10:17:25.518,121.0
2016-04-03,10:17:26.516,121.0
2016-04-03,10:17:27.513,122.0
2016-04-03,10:17:28.510,122.0
2016-04-03,10:17:29.507,121.0
2016-04-03,10:17:30.505,121.0
2016-04-03,10:17:31.502,120.0
2016-04-03,10:17:32.501,120.0
2016-04-03,10:17:33.498,119.0
2016-04-03,10:17:34.495,119.0
2016-04-03,10:17:35.493,119.0
2016-04-03,10:17:37.986,119.0
2016-04-03,10:17:38.485,119.0
2016-04-03,10:17:39.482,119.0
2016-04-03,10:17:40.480,119.0
2016-04-03,10:17:41.477,119.0
2016-04-03,10:17:42.475,119.0
2016-04-03,10:17:43.472,118.0
2016-04-03,10:17:44.470,117.0
2016-04-03,10:17:45.467,116.0
2016-04-03,10:17:46.465,116.0
2016-04-03,10:17:47.463,116.0
2016-04-03,10:17:48.460,117.0
2016-04-03,10:17:49.458,117.0
2016-04-03,10:17:50.455,117.0
2016-04-03,10:17:51.452,117.0
2016-04-03,10:17:52.450,117.0
